0 verbose cli /usr/local/bin/node /usr/local/bin/npm
1 info using npm@11.6.2
2 info using node@v24.11.1
3 silly config load:file:/usr/local/lib/node_modules/npm/npmrc
4 silly config load:file:/Users/sagar/Desktop/Everything else/Startup/ripple-MVP/.npmrc
5 silly config load:file:/Users/sagar/.npmrc
6 silly config load:file:/usr/local/etc/npmrc
7 verbose title npm install
8 verbose argv "install"
9 verbose logfile logs-max:10 dir:/Users/sagar/Desktop/Everything else/Startup/ripple-MVP/.npm-cache/_logs/2025-11-17T10_31_06_127Z-
10 verbose logfile /Users/sagar/Desktop/Everything else/Startup/ripple-MVP/.npm-cache/_logs/2025-11-17T10_31_06_127Z-debug-0.log
11 silly logfile done cleaning log files
12 silly packumentCache heap:4496293888 maxSize:1124073472 maxEntrySize:562036736
13 silly idealTree buildDeps
14 silly fetch manifest @supabase/supabase-js@^2.47.1
15 silly packumentCache full:https://registry.npmjs.org/@supabase%2fsupabase-js cache-miss
16 http fetch GET 200 https://registry.npmjs.org/@supabase%2fsupabase-js 412ms (cache miss)
17 silly packumentCache full:https://registry.npmjs.org/@supabase%2fsupabase-js set size:undefined disposed:false
18 silly fetch manifest next@14.2.5
19 silly packumentCache full:https://registry.npmjs.org/next cache-miss
20 http fetch GET 200 https://registry.npmjs.org/next 379ms (cache miss)
21 silly packumentCache full:https://registry.npmjs.org/next set size:undefined disposed:false
22 silly fetch manifest @opentelemetry/api@^1.1.0
23 silly packumentCache full:https://registry.npmjs.org/@opentelemetry%2fapi cache-miss
24 http fetch GET 200 https://registry.npmjs.org/@opentelemetry%2fapi 401ms (cache miss)
25 silly packumentCache full:https://registry.npmjs.org/@opentelemetry%2fapi set size:undefined disposed:false
26 silly fetch manifest @playwright/test@^1.41.2
27 silly packumentCache full:https://registry.npmjs.org/@playwright%2ftest cache-miss
28 http fetch GET 200 https://registry.npmjs.org/@playwright%2ftest 389ms (cache miss)
29 silly packumentCache full:https://registry.npmjs.org/@playwright%2ftest set size:undefined disposed:false
30 silly fetch manifest react@18.3.1
31 silly packumentCache full:https://registry.npmjs.org/react cache-miss
32 http fetch GET 200 https://registry.npmjs.org/react 288ms (cache miss)
33 silly packumentCache full:https://registry.npmjs.org/react set size:undefined disposed:false
34 silly fetch manifest react-dom@18.3.1
35 silly packumentCache full:https://registry.npmjs.org/react-dom cache-miss
36 http fetch GET 200 https://registry.npmjs.org/react-dom 318ms (cache miss)
37 silly packumentCache full:https://registry.npmjs.org/react-dom set size:undefined disposed:false
38 silly fetch manifest sass@^1.3.0
39 silly packumentCache full:https://registry.npmjs.org/sass cache-miss
40 http fetch GET 200 https://registry.npmjs.org/sass 71ms (cache miss)
41 silly packumentCache full:https://registry.npmjs.org/sass set size:undefined disposed:false
42 silly fetch manifest @types/node@^20.17.5
43 silly packumentCache full:https://registry.npmjs.org/@types%2fnode cache-miss
44 http fetch GET 200 https://registry.npmjs.org/@types%2fnode 364ms (cache miss)
45 silly packumentCache full:https://registry.npmjs.org/@types%2fnode set size:undefined disposed:false
46 silly fetch manifest @types/react@^18.3.12
47 silly packumentCache full:https://registry.npmjs.org/@types%2freact cache-miss
48 http fetch GET 200 https://registry.npmjs.org/@types%2freact 119ms (cache miss)
49 silly packumentCache full:https://registry.npmjs.org/@types%2freact set size:undefined disposed:false
50 silly fetch manifest @types/react-dom@^18.3.3
51 silly packumentCache full:https://registry.npmjs.org/@types%2freact-dom cache-miss
52 http fetch GET 200 https://registry.npmjs.org/@types%2freact-dom 68ms (cache miss)
53 silly packumentCache full:https://registry.npmjs.org/@types%2freact-dom set size:undefined disposed:false
54 silly fetch manifest autoprefixer@^10.4.19
55 silly packumentCache full:https://registry.npmjs.org/autoprefixer cache-miss
56 http fetch GET 200 https://registry.npmjs.org/autoprefixer 64ms (cache miss)
57 silly packumentCache full:https://registry.npmjs.org/autoprefixer set size:undefined disposed:false
58 silly fetch manifest postcss@^8.4.47
59 silly packumentCache full:https://registry.npmjs.org/postcss cache-miss
60 http fetch GET 200 https://registry.npmjs.org/postcss 77ms (cache miss)
61 silly packumentCache full:https://registry.npmjs.org/postcss set size:undefined disposed:false
62 silly fetch manifest eslint@^8.57.1
63 silly packumentCache full:https://registry.npmjs.org/eslint cache-miss
64 http fetch GET 200 https://registry.npmjs.org/eslint 94ms (cache miss)
65 silly packumentCache full:https://registry.npmjs.org/eslint set size:undefined disposed:false
66 silly fetch manifest eslint-config-next@14.2.5
67 silly packumentCache full:https://registry.npmjs.org/eslint-config-next cache-miss
68 http fetch GET 200 https://registry.npmjs.org/eslint-config-next 286ms (cache miss)
69 silly packumentCache full:https://registry.npmjs.org/eslint-config-next set size:undefined disposed:false
70 silly fetch manifest typescript@^5.6.3
71 silly packumentCache full:https://registry.npmjs.org/typescript cache-miss
72 http fetch GET 200 https://registry.npmjs.org/typescript 421ms (cache miss)
73 silly packumentCache full:https://registry.npmjs.org/typescript set size:undefined disposed:false
74 silly fetch manifest tailwindcss@^3.4.14
75 silly packumentCache full:https://registry.npmjs.org/tailwindcss cache-miss
76 http fetch GET 200 https://registry.npmjs.org/tailwindcss 270ms (cache miss)
77 silly packumentCache full:https://registry.npmjs.org/tailwindcss set size:undefined disposed:false
78 silly placeDep ROOT @supabase/supabase-js@2.81.1 OK for: ripple-mvp@0.1.0 want: ^2.47.1
79 silly placeDep ROOT @types/node@20.19.25 OK for: ripple-mvp@0.1.0 want: ^20.17.5
80 silly placeDep ROOT @types/react@18.3.26 OK for: ripple-mvp@0.1.0 want: ^18.3.12
81 silly placeDep ROOT @types/react-dom@18.3.7 OK for: ripple-mvp@0.1.0 want: ^18.3.3
82 silly placeDep ROOT autoprefixer@10.4.22 OK for: ripple-mvp@0.1.0 want: ^10.4.19
83 silly placeDep ROOT postcss@8.5.6 OK for: autoprefixer@10.4.22 want: ^8.1.0
84 silly placeDep ROOT eslint@8.57.1 OK for: ripple-mvp@0.1.0 want: ^8.57.1
85 silly placeDep ROOT eslint-config-next@14.2.5 OK for: ripple-mvp@0.1.0 want: 14.2.5
86 silly placeDep ROOT next@14.2.5 OK for: ripple-mvp@0.1.0 want: 14.2.5
87 silly placeDep ROOT react@18.3.1 OK for: next@14.2.5 want: ^18.2.0
88 silly placeDep ROOT react-dom@18.3.1 OK for: next@14.2.5 want: ^18.2.0
89 silly placeDep ROOT tailwindcss@3.4.18 OK for: ripple-mvp@0.1.0 want: ^3.4.14
90 silly placeDep ROOT typescript@5.9.3 OK for: ripple-mvp@0.1.0 want: ^5.6.3
91 silly fetch manifest @supabase/auth-js@2.81.1
92 silly packumentCache full:https://registry.npmjs.org/@supabase%2fauth-js cache-miss
93 silly fetch manifest @supabase/storage-js@2.81.1
94 silly packumentCache full:https://registry.npmjs.org/@supabase%2fstorage-js cache-miss
95 silly fetch manifest @supabase/realtime-js@2.81.1
96 silly packumentCache full:https://registry.npmjs.org/@supabase%2frealtime-js cache-miss
97 silly fetch manifest @supabase/functions-js@2.81.1
98 silly packumentCache full:https://registry.npmjs.org/@supabase%2ffunctions-js cache-miss
99 silly fetch manifest @supabase/postgrest-js@2.81.1
100 silly packumentCache full:https://registry.npmjs.org/@supabase%2fpostgrest-js cache-miss
101 silly fetch manifest undici-types@~6.21.0
102 silly packumentCache full:https://registry.npmjs.org/undici-types cache-miss
103 silly fetch manifest csstype@^3.0.2
104 silly packumentCache full:https://registry.npmjs.org/csstype cache-miss
105 silly fetch manifest @types/prop-types@*
106 silly packumentCache full:https://registry.npmjs.org/@types%2fprop-types cache-miss
107 silly fetch manifest browserslist@^4.27.0
108 silly packumentCache full:https://registry.npmjs.org/browserslist cache-miss
109 http fetch GET 200 https://registry.npmjs.org/browserslist 101ms (cache miss)
110 silly packumentCache full:https://registry.npmjs.org/browserslist set size:undefined disposed:false
111 silly fetch manifest caniuse-lite@^1.0.30001754
112 silly packumentCache full:https://registry.npmjs.org/caniuse-lite cache-miss
113 http fetch GET 200 https://registry.npmjs.org/undici-types 114ms (cache miss)
114 silly packumentCache full:https://registry.npmjs.org/undici-types set size:undefined disposed:false
115 silly fetch manifest fraction.js@^5.3.4
116 silly packumentCache full:https://registry.npmjs.org/fraction.js cache-miss
117 http fetch GET 200 https://registry.npmjs.org/csstype 124ms (cache miss)
118 silly packumentCache full:https://registry.npmjs.org/csstype set size:undefined disposed:false
119 silly fetch manifest normalize-range@^0.1.2
120 silly packumentCache full:https://registry.npmjs.org/normalize-range cache-miss
121 http fetch GET 200 https://registry.npmjs.org/fraction.js 34ms (cache miss)
122 silly packumentCache full:https://registry.npmjs.org/fraction.js set size:undefined disposed:false
123 silly fetch manifest picocolors@^1.1.1
124 silly packumentCache full:https://registry.npmjs.org/picocolors cache-miss
125 http fetch GET 200 https://registry.npmjs.org/normalize-range 42ms (cache miss)
126 silly packumentCache full:https://registry.npmjs.org/normalize-range set size:undefined disposed:false
127 silly fetch manifest postcss-value-parser@^4.2.0
128 silly packumentCache full:https://registry.npmjs.org/postcss-value-parser cache-miss
129 http fetch GET 200 https://registry.npmjs.org/picocolors 68ms (cache miss)
130 silly packumentCache full:https://registry.npmjs.org/picocolors set size:undefined disposed:false
131 silly fetch manifest nanoid@^3.3.11
132 silly packumentCache full:https://registry.npmjs.org/nanoid cache-miss
133 http fetch GET 200 https://registry.npmjs.org/postcss-value-parser 87ms (cache miss)
134 silly packumentCache full:https://registry.npmjs.org/postcss-value-parser set size:undefined disposed:false
135 silly fetch manifest source-map-js@^1.2.1
136 silly packumentCache full:https://registry.npmjs.org/source-map-js cache-miss
137 http fetch GET 200 https://registry.npmjs.org/nanoid 73ms (cache miss)
138 silly packumentCache full:https://registry.npmjs.org/nanoid set size:undefined disposed:false
139 silly fetch manifest ajv@^6.12.4
140 silly packumentCache full:https://registry.npmjs.org/ajv cache-miss
141 http fetch GET 200 https://registry.npmjs.org/caniuse-lite 194ms (cache miss)
142 silly packumentCache full:https://registry.npmjs.org/caniuse-lite set size:undefined disposed:false
143 silly fetch manifest levn@^0.4.1
144 silly packumentCache full:https://registry.npmjs.org/levn cache-miss
145 http fetch GET 200 https://registry.npmjs.org/source-map-js 49ms (cache miss)
146 silly packumentCache full:https://registry.npmjs.org/source-map-js set size:undefined disposed:false
147 silly fetch manifest chalk@^4.0.0
148 silly packumentCache full:https://registry.npmjs.org/chalk cache-miss
149 http fetch GET 200 https://registry.npmjs.org/levn 54ms (cache miss)
150 silly packumentCache full:https://registry.npmjs.org/levn set size:undefined disposed:false
151 silly fetch manifest debug@^4.3.2
152 silly packumentCache full:https://registry.npmjs.org/debug cache-miss
153 http fetch GET 200 https://registry.npmjs.org/ajv 76ms (cache miss)
154 silly packumentCache full:https://registry.npmjs.org/ajv set size:undefined disposed:false
155 silly fetch manifest espree@^9.6.1
156 silly packumentCache full:https://registry.npmjs.org/espree cache-miss
157 http fetch GET 200 https://registry.npmjs.org/chalk 72ms (cache miss)
158 silly packumentCache full:https://registry.npmjs.org/chalk set size:undefined disposed:false
159 silly fetch manifest ignore@^5.2.0
160 silly packumentCache full:https://registry.npmjs.org/ignore cache-miss
161 http fetch GET 200 https://registry.npmjs.org/debug 56ms (cache miss)
162 silly packumentCache full:https://registry.npmjs.org/debug set size:undefined disposed:false
163 silly fetch manifest esquery@^1.4.2
164 silly packumentCache full:https://registry.npmjs.org/esquery cache-miss
165 http fetch GET 200 https://registry.npmjs.org/espree 51ms (cache miss)
166 silly packumentCache full:https://registry.npmjs.org/espree set size:undefined disposed:false
167 silly fetch manifest esutils@^2.0.2
168 silly packumentCache full:https://registry.npmjs.org/esutils cache-miss
169 http fetch GET 200 https://registry.npmjs.org/ignore 58ms (cache miss)
170 silly packumentCache full:https://registry.npmjs.org/ignore set size:undefined disposed:false
171 silly fetch manifest find-up@^5.0.0
172 silly packumentCache full:https://registry.npmjs.org/find-up cache-miss
173 http fetch GET 200 https://registry.npmjs.org/esquery 36ms (cache miss)
174 silly packumentCache full:https://registry.npmjs.org/esquery set size:undefined disposed:false
175 silly fetch manifest globals@^13.19.0
176 silly packumentCache full:https://registry.npmjs.org/globals cache-miss
177 http fetch GET 200 https://registry.npmjs.org/esutils 40ms (cache miss)
178 silly packumentCache full:https://registry.npmjs.org/esutils set size:undefined disposed:false
179 silly fetch manifest is-glob@^4.0.0
180 silly packumentCache full:https://registry.npmjs.org/is-glob cache-miss
181 http fetch GET 200 https://registry.npmjs.org/find-up 34ms (cache miss)
182 silly packumentCache full:https://registry.npmjs.org/find-up set size:undefined disposed:false
183 silly fetch manifest js-yaml@^4.1.0
184 silly packumentCache full:https://registry.npmjs.org/js-yaml cache-miss
185 http fetch GET 200 https://registry.npmjs.org/globals 42ms (cache miss)
186 silly packumentCache full:https://registry.npmjs.org/globals set size:undefined disposed:false
187 silly fetch manifest doctrine@^3.0.0
188 silly packumentCache full:https://registry.npmjs.org/doctrine cache-miss
189 http fetch GET 200 https://registry.npmjs.org/js-yaml 40ms (cache miss)
190 silly packumentCache full:https://registry.npmjs.org/js-yaml set size:undefined disposed:false
191 silly fetch manifest graphemer@^1.4.0
192 silly packumentCache full:https://registry.npmjs.org/graphemer cache-miss
193 http fetch GET 200 https://registry.npmjs.org/is-glob 45ms (cache miss)
194 silly packumentCache full:https://registry.npmjs.org/is-glob set size:undefined disposed:false
195 silly fetch manifest minimatch@^3.1.2
196 silly packumentCache full:https://registry.npmjs.org/minimatch cache-miss
197 http fetch GET 200 https://registry.npmjs.org/doctrine 30ms (cache miss)
198 silly packumentCache full:https://registry.npmjs.org/doctrine set size:undefined disposed:false
199 silly fetch manifest @eslint/js@8.57.1
200 silly packumentCache full:https://registry.npmjs.org/@eslint%2fjs cache-miss
201 http fetch GET 200 https://registry.npmjs.org/graphemer 30ms (cache miss)
202 silly packumentCache full:https://registry.npmjs.org/graphemer set size:undefined disposed:false
203 silly fetch manifest optionator@^0.9.3
204 silly packumentCache full:https://registry.npmjs.org/optionator cache-miss
205 http fetch GET 200 https://registry.npmjs.org/minimatch 53ms (cache miss)
206 silly packumentCache full:https://registry.npmjs.org/minimatch set size:undefined disposed:false
207 silly fetch manifest strip-ansi@^6.0.1
208 silly packumentCache full:https://registry.npmjs.org/strip-ansi cache-miss
209 http fetch GET 200 https://registry.npmjs.org/optionator 37ms (cache miss)
210 silly packumentCache full:https://registry.npmjs.org/optionator set size:undefined disposed:false
211 silly fetch manifest text-table@^0.2.0
212 silly packumentCache full:https://registry.npmjs.org/text-table cache-miss
213 http fetch GET 200 https://registry.npmjs.org/strip-ansi 34ms (cache miss)
214 silly packumentCache full:https://registry.npmjs.org/strip-ansi set size:undefined disposed:false
215 silly fetch manifest cross-spawn@^7.0.2
216 silly packumentCache full:https://registry.npmjs.org/cross-spawn cache-miss
217 http fetch GET 200 https://registry.npmjs.org/text-table 31ms (cache miss)
218 silly packumentCache full:https://registry.npmjs.org/text-table set size:undefined disposed:false
219 silly fetch manifest glob-parent@^6.0.2
220 silly packumentCache full:https://registry.npmjs.org/glob-parent cache-miss
221 http fetch GET 200 https://registry.npmjs.org/cross-spawn 42ms (cache miss)
222 silly packumentCache full:https://registry.npmjs.org/cross-spawn set size:undefined disposed:false
223 silly fetch manifest imurmurhash@^0.1.4
224 silly packumentCache full:https://registry.npmjs.org/imurmurhash cache-miss
225 http fetch GET 200 https://registry.npmjs.org/glob-parent 47ms (cache miss)
226 silly packumentCache full:https://registry.npmjs.org/glob-parent set size:undefined disposed:false
227 silly fetch manifest eslint-scope@^7.2.2
228 silly packumentCache full:https://registry.npmjs.org/eslint-scope cache-miss
229 http fetch GET 200 https://registry.npmjs.org/imurmurhash 32ms (cache miss)
230 silly packumentCache full:https://registry.npmjs.org/imurmurhash set size:undefined disposed:false
231 silly fetch manifest lodash.merge@^4.6.2
232 silly packumentCache full:https://registry.npmjs.org/lodash.merge cache-miss
233 http fetch GET 200 https://registry.npmjs.org/eslint-scope 36ms (cache miss)
234 silly packumentCache full:https://registry.npmjs.org/eslint-scope set size:undefined disposed:false
235 silly fetch manifest is-path-inside@^3.0.3
236 silly packumentCache full:https://registry.npmjs.org/is-path-inside cache-miss
237 http fetch GET 200 https://registry.npmjs.org/lodash.merge 47ms (cache miss)
238 silly packumentCache full:https://registry.npmjs.org/lodash.merge set size:undefined disposed:false
239 silly fetch manifest fast-deep-equal@^3.1.3
240 silly packumentCache full:https://registry.npmjs.org/fast-deep-equal cache-miss
241 http fetch GET 200 https://registry.npmjs.org/is-path-inside 37ms (cache miss)
242 silly packumentCache full:https://registry.npmjs.org/is-path-inside set size:undefined disposed:false
243 silly fetch manifest natural-compare@^1.4.0
244 silly packumentCache full:https://registry.npmjs.org/natural-compare cache-miss
245 http fetch GET 200 https://registry.npmjs.org/fast-deep-equal 42ms (cache miss)
246 silly packumentCache full:https://registry.npmjs.org/fast-deep-equal set size:undefined disposed:false
247 silly fetch manifest @eslint/eslintrc@^2.1.4
248 silly packumentCache full:https://registry.npmjs.org/@eslint%2feslintrc cache-miss
249 http fetch GET 200 https://registry.npmjs.org/natural-compare 50ms (cache miss)
250 silly packumentCache full:https://registry.npmjs.org/natural-compare set size:undefined disposed:false
251 silly fetch manifest @nodelib/fs.walk@^1.2.8
252 silly packumentCache full:https://registry.npmjs.org/@nodelib%2ffs.walk cache-miss
253 http fetch GET 200 https://registry.npmjs.org/@nodelib%2ffs.walk 63ms (cache miss)
254 silly packumentCache full:https://registry.npmjs.org/@nodelib%2ffs.walk set size:undefined disposed:false
255 silly fetch manifest file-entry-cache@^6.0.1
256 silly packumentCache full:https://registry.npmjs.org/file-entry-cache cache-miss
257 http fetch GET 200 https://registry.npmjs.org/file-entry-cache 41ms (cache miss)
258 silly packumentCache full:https://registry.npmjs.org/file-entry-cache set size:undefined disposed:false
259 silly fetch manifest eslint-visitor-keys@^3.4.3
260 silly packumentCache full:https://registry.npmjs.org/eslint-visitor-keys cache-miss
261 http fetch GET 200 https://registry.npmjs.org/eslint-visitor-keys 32ms (cache miss)
262 silly packumentCache full:https://registry.npmjs.org/eslint-visitor-keys set size:undefined disposed:false
263 silly fetch manifest escape-string-regexp@^4.0.0
264 silly packumentCache full:https://registry.npmjs.org/escape-string-regexp cache-miss
265 http fetch GET 200 https://registry.npmjs.org/@supabase%2fauth-js 942ms (cache miss)
266 silly packumentCache full:https://registry.npmjs.org/@supabase%2fauth-js set size:undefined disposed:false
267 silly fetch manifest @ungap/structured-clone@^1.2.0
268 silly packumentCache full:https://registry.npmjs.org/@ungap%2fstructured-clone cache-miss
269 http fetch GET 200 https://registry.npmjs.org/escape-string-regexp 57ms (cache miss)
270 silly packumentCache full:https://registry.npmjs.org/escape-string-regexp set size:undefined disposed:false
271 silly fetch manifest @eslint-community/regexpp@^4.6.1
272 silly packumentCache full:https://registry.npmjs.org/@eslint-community%2fregexpp cache-miss
273 http fetch GET 200 https://registry.npmjs.org/@eslint%2feslintrc 358ms (cache miss)
274 silly packumentCache full:https://registry.npmjs.org/@eslint%2feslintrc set size:undefined disposed:false
275 silly fetch manifest @humanwhocodes/config-array@^0.13.0
276 silly packumentCache full:https://registry.npmjs.org/@humanwhocodes%2fconfig-array cache-miss
277 http fetch GET 200 https://registry.npmjs.org/@eslint-community%2fregexpp 311ms (cache miss)
278 silly packumentCache full:https://registry.npmjs.org/@eslint-community%2fregexpp set size:undefined disposed:false
279 silly fetch manifest @eslint-community/eslint-utils@^4.2.0
280 silly packumentCache full:https://registry.npmjs.org/@eslint-community%2feslint-utils cache-miss
281 http fetch GET 200 https://registry.npmjs.org/@types%2fprop-types 1395ms (cache miss)
282 silly packumentCache full:https://registry.npmjs.org/@types%2fprop-types set size:undefined disposed:false
283 silly fetch manifest @humanwhocodes/module-importer@^1.0.1
284 silly packumentCache full:https://registry.npmjs.org/@humanwhocodes%2fmodule-importer cache-miss
285 http fetch GET 200 https://registry.npmjs.org/@humanwhocodes%2fconfig-array 328ms (cache miss)
286 silly packumentCache full:https://registry.npmjs.org/@humanwhocodes%2fconfig-array set size:undefined disposed:false
287 silly fetch manifest json-stable-stringify-without-jsonify@^1.0.1
288 silly packumentCache full:https://registry.npmjs.org/json-stable-stringify-without-jsonify cache-miss
289 http fetch GET 200 https://registry.npmjs.org/json-stable-stringify-without-jsonify 36ms (cache miss)
290 silly packumentCache full:https://registry.npmjs.org/json-stable-stringify-without-jsonify set size:undefined disposed:false
291 silly fetch manifest eslint-plugin-react@^7.33.2
292 silly packumentCache full:https://registry.npmjs.org/eslint-plugin-react cache-miss
293 http fetch GET 200 https://registry.npmjs.org/eslint-plugin-react 54ms (cache miss)
294 silly packumentCache full:https://registry.npmjs.org/eslint-plugin-react set size:undefined disposed:false
295 silly fetch manifest eslint-plugin-import@^2.28.1
296 silly packumentCache full:https://registry.npmjs.org/eslint-plugin-import cache-miss
297 http fetch GET 200 https://registry.npmjs.org/@eslint%2fjs 1036ms (cache miss)
298 silly packumentCache full:https://registry.npmjs.org/@eslint%2fjs set size:undefined disposed:false
299 silly fetch manifest eslint-plugin-jsx-a11y@^6.7.1
300 silly packumentCache full:https://registry.npmjs.org/eslint-plugin-jsx-a11y cache-miss
301 http fetch GET 200 https://registry.npmjs.org/eslint-plugin-jsx-a11y 41ms (cache miss)
302 silly packumentCache full:https://registry.npmjs.org/eslint-plugin-jsx-a11y set size:undefined disposed:false
303 silly fetch manifest @rushstack/eslint-patch@^1.3.3
304 silly packumentCache full:https://registry.npmjs.org/@rushstack%2feslint-patch cache-miss
305 http fetch GET 200 https://registry.npmjs.org/eslint-plugin-import 51ms (cache miss)
306 silly packumentCache full:https://registry.npmjs.org/eslint-plugin-import set size:undefined disposed:false
307 silly fetch manifest @next/eslint-plugin-next@14.2.5
308 silly packumentCache full:https://registry.npmjs.org/@next%2feslint-plugin-next cache-miss
309 http fetch GET 200 https://registry.npmjs.org/@eslint-community%2feslint-utils 336ms (cache miss)
310 silly packumentCache full:https://registry.npmjs.org/@eslint-community%2feslint-utils set size:undefined disposed:false
311 silly fetch manifest @typescript-eslint/parser@^5.4.2 || ^6.0.0 || 7.0.0 - 7.2.0
312 silly packumentCache full:https://registry.npmjs.org/@typescript-eslint%2fparser cache-miss
313 http fetch GET 200 https://registry.npmjs.org/@supabase%2fpostgrest-js 1637ms (cache miss)
314 silly packumentCache full:https://registry.npmjs.org/@supabase%2fpostgrest-js set size:undefined disposed:false
315 silly fetch manifest eslint-plugin-react-hooks@^4.5.0 || 5.0.0-canary-7118f5dd7-20230705
316 silly packumentCache full:https://registry.npmjs.org/eslint-plugin-react-hooks cache-miss
317 http fetch GET 200 https://registry.npmjs.org/@humanwhocodes%2fmodule-importer 346ms (cache miss)
318 silly packumentCache full:https://registry.npmjs.org/@humanwhocodes%2fmodule-importer set size:undefined disposed:false
319 silly fetch manifest eslint-import-resolver-node@^0.3.6
320 silly packumentCache full:https://registry.npmjs.org/eslint-import-resolver-node cache-miss
321 http fetch GET 200 https://registry.npmjs.org/@ungap%2fstructured-clone 847ms (cache miss)
322 silly packumentCache full:https://registry.npmjs.org/@ungap%2fstructured-clone set size:undefined disposed:false
323 silly fetch manifest eslint-import-resolver-typescript@^3.5.2
324 silly packumentCache full:https://registry.npmjs.org/eslint-import-resolver-typescript cache-miss
325 http fetch GET 200 https://registry.npmjs.org/eslint-import-resolver-node 79ms (cache miss)
326 silly packumentCache full:https://registry.npmjs.org/eslint-import-resolver-node set size:undefined disposed:false
327 silly fetch manifest busboy@1.6.0
328 silly packumentCache full:https://registry.npmjs.org/busboy cache-miss
329 http fetch GET 200 https://registry.npmjs.org/eslint-plugin-react-hooks 234ms (cache miss)
330 silly packumentCache full:https://registry.npmjs.org/eslint-plugin-react-hooks set size:undefined disposed:false
331 silly fetch manifest postcss@8.4.31
332 silly packumentCache full:https://registry.npmjs.org/postcss cache-miss
333 http cache https://registry.npmjs.org/postcss 6ms (cache hit)
334 silly packumentCache full:https://registry.npmjs.org/postcss set size:696248 disposed:false
335 silly fetch manifest @next/env@14.2.5
336 silly packumentCache full:https://registry.npmjs.org/@next%2fenv cache-miss
337 http fetch GET 200 https://registry.npmjs.org/eslint-import-resolver-typescript 110ms (cache miss)
338 silly packumentCache full:https://registry.npmjs.org/eslint-import-resolver-typescript set size:undefined disposed:false
339 silly fetch manifest styled-jsx@5.1.1
340 silly packumentCache full:https://registry.npmjs.org/styled-jsx cache-miss
341 http fetch GET 200 https://registry.npmjs.org/busboy 81ms (cache miss)
342 silly packumentCache full:https://registry.npmjs.org/busboy set size:undefined disposed:false
343 silly fetch manifest graceful-fs@^4.2.11
344 silly packumentCache full:https://registry.npmjs.org/graceful-fs cache-miss
345 http fetch GET 200 https://registry.npmjs.org/@supabase%2frealtime-js 1909ms (cache miss)
346 silly packumentCache full:https://registry.npmjs.org/@supabase%2frealtime-js set size:undefined disposed:false
347 silly fetch manifest @swc/helpers@0.5.5
348 silly packumentCache full:https://registry.npmjs.org/@swc%2fhelpers cache-miss
349 http fetch GET 200 https://registry.npmjs.org/@rushstack%2feslint-patch 311ms (cache miss)
350 silly packumentCache full:https://registry.npmjs.org/@rushstack%2feslint-patch set size:undefined disposed:false
351 silly fetch manifest caniuse-lite@^1.0.30001579
352 silly packumentCache full:https://registry.npmjs.org/caniuse-lite cache-miss
353 http cache https://registry.npmjs.org/caniuse-lite 3ms (cache hit)
354 silly packumentCache full:https://registry.npmjs.org/caniuse-lite set size:2226160 disposed:false
355 silly fetch manifest @next/swc-darwin-x64@14.2.5
356 silly packumentCache full:https://registry.npmjs.org/@next%2fswc-darwin-x64 cache-miss
357 http fetch GET 200 https://registry.npmjs.org/graceful-fs 37ms (cache miss)
358 silly packumentCache full:https://registry.npmjs.org/graceful-fs set size:undefined disposed:false
359 silly fetch manifest @next/swc-darwin-arm64@14.2.5
360 silly packumentCache full:https://registry.npmjs.org/@next%2fswc-darwin-arm64 cache-miss
361 http fetch GET 200 https://registry.npmjs.org/@swc%2fhelpers 67ms (cache miss)
362 silly packumentCache full:https://registry.npmjs.org/@swc%2fhelpers set size:undefined disposed:false
363 silly fetch manifest @next/swc-linux-x64-gnu@14.2.5
364 silly packumentCache full:https://registry.npmjs.org/@next%2fswc-linux-x64-gnu cache-miss
365 http fetch GET 200 https://registry.npmjs.org/styled-jsx 105ms (cache miss)
366 silly packumentCache full:https://registry.npmjs.org/styled-jsx set size:undefined disposed:false
367 silly fetch manifest @next/swc-linux-x64-musl@14.2.5
368 silly packumentCache full:https://registry.npmjs.org/@next%2fswc-linux-x64-musl cache-miss
369 http fetch GET 200 https://registry.npmjs.org/@supabase%2ffunctions-js 2106ms (cache miss)
370 silly packumentCache full:https://registry.npmjs.org/@supabase%2ffunctions-js set size:undefined disposed:false
371 silly fetch manifest @next/swc-win32-x64-msvc@14.2.5
372 silly packumentCache full:https://registry.npmjs.org/@next%2fswc-win32-x64-msvc cache-miss
373 http fetch GET 200 https://registry.npmjs.org/@next%2fswc-linux-x64-musl 930ms (cache miss)
374 silly packumentCache full:https://registry.npmjs.org/@next%2fswc-linux-x64-musl set size:undefined disposed:false
375 silly fetch manifest @next/swc-linux-arm64-gnu@14.2.5
376 silly packumentCache full:https://registry.npmjs.org/@next%2fswc-linux-arm64-gnu cache-miss
377 http fetch GET 200 https://registry.npmjs.org/@next%2feslint-plugin-next 1354ms (cache miss)
378 silly packumentCache full:https://registry.npmjs.org/@next%2feslint-plugin-next set size:undefined disposed:false
379 silly fetch manifest @next/swc-win32-ia32-msvc@14.2.5
380 silly packumentCache full:https://registry.npmjs.org/@next%2fswc-win32-ia32-msvc cache-miss
381 http fetch GET 200 https://registry.npmjs.org/@next%2fswc-darwin-arm64 1047ms (cache miss)
382 silly packumentCache full:https://registry.npmjs.org/@next%2fswc-darwin-arm64 set size:undefined disposed:false
383 silly fetch manifest @next/swc-linux-arm64-musl@14.2.5
384 silly packumentCache full:https://registry.npmjs.org/@next%2fswc-linux-arm64-musl cache-miss
385 http fetch GET 200 https://registry.npmjs.org/@supabase%2fstorage-js 3237ms (cache miss)
386 silly packumentCache full:https://registry.npmjs.org/@supabase%2fstorage-js set size:undefined disposed:false
387 silly fetch manifest @next/swc-win32-arm64-msvc@14.2.5
388 silly packumentCache full:https://registry.npmjs.org/@next%2fswc-win32-arm64-msvc cache-miss
389 http fetch GET 200 https://registry.npmjs.org/@next%2fenv 1383ms (cache miss)
390 silly packumentCache full:https://registry.npmjs.org/@next%2fenv set size:undefined disposed:false
391 silly fetch manifest scheduler@^0.23.2
392 silly packumentCache full:https://registry.npmjs.org/scheduler cache-miss
393 http fetch GET 200 https://registry.npmjs.org/@next%2fswc-darwin-x64 1378ms (cache miss)
394 silly packumentCache full:https://registry.npmjs.org/@next%2fswc-darwin-x64 set size:undefined disposed:false
395 silly fetch manifest loose-envify@^1.1.0
396 silly packumentCache full:https://registry.npmjs.org/loose-envify cache-miss
397 http fetch GET 200 https://registry.npmjs.org/loose-envify 416ms (cache miss)
398 silly packumentCache full:https://registry.npmjs.org/loose-envify set size:undefined disposed:false
399 silly fetch manifest arg@^5.0.2
400 silly packumentCache full:https://registry.npmjs.org/arg cache-miss
401 http fetch GET 200 https://registry.npmjs.org/@next%2fswc-win32-x64-msvc 1676ms (cache miss)
402 silly packumentCache full:https://registry.npmjs.org/@next%2fswc-win32-x64-msvc set size:undefined disposed:false
403 silly fetch manifest dlv@^1.1.3
404 silly packumentCache full:https://registry.npmjs.org/dlv cache-miss
405 http fetch GET 200 https://registry.npmjs.org/@typescript-eslint%2fparser 2190ms (cache miss)
406 silly packumentCache full:https://registry.npmjs.org/@typescript-eslint%2fparser set size:undefined disposed:false
407 silly fetch manifest jiti@^1.21.7
408 silly packumentCache full:https://registry.npmjs.org/jiti cache-miss
409 http fetch GET 200 https://registry.npmjs.org/arg 135ms (cache miss)
410 silly packumentCache full:https://registry.npmjs.org/arg set size:undefined disposed:false
411 silly fetch manifest is-glob@^4.0.3
412 silly packumentCache full:https://registry.npmjs.org/is-glob cache-miss
413 http cache https://registry.npmjs.org/is-glob 2ms (cache hit)
414 silly packumentCache full:https://registry.npmjs.org/is-glob set size:40530 disposed:false
415 silly fetch manifest resolve@^1.22.8
416 silly packumentCache full:https://registry.npmjs.org/resolve cache-miss
417 http fetch GET 200 https://registry.npmjs.org/dlv 92ms (cache miss)
418 silly packumentCache full:https://registry.npmjs.org/dlv set size:undefined disposed:false
419 silly fetch manifest sucrase@^3.35.0
420 silly packumentCache full:https://registry.npmjs.org/sucrase cache-miss
421 http fetch GET 200 https://registry.npmjs.org/@next%2fswc-win32-arm64-msvc 754ms (cache miss)
422 silly packumentCache full:https://registry.npmjs.org/@next%2fswc-win32-arm64-msvc set size:undefined disposed:false
423 silly fetch manifest chokidar@^3.6.0
424 silly packumentCache full:https://registry.npmjs.org/chokidar cache-miss
425 http fetch GET 200 https://registry.npmjs.org/resolve 133ms (cache miss)
426 silly packumentCache full:https://registry.npmjs.org/resolve set size:undefined disposed:false
427 silly fetch manifest fast-glob@^3.3.2
428 silly packumentCache full:https://registry.npmjs.org/fast-glob cache-miss
429 http fetch GET 200 https://registry.npmjs.org/sucrase 121ms (cache miss)
430 silly packumentCache full:https://registry.npmjs.org/sucrase set size:undefined disposed:false
431 silly fetch manifest lilconfig@^3.1.3
432 silly packumentCache full:https://registry.npmjs.org/lilconfig cache-miss
433 http fetch GET 200 https://registry.npmjs.org/@next%2fswc-linux-x64-gnu 2091ms (cache miss)
434 silly packumentCache full:https://registry.npmjs.org/@next%2fswc-linux-x64-gnu set size:undefined disposed:false
435 silly fetch manifest didyoumean@^1.2.2
436 silly packumentCache full:https://registry.npmjs.org/didyoumean cache-miss
437 http fetch GET 200 https://registry.npmjs.org/fast-glob 78ms (cache miss)
438 silly packumentCache full:https://registry.npmjs.org/fast-glob set size:undefined disposed:false
439 silly fetch manifest micromatch@^4.0.8
440 silly packumentCache full:https://registry.npmjs.org/micromatch cache-miss
441 http fetch GET 200 https://registry.npmjs.org/jiti 222ms (cache miss)
442 silly packumentCache full:https://registry.npmjs.org/jiti set size:undefined disposed:false
443 silly fetch manifest postcss-js@^4.0.1
444 silly packumentCache full:https://registry.npmjs.org/postcss-js cache-miss
445 http fetch GET 200 https://registry.npmjs.org/lilconfig 75ms (cache miss)
446 silly packumentCache full:https://registry.npmjs.org/lilconfig set size:undefined disposed:false
447 silly fetch manifest object-hash@^3.0.0
448 silly packumentCache full:https://registry.npmjs.org/object-hash cache-miss
449 http fetch GET 200 https://registry.npmjs.org/chokidar 86ms (cache miss)
450 silly packumentCache full:https://registry.npmjs.org/chokidar set size:undefined disposed:false
451 silly fetch manifest normalize-path@^3.0.0
452 silly packumentCache full:https://registry.npmjs.org/normalize-path cache-miss
453 http fetch GET 200 https://registry.npmjs.org/@next%2fswc-win32-ia32-msvc 1111ms (cache miss)
454 silly packumentCache full:https://registry.npmjs.org/@next%2fswc-win32-ia32-msvc set size:undefined disposed:false
455 silly fetch manifest postcss-import@^15.1.0
456 silly packumentCache full:https://registry.npmjs.org/postcss-import cache-miss
457 http fetch GET 200 https://registry.npmjs.org/postcss-js 32ms (cache miss)
458 silly packumentCache full:https://registry.npmjs.org/postcss-js set size:undefined disposed:false
459 silly fetch manifest postcss-nested@^6.2.0
460 silly packumentCache full:https://registry.npmjs.org/postcss-nested cache-miss
461 http fetch GET 200 https://registry.npmjs.org/didyoumean 44ms (cache miss)
462 silly packumentCache full:https://registry.npmjs.org/didyoumean set size:undefined disposed:false
463 silly fetch manifest @alloc/quick-lru@^5.2.0
464 silly packumentCache full:https://registry.npmjs.org/@alloc%2fquick-lru cache-miss
465 http fetch GET 200 https://registry.npmjs.org/object-hash 45ms (cache miss)
466 silly packumentCache full:https://registry.npmjs.org/object-hash set size:undefined disposed:false
467 silly fetch manifest postcss-load-config@^4.0.2 || ^5.0 || ^6.0
468 silly packumentCache full:https://registry.npmjs.org/postcss-load-config cache-miss
469 http fetch GET 200 https://registry.npmjs.org/normalize-path 46ms (cache miss)
470 silly packumentCache full:https://registry.npmjs.org/normalize-path set size:undefined disposed:false
471 silly fetch manifest postcss-selector-parser@^6.1.2
472 silly packumentCache full:https://registry.npmjs.org/postcss-selector-parser cache-miss
473 http fetch GET 200 https://registry.npmjs.org/micromatch 56ms (cache miss)
474 silly packumentCache full:https://registry.npmjs.org/micromatch set size:undefined disposed:false
475 http fetch GET 200 https://registry.npmjs.org/postcss-nested 35ms (cache miss)
476 silly packumentCache full:https://registry.npmjs.org/postcss-nested set size:undefined disposed:false
477 http fetch GET 200 https://registry.npmjs.org/postcss-import 71ms (cache miss)
478 silly packumentCache full:https://registry.npmjs.org/postcss-import set size:undefined disposed:false
479 http fetch GET 200 https://registry.npmjs.org/@next%2fswc-linux-arm64-musl 1177ms (cache miss)
480 silly packumentCache full:https://registry.npmjs.org/@next%2fswc-linux-arm64-musl set size:undefined disposed:false
481 http fetch GET 200 https://registry.npmjs.org/postcss-load-config 55ms (cache miss)
482 silly packumentCache full:https://registry.npmjs.org/postcss-load-config set size:undefined disposed:false
483 http fetch GET 200 https://registry.npmjs.org/postcss-selector-parser 54ms (cache miss)
484 silly packumentCache full:https://registry.npmjs.org/postcss-selector-parser set size:undefined disposed:false
485 http fetch GET 200 https://registry.npmjs.org/scheduler 1217ms (cache miss)
486 silly packumentCache full:https://registry.npmjs.org/scheduler set size:undefined disposed:false
487 http fetch GET 200 https://registry.npmjs.org/@next%2fswc-linux-arm64-gnu 1899ms (cache miss)
488 silly packumentCache full:https://registry.npmjs.org/@next%2fswc-linux-arm64-gnu set size:undefined disposed:false
489 http fetch GET 200 https://registry.npmjs.org/@alloc%2fquick-lru 1036ms (cache miss)
490 silly packumentCache full:https://registry.npmjs.org/@alloc%2fquick-lru set size:undefined disposed:false
491 silly placeDep ROOT @supabase/auth-js@2.81.1 OK for: @supabase/supabase-js@2.81.1 want: 2.81.1
492 silly placeDep ROOT @supabase/functions-js@2.81.1 OK for: @supabase/supabase-js@2.81.1 want: 2.81.1
493 silly placeDep ROOT @supabase/postgrest-js@2.81.1 OK for: @supabase/supabase-js@2.81.1 want: 2.81.1
494 silly placeDep ROOT @supabase/realtime-js@2.81.1 OK for: @supabase/supabase-js@2.81.1 want: 2.81.1
495 silly placeDep ROOT @supabase/storage-js@2.81.1 OK for: @supabase/supabase-js@2.81.1 want: 2.81.1
496 silly fetch manifest tslib@2.8.1
497 silly packumentCache full:https://registry.npmjs.org/tslib cache-miss
498 silly fetch manifest tslib@2.8.1
499 silly packumentCache full:https://registry.npmjs.org/tslib cache-miss
500 silly fetch manifest tslib@2.8.1
501 silly packumentCache full:https://registry.npmjs.org/tslib cache-miss
502 silly fetch manifest ws@^8.18.2
503 silly packumentCache full:https://registry.npmjs.org/ws cache-miss
504 silly fetch manifest tslib@2.8.1
505 silly packumentCache full:https://registry.npmjs.org/tslib cache-miss
506 silly fetch manifest @types/ws@^8.18.1
507 silly packumentCache full:https://registry.npmjs.org/@types%2fws cache-miss
508 silly fetch manifest @types/phoenix@^1.6.6
509 silly packumentCache full:https://registry.npmjs.org/@types%2fphoenix cache-miss
510 silly fetch manifest tslib@2.8.1
511 silly packumentCache full:https://registry.npmjs.org/tslib cache-miss
512 http fetch GET 200 https://registry.npmjs.org/tslib 35ms (cache miss)
513 silly packumentCache full:https://registry.npmjs.org/tslib set size:undefined disposed:false
514 http fetch GET 200 https://registry.npmjs.org/tslib 48ms (cache miss)
515 silly packumentCache full:https://registry.npmjs.org/tslib set size:undefined disposed:false
516 http fetch GET 200 https://registry.npmjs.org/tslib 64ms (cache miss)
517 silly packumentCache full:https://registry.npmjs.org/tslib set size:undefined disposed:false
518 http fetch GET 200 https://registry.npmjs.org/tslib 67ms (cache miss)
519 silly packumentCache full:https://registry.npmjs.org/tslib set size:undefined disposed:false
520 http fetch GET 200 https://registry.npmjs.org/tslib 70ms (cache miss)
521 silly packumentCache full:https://registry.npmjs.org/tslib set size:undefined disposed:false
522 http fetch GET 200 https://registry.npmjs.org/@types%2fws 73ms (cache miss)
523 silly packumentCache full:https://registry.npmjs.org/@types%2fws set size:undefined disposed:false
524 http fetch GET 200 https://registry.npmjs.org/ws 102ms (cache miss)
525 silly packumentCache full:https://registry.npmjs.org/ws set size:undefined disposed:false
526 http fetch GET 200 https://registry.npmjs.org/@types%2fphoenix 1241ms (cache miss)
527 silly packumentCache full:https://registry.npmjs.org/@types%2fphoenix set size:undefined disposed:false
528 silly placeDep ROOT tslib@2.8.1 OK for: @supabase/auth-js@2.81.1 want: 2.8.1
529 silly fetch manifest bufferutil@^4.0.1
530 silly packumentCache full:https://registry.npmjs.org/bufferutil cache-miss
531 http fetch GET 200 https://registry.npmjs.org/bufferutil 59ms (cache miss)
532 silly packumentCache full:https://registry.npmjs.org/bufferutil set size:undefined disposed:false
533 silly fetch manifest utf-8-validate@>=5.0.2
534 silly packumentCache full:https://registry.npmjs.org/utf-8-validate cache-miss
535 http fetch GET 200 https://registry.npmjs.org/utf-8-validate 34ms (cache miss)
536 silly packumentCache full:https://registry.npmjs.org/utf-8-validate set size:undefined disposed:false
537 silly placeDep ROOT @types/phoenix@1.6.6 OK for: @supabase/realtime-js@2.81.1 want: ^1.6.6
538 silly placeDep ROOT @types/ws@8.18.1 OK for: @supabase/realtime-js@2.81.1 want: ^8.18.1
539 silly placeDep ROOT ws@8.18.3 OK for: @supabase/realtime-js@2.81.1 want: ^8.18.2
540 silly placeDep ROOT undici-types@6.21.0 OK for: @types/node@20.19.25 want: ~6.21.0
541 silly placeDep ROOT @types/prop-types@15.7.15 OK for: @types/react@18.3.26 want: *
542 silly placeDep ROOT csstype@3.2.2 OK for: @types/react@18.3.26 want: ^3.0.2
543 silly placeDep ROOT browserslist@4.28.0 OK for: autoprefixer@10.4.22 want: ^4.27.0
544 silly placeDep ROOT caniuse-lite@1.0.30001755 OK for: autoprefixer@10.4.22 want: ^1.0.30001754
545 silly placeDep ROOT fraction.js@5.3.4 OK for: autoprefixer@10.4.22 want: ^5.3.4
546 silly placeDep ROOT normalize-range@0.1.2 OK for: autoprefixer@10.4.22 want: ^0.1.2
547 silly placeDep ROOT picocolors@1.1.1 OK for: autoprefixer@10.4.22 want: ^1.1.1
548 silly placeDep ROOT postcss-value-parser@4.2.0 OK for: autoprefixer@10.4.22 want: ^4.2.0
549 silly fetch manifest baseline-browser-mapping@^2.8.25
550 silly packumentCache full:https://registry.npmjs.org/baseline-browser-mapping cache-miss
551 silly fetch manifest electron-to-chromium@^1.5.249
552 silly packumentCache full:https://registry.npmjs.org/electron-to-chromium cache-miss
553 silly fetch manifest node-releases@^2.0.27
554 silly packumentCache full:https://registry.npmjs.org/node-releases cache-miss
555 silly fetch manifest update-browserslist-db@^1.1.4
556 silly packumentCache full:https://registry.npmjs.org/update-browserslist-db cache-miss
557 http fetch GET 200 https://registry.npmjs.org/update-browserslist-db 53ms (cache miss)
558 silly packumentCache full:https://registry.npmjs.org/update-browserslist-db set size:undefined disposed:false
559 http fetch GET 200 https://registry.npmjs.org/baseline-browser-mapping 57ms (cache miss)
560 silly packumentCache full:https://registry.npmjs.org/baseline-browser-mapping set size:undefined disposed:false
561 http fetch GET 200 https://registry.npmjs.org/node-releases 99ms (cache miss)
562 silly packumentCache full:https://registry.npmjs.org/node-releases set size:undefined disposed:false
563 http fetch GET 200 https://registry.npmjs.org/electron-to-chromium 363ms (cache miss)
564 silly packumentCache full:https://registry.npmjs.org/electron-to-chromium set size:undefined disposed:false
565 silly fetch manifest browserslist@>= 4.21.0
566 silly packumentCache full:https://registry.npmjs.org/browserslist cache-miss
567 http cache https://registry.npmjs.org/browserslist 8ms (cache hit)
568 silly packumentCache full:https://registry.npmjs.org/browserslist set size:500962 disposed:false
569 silly placeDep ROOT baseline-browser-mapping@2.8.28 OK for: browserslist@4.28.0 want: ^2.8.25
570 silly placeDep ROOT electron-to-chromium@1.5.254 OK for: browserslist@4.28.0 want: ^1.5.249
571 silly placeDep ROOT node-releases@2.0.27 OK for: browserslist@4.28.0 want: ^2.0.27
572 silly placeDep ROOT update-browserslist-db@1.1.4 OK for: browserslist@4.28.0 want: ^1.1.4
573 silly fetch manifest escalade@^3.2.0
574 silly packumentCache full:https://registry.npmjs.org/escalade cache-miss
575 http fetch GET 200 https://registry.npmjs.org/escalade 28ms (cache miss)
576 silly packumentCache full:https://registry.npmjs.org/escalade set size:undefined disposed:false
577 silly fetch manifest eslint@^6.0.0 || ^7.0.0 || >=8.0.0
578 silly packumentCache full:https://registry.npmjs.org/eslint cache-miss
579 http cache https://registry.npmjs.org/eslint 3ms (cache hit)
580 silly packumentCache full:https://registry.npmjs.org/eslint set size:1859273 disposed:false
581 silly fetch manifest jiti@*
582 silly packumentCache full:https://registry.npmjs.org/jiti cache-miss
583 http cache https://registry.npmjs.org/jiti 1ms (cache hit)
584 silly packumentCache full:https://registry.npmjs.org/jiti set size:382310 disposed:false
585 silly placeDep ROOT @eslint-community/eslint-utils@4.9.0 OK for: eslint@8.57.1 want: ^4.2.0
586 silly placeDep ROOT @eslint-community/regexpp@4.12.2 OK for: eslint@8.57.1 want: ^4.6.1
587 silly placeDep ROOT @eslint/eslintrc@2.1.4 OK for: eslint@8.57.1 want: ^2.1.4
588 silly placeDep ROOT @eslint/js@8.57.1 OK for: eslint@8.57.1 want: 8.57.1
589 silly placeDep ROOT @humanwhocodes/config-array@0.13.0 OK for: eslint@8.57.1 want: ^0.13.0
590 silly placeDep ROOT @humanwhocodes/module-importer@1.0.1 OK for: eslint@8.57.1 want: ^1.0.1
591 silly placeDep ROOT @nodelib/fs.walk@1.2.8 OK for: eslint@8.57.1 want: ^1.2.8
592 silly placeDep ROOT @ungap/structured-clone@1.3.0 OK for: eslint@8.57.1 want: ^1.2.0
593 silly placeDep ROOT ajv@6.12.6 OK for: eslint@8.57.1 want: ^6.12.4
594 silly placeDep ROOT chalk@4.1.2 OK for: eslint@8.57.1 want: ^4.0.0
595 silly placeDep ROOT cross-spawn@7.0.6 OK for: eslint@8.57.1 want: ^7.0.2
596 silly placeDep ROOT debug@4.4.3 OK for: eslint@8.57.1 want: ^4.3.2
597 silly placeDep ROOT doctrine@3.0.0 OK for: eslint@8.57.1 want: ^3.0.0
598 silly placeDep ROOT escape-string-regexp@4.0.0 OK for: eslint@8.57.1 want: ^4.0.0
599 silly placeDep ROOT eslint-scope@7.2.2 OK for: eslint@8.57.1 want: ^7.2.2
600 silly placeDep ROOT eslint-visitor-keys@3.4.3 OK for: eslint@8.57.1 want: ^3.4.3
601 silly placeDep ROOT espree@9.6.1 OK for: eslint@8.57.1 want: ^9.6.1
602 silly placeDep ROOT esquery@1.6.0 OK for: eslint@8.57.1 want: ^1.4.2
603 silly placeDep ROOT esutils@2.0.3 OK for: eslint@8.57.1 want: ^2.0.2
604 silly placeDep ROOT fast-deep-equal@3.1.3 OK for: eslint@8.57.1 want: ^3.1.3
605 silly placeDep ROOT file-entry-cache@6.0.1 OK for: eslint@8.57.1 want: ^6.0.1
606 silly placeDep ROOT find-up@5.0.0 OK for: eslint@8.57.1 want: ^5.0.0
607 silly placeDep ROOT glob-parent@6.0.2 OK for: eslint@8.57.1 want: ^6.0.2
608 silly placeDep ROOT globals@13.24.0 OK for: eslint@8.57.1 want: ^13.19.0
609 silly placeDep ROOT graphemer@1.4.0 OK for: eslint@8.57.1 want: ^1.4.0
610 silly placeDep ROOT ignore@5.3.2 OK for: eslint@8.57.1 want: ^5.2.0
611 silly placeDep ROOT imurmurhash@0.1.4 OK for: eslint@8.57.1 want: ^0.1.4
612 silly placeDep ROOT is-glob@4.0.3 OK for: eslint@8.57.1 want: ^4.0.0
613 silly placeDep ROOT is-path-inside@3.0.3 OK for: eslint@8.57.1 want: ^3.0.3
614 silly placeDep ROOT js-yaml@4.1.1 OK for: eslint@8.57.1 want: ^4.1.0
615 silly placeDep ROOT json-stable-stringify-without-jsonify@1.0.1 OK for: eslint@8.57.1 want: ^1.0.1
616 silly placeDep ROOT levn@0.4.1 OK for: eslint@8.57.1 want: ^0.4.1
617 silly placeDep ROOT lodash.merge@4.6.2 OK for: eslint@8.57.1 want: ^4.6.2
618 silly placeDep ROOT minimatch@3.1.2 OK for: eslint@8.57.1 want: ^3.1.2
619 silly placeDep ROOT natural-compare@1.4.0 OK for: eslint@8.57.1 want: ^1.4.0
620 silly placeDep ROOT optionator@0.9.4 OK for: eslint@8.57.1 want: ^0.9.3
621 silly placeDep ROOT strip-ansi@6.0.1 OK for: eslint@8.57.1 want: ^6.0.1
622 silly placeDep ROOT text-table@0.2.0 OK for: eslint@8.57.1 want: ^0.2.0
623 silly fetch manifest espree@^9.6.0
624 silly packumentCache full:https://registry.npmjs.org/espree cache-miss
625 silly fetch manifest import-fresh@^3.2.1
626 silly packumentCache full:https://registry.npmjs.org/import-fresh cache-miss
627 silly fetch manifest strip-json-comments@^3.1.1
628 silly packumentCache full:https://registry.npmjs.org/strip-json-comments cache-miss
629 silly fetch manifest debug@^4.3.1
630 silly packumentCache full:https://registry.npmjs.org/debug cache-miss
631 silly fetch manifest minimatch@^3.0.5
632 silly packumentCache full:https://registry.npmjs.org/minimatch cache-miss
633 silly fetch manifest @humanwhocodes/object-schema@^2.0.3
634 silly packumentCache full:https://registry.npmjs.org/@humanwhocodes%2fobject-schema cache-miss
635 silly fetch manifest fastq@^1.6.0
636 silly packumentCache full:https://registry.npmjs.org/fastq cache-miss
637 silly fetch manifest @nodelib/fs.scandir@2.1.5
638 silly packumentCache full:https://registry.npmjs.org/@nodelib%2ffs.scandir cache-miss
639 silly fetch manifest uri-js@^4.2.2
640 silly packumentCache full:https://registry.npmjs.org/uri-js cache-miss
641 http cache https://registry.npmjs.org/minimatch 3ms (cache hit)
642 silly packumentCache full:https://registry.npmjs.org/minimatch set size:303959 disposed:false
643 silly fetch manifest fast-deep-equal@^3.1.1
644 silly packumentCache full:https://registry.npmjs.org/fast-deep-equal cache-miss
645 http cache https://registry.npmjs.org/espree 5ms (cache hit)
646 silly packumentCache full:https://registry.npmjs.org/espree set size:317497 disposed:false
647 silly fetch manifest json-schema-traverse@^0.4.1
648 silly packumentCache full:https://registry.npmjs.org/json-schema-traverse cache-miss
649 http cache https://registry.npmjs.org/debug 7ms (cache hit)
650 silly packumentCache full:https://registry.npmjs.org/debug set size:195840 disposed:false
651 silly fetch manifest fast-json-stable-stringify@^2.0.0
652 silly packumentCache full:https://registry.npmjs.org/fast-json-stable-stringify cache-miss
653 http cache https://registry.npmjs.org/fast-deep-equal 7ms (cache hit)
654 silly packumentCache full:https://registry.npmjs.org/fast-deep-equal set size:48634 disposed:false
655 silly fetch manifest ansi-styles@^4.1.0
656 silly packumentCache full:https://registry.npmjs.org/ansi-styles cache-miss
657 http fetch GET 200 https://registry.npmjs.org/strip-json-comments 30ms (cache miss)
658 silly packumentCache full:https://registry.npmjs.org/strip-json-comments set size:undefined disposed:false
659 silly fetch manifest supports-color@^7.1.0
660 silly packumentCache full:https://registry.npmjs.org/supports-color cache-miss
661 http fetch GET 200 https://registry.npmjs.org/fastq 40ms (cache miss)
662 silly packumentCache full:https://registry.npmjs.org/fastq set size:undefined disposed:false
663 silly fetch manifest which@^2.0.1
664 silly packumentCache full:https://registry.npmjs.org/which cache-miss
665 http fetch GET 200 https://registry.npmjs.org/uri-js 41ms (cache miss)
666 silly packumentCache full:https://registry.npmjs.org/uri-js set size:undefined disposed:false
667 silly fetch manifest path-key@^3.1.0
668 silly packumentCache full:https://registry.npmjs.org/path-key cache-miss
669 http fetch GET 200 https://registry.npmjs.org/fast-json-stable-stringify 38ms (cache miss)
670 silly packumentCache full:https://registry.npmjs.org/fast-json-stable-stringify set size:undefined disposed:false
671 silly fetch manifest shebang-command@^2.0.0
672 silly packumentCache full:https://registry.npmjs.org/shebang-command cache-miss
673 http fetch GET 200 https://registry.npmjs.org/json-schema-traverse 41ms (cache miss)
674 silly packumentCache full:https://registry.npmjs.org/json-schema-traverse set size:undefined disposed:false
675 silly fetch manifest ms@^2.1.3
676 silly packumentCache full:https://registry.npmjs.org/ms cache-miss
677 http fetch GET 200 https://registry.npmjs.org/import-fresh 62ms (cache miss)
678 silly packumentCache full:https://registry.npmjs.org/import-fresh set size:undefined disposed:false
679 silly fetch manifest esrecurse@^4.3.0
680 silly packumentCache full:https://registry.npmjs.org/esrecurse cache-miss
681 http fetch GET 200 https://registry.npmjs.org/ansi-styles 50ms (cache miss)
682 silly packumentCache full:https://registry.npmjs.org/ansi-styles set size:undefined disposed:false
683 silly fetch manifest estraverse@^5.2.0
684 silly packumentCache full:https://registry.npmjs.org/estraverse cache-miss
685 http fetch GET 200 https://registry.npmjs.org/which 30ms (cache miss)
686 silly packumentCache full:https://registry.npmjs.org/which set size:undefined disposed:false
687 silly fetch manifest acorn@^8.9.0
688 silly packumentCache full:https://registry.npmjs.org/acorn cache-miss
689 http fetch GET 200 https://registry.npmjs.org/path-key 42ms (cache miss)
690 silly packumentCache full:https://registry.npmjs.org/path-key set size:undefined disposed:false
691 silly fetch manifest acorn-jsx@^5.3.2
692 silly packumentCache full:https://registry.npmjs.org/acorn-jsx cache-miss
693 http fetch GET 200 https://registry.npmjs.org/shebang-command 47ms (cache miss)
694 silly packumentCache full:https://registry.npmjs.org/shebang-command set size:undefined disposed:false
695 silly fetch manifest estraverse@^5.1.0
696 silly packumentCache full:https://registry.npmjs.org/estraverse cache-miss
697 http fetch GET 200 https://registry.npmjs.org/supports-color 65ms (cache miss)
698 silly packumentCache full:https://registry.npmjs.org/supports-color set size:undefined disposed:false
699 silly fetch manifest flat-cache@^3.0.4
700 silly packumentCache full:https://registry.npmjs.org/flat-cache cache-miss
701 http fetch GET 200 https://registry.npmjs.org/estraverse 40ms (cache miss)
702 silly packumentCache full:https://registry.npmjs.org/estraverse set size:undefined disposed:false
703 silly fetch manifest locate-path@^6.0.0
704 silly packumentCache full:https://registry.npmjs.org/locate-path cache-miss
705 http fetch GET 200 https://registry.npmjs.org/ms 55ms (cache miss)
706 silly packumentCache full:https://registry.npmjs.org/ms set size:undefined disposed:false
707 silly fetch manifest path-exists@^4.0.0
708 silly packumentCache full:https://registry.npmjs.org/path-exists cache-miss
709 http fetch GET 200 https://registry.npmjs.org/esrecurse 50ms (cache miss)
710 silly packumentCache full:https://registry.npmjs.org/esrecurse set size:undefined disposed:false
711 silly fetch manifest type-fest@^0.20.2
712 silly packumentCache full:https://registry.npmjs.org/type-fest cache-miss
713 http fetch GET 200 https://registry.npmjs.org/acorn 52ms (cache miss)
714 silly packumentCache full:https://registry.npmjs.org/acorn set size:undefined disposed:false
715 silly fetch manifest is-extglob@^2.1.1
716 silly packumentCache full:https://registry.npmjs.org/is-extglob cache-miss
717 http fetch GET 200 https://registry.npmjs.org/acorn-jsx 45ms (cache miss)
718 silly packumentCache full:https://registry.npmjs.org/acorn-jsx set size:undefined disposed:false
719 silly fetch manifest argparse@^2.0.1
720 silly packumentCache full:https://registry.npmjs.org/argparse cache-miss
721 http fetch GET 200 https://registry.npmjs.org/estraverse 40ms (cache miss)
722 silly packumentCache full:https://registry.npmjs.org/estraverse set size:undefined disposed:false
723 silly fetch manifest prelude-ls@^1.2.1
724 silly packumentCache full:https://registry.npmjs.org/prelude-ls cache-miss
725 http fetch GET 200 https://registry.npmjs.org/flat-cache 41ms (cache miss)
726 silly packumentCache full:https://registry.npmjs.org/flat-cache set size:undefined disposed:false
727 silly fetch manifest type-check@~0.4.0
728 silly packumentCache full:https://registry.npmjs.org/type-check cache-miss
729 http fetch GET 200 https://registry.npmjs.org/path-exists 48ms (cache miss)
730 silly packumentCache full:https://registry.npmjs.org/path-exists set size:undefined disposed:false
731 silly fetch manifest brace-expansion@^1.1.7
732 silly packumentCache full:https://registry.npmjs.org/brace-expansion cache-miss
733 http fetch GET 200 https://registry.npmjs.org/locate-path 49ms (cache miss)
734 silly packumentCache full:https://registry.npmjs.org/locate-path set size:undefined disposed:false
735 silly fetch manifest prelude-ls@^1.2.1
736 silly packumentCache full:https://registry.npmjs.org/prelude-ls cache-miss
737 http fetch GET 200 https://registry.npmjs.org/is-extglob 31ms (cache miss)
738 silly packumentCache full:https://registry.npmjs.org/is-extglob set size:undefined disposed:false
739 silly fetch manifest deep-is@^0.1.3
740 silly packumentCache full:https://registry.npmjs.org/deep-is cache-miss
741 http fetch GET 200 https://registry.npmjs.org/prelude-ls 32ms (cache miss)
742 silly packumentCache full:https://registry.npmjs.org/prelude-ls set size:undefined disposed:false
743 silly fetch manifest word-wrap@^1.2.5
744 silly packumentCache full:https://registry.npmjs.org/word-wrap cache-miss
745 http fetch GET 200 https://registry.npmjs.org/argparse 45ms (cache miss)
746 silly packumentCache full:https://registry.npmjs.org/argparse set size:undefined disposed:false
747 silly fetch manifest type-check@^0.4.0
748 silly packumentCache full:https://registry.npmjs.org/type-check cache-miss
749 http fetch GET 200 https://registry.npmjs.org/type-check 40ms (cache miss)
750 silly packumentCache full:https://registry.npmjs.org/type-check set size:undefined disposed:false
751 silly fetch manifest fast-levenshtein@^2.0.6
752 silly packumentCache full:https://registry.npmjs.org/fast-levenshtein cache-miss
753 http fetch GET 200 https://registry.npmjs.org/brace-expansion 37ms (cache miss)
754 silly packumentCache full:https://registry.npmjs.org/brace-expansion set size:undefined disposed:false
755 silly fetch manifest ansi-regex@^5.0.1
756 silly packumentCache full:https://registry.npmjs.org/ansi-regex cache-miss
757 http fetch GET 200 https://registry.npmjs.org/prelude-ls 38ms (cache miss)
758 silly packumentCache full:https://registry.npmjs.org/prelude-ls set size:undefined disposed:false
759 http fetch GET 200 https://registry.npmjs.org/word-wrap 27ms (cache miss)
760 silly packumentCache full:https://registry.npmjs.org/word-wrap set size:undefined disposed:false
761 http fetch GET 200 https://registry.npmjs.org/type-check 40ms (cache miss)
762 silly packumentCache full:https://registry.npmjs.org/type-check set size:undefined disposed:false
763 http fetch GET 200 https://registry.npmjs.org/fast-levenshtein 42ms (cache miss)
764 silly packumentCache full:https://registry.npmjs.org/fast-levenshtein set size:undefined disposed:false
765 http fetch GET 200 https://registry.npmjs.org/ansi-regex 41ms (cache miss)
766 silly packumentCache full:https://registry.npmjs.org/ansi-regex set size:undefined disposed:false
767 http fetch GET 200 https://registry.npmjs.org/type-fest 125ms (cache miss)
768 silly packumentCache full:https://registry.npmjs.org/type-fest set size:undefined disposed:false
769 http fetch GET 200 https://registry.npmjs.org/deep-is 96ms (cache miss)
770 silly packumentCache full:https://registry.npmjs.org/deep-is set size:undefined disposed:false
771 http fetch GET 200 https://registry.npmjs.org/@nodelib%2ffs.scandir 322ms (cache miss)
772 silly packumentCache full:https://registry.npmjs.org/@nodelib%2ffs.scandir set size:undefined disposed:false
773 http fetch GET 200 https://registry.npmjs.org/@humanwhocodes%2fobject-schema 894ms (cache miss)
774 silly packumentCache full:https://registry.npmjs.org/@humanwhocodes%2fobject-schema set size:undefined disposed:false
775 silly placeDep ROOT import-fresh@3.3.1 OK for: @eslint/eslintrc@2.1.4 want: ^3.2.1
776 silly placeDep ROOT strip-json-comments@3.1.1 OK for: @eslint/eslintrc@2.1.4 want: ^3.1.1
777 silly fetch manifest parent-module@^1.0.0
778 silly packumentCache full:https://registry.npmjs.org/parent-module cache-miss
779 silly fetch manifest resolve-from@^4.0.0
780 silly packumentCache full:https://registry.npmjs.org/resolve-from cache-miss
781 http fetch GET 200 https://registry.npmjs.org/resolve-from 30ms (cache miss)
782 silly packumentCache full:https://registry.npmjs.org/resolve-from set size:undefined disposed:false
783 http fetch GET 200 https://registry.npmjs.org/parent-module 39ms (cache miss)
784 silly packumentCache full:https://registry.npmjs.org/parent-module set size:undefined disposed:false
785 silly placeDep ROOT @humanwhocodes/object-schema@2.0.3 OK for: @humanwhocodes/config-array@0.13.0 want: ^2.0.3
786 silly placeDep ROOT @nodelib/fs.scandir@2.1.5 OK for: @nodelib/fs.walk@1.2.8 want: 2.1.5
787 silly placeDep ROOT fastq@1.19.1 OK for: @nodelib/fs.walk@1.2.8 want: ^1.6.0
788 silly fetch manifest run-parallel@^1.1.9
789 silly packumentCache full:https://registry.npmjs.org/run-parallel cache-miss
790 silly fetch manifest @nodelib/fs.stat@2.0.5
791 silly packumentCache full:https://registry.npmjs.org/@nodelib%2ffs.stat cache-miss
792 silly fetch manifest reusify@^1.0.4
793 silly packumentCache full:https://registry.npmjs.org/reusify cache-miss
794 http fetch GET 200 https://registry.npmjs.org/reusify 32ms (cache miss)
795 silly packumentCache full:https://registry.npmjs.org/reusify set size:undefined disposed:false
796 http fetch GET 200 https://registry.npmjs.org/run-parallel 43ms (cache miss)
797 silly packumentCache full:https://registry.npmjs.org/run-parallel set size:undefined disposed:false
798 http fetch GET 200 https://registry.npmjs.org/@nodelib%2ffs.stat 44ms (cache miss)
799 silly packumentCache full:https://registry.npmjs.org/@nodelib%2ffs.stat set size:undefined disposed:false
800 silly placeDep ROOT @nodelib/fs.stat@2.0.5 OK for: @nodelib/fs.scandir@2.1.5 want: 2.0.5
801 silly placeDep ROOT run-parallel@1.2.0 OK for: @nodelib/fs.scandir@2.1.5 want: ^1.1.9
802 silly fetch manifest queue-microtask@^1.2.2
803 silly packumentCache full:https://registry.npmjs.org/queue-microtask cache-miss
804 http fetch GET 200 https://registry.npmjs.org/queue-microtask 41ms (cache miss)
805 silly packumentCache full:https://registry.npmjs.org/queue-microtask set size:undefined disposed:false
806 silly placeDep ROOT fast-json-stable-stringify@2.1.0 OK for: ajv@6.12.6 want: ^2.0.0
807 silly placeDep ROOT json-schema-traverse@0.4.1 OK for: ajv@6.12.6 want: ^0.4.1
808 silly placeDep ROOT uri-js@4.4.1 OK for: ajv@6.12.6 want: ^4.2.2
809 silly fetch manifest punycode@^2.1.0
810 silly packumentCache full:https://registry.npmjs.org/punycode cache-miss
811 http fetch GET 200 https://registry.npmjs.org/punycode 64ms (cache miss)
812 silly packumentCache full:https://registry.npmjs.org/punycode set size:undefined disposed:false
813 silly placeDep ROOT ansi-styles@4.3.0 OK for: chalk@4.1.2 want: ^4.1.0
814 silly placeDep ROOT supports-color@7.2.0 OK for: chalk@4.1.2 want: ^7.1.0
815 silly fetch manifest color-convert@^2.0.1
816 silly packumentCache full:https://registry.npmjs.org/color-convert cache-miss
817 silly fetch manifest has-flag@^4.0.0
818 silly packumentCache full:https://registry.npmjs.org/has-flag cache-miss
819 http fetch GET 200 https://registry.npmjs.org/has-flag 40ms (cache miss)
820 silly packumentCache full:https://registry.npmjs.org/has-flag set size:undefined disposed:false
821 http fetch GET 200 https://registry.npmjs.org/color-convert 49ms (cache miss)
822 silly packumentCache full:https://registry.npmjs.org/color-convert set size:undefined disposed:false
823 silly placeDep ROOT color-convert@2.0.1 OK for: ansi-styles@4.3.0 want: ^2.0.1
824 silly fetch manifest color-name@~1.1.4
825 silly packumentCache full:https://registry.npmjs.org/color-name cache-miss
826 http fetch GET 200 https://registry.npmjs.org/color-name 31ms (cache miss)
827 silly packumentCache full:https://registry.npmjs.org/color-name set size:undefined disposed:false
828 silly placeDep ROOT color-name@1.1.4 OK for: color-convert@2.0.1 want: ~1.1.4
829 silly placeDep ROOT path-key@3.1.1 OK for: cross-spawn@7.0.6 want: ^3.1.0
830 silly placeDep ROOT shebang-command@2.0.0 OK for: cross-spawn@7.0.6 want: ^2.0.0
831 silly placeDep ROOT which@2.0.2 OK for: cross-spawn@7.0.6 want: ^2.0.1
832 silly fetch manifest shebang-regex@^3.0.0
833 silly packumentCache full:https://registry.npmjs.org/shebang-regex cache-miss
834 silly fetch manifest isexe@^2.0.0
835 silly packumentCache full:https://registry.npmjs.org/isexe cache-miss
836 http fetch GET 200 https://registry.npmjs.org/isexe 29ms (cache miss)
837 silly packumentCache full:https://registry.npmjs.org/isexe set size:undefined disposed:false
838 http fetch GET 200 https://registry.npmjs.org/shebang-regex 37ms (cache miss)
839 silly packumentCache full:https://registry.npmjs.org/shebang-regex set size:undefined disposed:false
840 silly placeDep ROOT ms@2.1.3 OK for: debug@4.4.3 want: ^2.1.3
841 silly fetch manifest eslint@^7.23.0 || ^8.0.0
842 silly packumentCache full:https://registry.npmjs.org/eslint cache-miss
843 http cache https://registry.npmjs.org/eslint 5ms (cache hit)
844 silly packumentCache full:https://registry.npmjs.org/eslint set size:1859273 disposed:false
845 silly fetch manifest eslint-plugin-import-x@*
846 silly packumentCache full:https://registry.npmjs.org/eslint-plugin-import-x cache-miss
847 http fetch GET 200 https://registry.npmjs.org/eslint-plugin-import-x 52ms (cache miss)
848 silly packumentCache full:https://registry.npmjs.org/eslint-plugin-import-x set size:undefined disposed:false
849 silly fetch manifest @typescript-eslint/utils@^8.0.0
850 silly packumentCache full:https://registry.npmjs.org/@typescript-eslint%2futils cache-miss
851 http fetch GET 200 https://registry.npmjs.org/@typescript-eslint%2futils 632ms (cache miss)
852 silly packumentCache full:https://registry.npmjs.org/@typescript-eslint%2futils set size:undefined disposed:false
853 silly fetch manifest typescript@>=3.3.1
854 silly packumentCache full:https://registry.npmjs.org/typescript cache-miss
855 http cache https://registry.npmjs.org/typescript 18ms (cache hit)
856 silly packumentCache full:https://registry.npmjs.org/typescript set size:14907809 disposed:false
857 silly placeDep ROOT @next/eslint-plugin-next@14.2.5 OK for: eslint-config-next@14.2.5 want: 14.2.5
858 silly placeDep ROOT @rushstack/eslint-patch@1.15.0 OK for: eslint-config-next@14.2.5 want: ^1.3.3
859 silly placeDep ROOT @typescript-eslint/parser@7.2.0 OK for: eslint-config-next@14.2.5 want: ^5.4.2 || ^6.0.0 || 7.0.0 - 7.2.0
860 silly placeDep ROOT eslint-import-resolver-node@0.3.9 OK for: eslint-config-next@14.2.5 want: ^0.3.6
861 silly placeDep ROOT eslint-import-resolver-typescript@3.10.1 OK for: eslint-config-next@14.2.5 want: ^3.5.2
862 silly placeDep ROOT eslint-plugin-import@2.32.0 OK for: eslint-config-next@14.2.5 want: ^2.28.1
863 silly placeDep ROOT eslint-plugin-jsx-a11y@6.10.2 OK for: eslint-config-next@14.2.5 want: ^6.7.1
864 silly placeDep ROOT eslint-plugin-react@7.37.5 OK for: eslint-config-next@14.2.5 want: ^7.33.2
865 silly placeDep ROOT eslint-plugin-react-hooks@5.0.0-canary-7118f5dd7-20230705 OK for: eslint-config-next@14.2.5 want: ^4.5.0 || 5.0.0-canary-7118f5dd7-20230705
866 silly fetch manifest glob@10.3.10
867 silly packumentCache full:https://registry.npmjs.org/glob cache-miss
868 silly fetch manifest @typescript-eslint/types@7.2.0
869 silly packumentCache full:https://registry.npmjs.org/@typescript-eslint%2ftypes cache-miss
870 silly fetch manifest @typescript-eslint/visitor-keys@7.2.0
871 silly packumentCache full:https://registry.npmjs.org/@typescript-eslint%2fvisitor-keys cache-miss
872 silly fetch manifest @typescript-eslint/scope-manager@7.2.0
873 silly packumentCache full:https://registry.npmjs.org/@typescript-eslint%2fscope-manager cache-miss
874 silly fetch manifest @typescript-eslint/typescript-estree@7.2.0
875 silly packumentCache full:https://registry.npmjs.org/@typescript-eslint%2ftypescript-estree cache-miss
876 silly fetch manifest debug@^3.2.7
877 silly packumentCache full:https://registry.npmjs.org/debug cache-hit
878 silly fetch manifest is-core-module@^2.13.0
879 silly packumentCache full:https://registry.npmjs.org/is-core-module cache-miss
880 silly fetch manifest resolve@^1.22.4
881 silly packumentCache full:https://registry.npmjs.org/resolve cache-miss
882 silly fetch manifest tinyglobby@^0.2.13
883 silly packumentCache full:https://registry.npmjs.org/tinyglobby cache-miss
884 silly fetch manifest stable-hash@^0.0.5
885 silly packumentCache full:https://registry.npmjs.org/stable-hash cache-miss
886 http cache https://registry.npmjs.org/resolve 5ms (cache hit)
887 silly packumentCache full:https://registry.npmjs.org/resolve set size:246681 disposed:false
888 silly fetch manifest get-tsconfig@^4.10.0
889 silly packumentCache full:https://registry.npmjs.org/get-tsconfig cache-miss
890 http fetch GET 200 https://registry.npmjs.org/glob 43ms (cache miss)
891 silly packumentCache full:https://registry.npmjs.org/glob set size:undefined disposed:false
892 silly fetch manifest is-bun-module@^2.0.0
893 silly packumentCache full:https://registry.npmjs.org/is-bun-module cache-miss
894 http fetch GET 200 https://registry.npmjs.org/stable-hash 48ms (cache miss)
895 silly packumentCache full:https://registry.npmjs.org/stable-hash set size:undefined disposed:false
896 silly fetch manifest unrs-resolver@^1.6.2
897 silly packumentCache full:https://registry.npmjs.org/unrs-resolver cache-miss
898 http fetch GET 200 https://registry.npmjs.org/tinyglobby 49ms (cache miss)
899 silly packumentCache full:https://registry.npmjs.org/tinyglobby set size:undefined disposed:false
900 silly fetch manifest @nolyfill/is-core-module@1.0.39
901 silly packumentCache full:https://registry.npmjs.org/@nolyfill%2fis-core-module cache-miss
902 http fetch GET 200 https://registry.npmjs.org/get-tsconfig 45ms (cache miss)
903 silly packumentCache full:https://registry.npmjs.org/get-tsconfig set size:undefined disposed:false
904 silly fetch manifest @rtsao/scc@^1.1.0
905 silly packumentCache full:https://registry.npmjs.org/@rtsao%2fscc cache-miss
906 http fetch GET 200 https://registry.npmjs.org/is-core-module 92ms (cache miss)
907 silly packumentCache full:https://registry.npmjs.org/is-core-module set size:undefined disposed:false
908 silly fetch manifest array-includes@^3.1.9
909 silly packumentCache full:https://registry.npmjs.org/array-includes cache-miss
910 http fetch GET 200 https://registry.npmjs.org/unrs-resolver 61ms (cache miss)
911 silly packumentCache full:https://registry.npmjs.org/unrs-resolver set size:undefined disposed:false
912 silly fetch manifest array.prototype.findlastindex@^1.2.6
913 silly packumentCache full:https://registry.npmjs.org/array.prototype.findlastindex cache-miss
914 http fetch GET 200 https://registry.npmjs.org/array-includes 27ms (cache miss)
915 silly packumentCache full:https://registry.npmjs.org/array-includes set size:undefined disposed:false
916 silly fetch manifest array.prototype.flat@^1.3.3
917 silly packumentCache full:https://registry.npmjs.org/array.prototype.flat cache-miss
918 http fetch GET 200 https://registry.npmjs.org/array.prototype.findlastindex 37ms (cache miss)
919 silly packumentCache full:https://registry.npmjs.org/array.prototype.findlastindex set size:undefined disposed:false
920 silly fetch manifest array.prototype.flatmap@^1.3.3
921 silly packumentCache full:https://registry.npmjs.org/array.prototype.flatmap cache-miss
922 http fetch GET 200 https://registry.npmjs.org/array.prototype.flat 31ms (cache miss)
923 silly packumentCache full:https://registry.npmjs.org/array.prototype.flat set size:undefined disposed:false
924 silly fetch manifest doctrine@^2.1.0
925 silly packumentCache full:https://registry.npmjs.org/doctrine cache-miss
926 http cache https://registry.npmjs.org/doctrine 2ms (cache hit)
927 silly packumentCache full:https://registry.npmjs.org/doctrine set size:64052 disposed:false
928 silly fetch manifest eslint-module-utils@^2.12.1
929 silly packumentCache full:https://registry.npmjs.org/eslint-module-utils cache-miss
930 http fetch GET 200 https://registry.npmjs.org/array.prototype.flatmap 30ms (cache miss)
931 silly packumentCache full:https://registry.npmjs.org/array.prototype.flatmap set size:undefined disposed:false
932 silly fetch manifest hasown@^2.0.2
933 silly packumentCache full:https://registry.npmjs.org/hasown cache-miss
934 http fetch GET 200 https://registry.npmjs.org/eslint-module-utils 37ms (cache miss)
935 silly packumentCache full:https://registry.npmjs.org/eslint-module-utils set size:undefined disposed:false
936 silly fetch manifest is-core-module@^2.16.1
937 silly packumentCache full:https://registry.npmjs.org/is-core-module cache-miss
938 http cache https://registry.npmjs.org/is-core-module 1ms (cache hit)
939 silly packumentCache full:https://registry.npmjs.org/is-core-module set size:71788 disposed:false
940 silly fetch manifest object.fromentries@^2.0.8
941 silly packumentCache full:https://registry.npmjs.org/object.fromentries cache-miss
942 http fetch GET 200 https://registry.npmjs.org/hasown 32ms (cache miss)
943 silly packumentCache full:https://registry.npmjs.org/hasown set size:undefined disposed:false
944 silly fetch manifest object.groupby@^1.0.3
945 silly packumentCache full:https://registry.npmjs.org/object.groupby cache-miss
946 http fetch GET 200 https://registry.npmjs.org/object.fromentries 28ms (cache miss)
947 silly packumentCache full:https://registry.npmjs.org/object.fromentries set size:undefined disposed:false
948 silly fetch manifest object.values@^1.2.1
949 silly packumentCache full:https://registry.npmjs.org/object.values cache-miss
950 http fetch GET 200 https://registry.npmjs.org/object.groupby 44ms (cache miss)
951 silly packumentCache full:https://registry.npmjs.org/object.groupby set size:undefined disposed:false
952 silly fetch manifest semver@^6.3.1
953 silly packumentCache full:https://registry.npmjs.org/semver cache-miss
954 http fetch GET 200 https://registry.npmjs.org/object.values 38ms (cache miss)
955 silly packumentCache full:https://registry.npmjs.org/object.values set size:undefined disposed:false
956 silly fetch manifest string.prototype.trimend@^1.0.9
957 silly packumentCache full:https://registry.npmjs.org/string.prototype.trimend cache-miss
958 http fetch GET 200 https://registry.npmjs.org/string.prototype.trimend 29ms (cache miss)
959 silly packumentCache full:https://registry.npmjs.org/string.prototype.trimend set size:undefined disposed:false
960 silly fetch manifest tsconfig-paths@^3.15.0
961 silly packumentCache full:https://registry.npmjs.org/tsconfig-paths cache-miss
962 http fetch GET 200 https://registry.npmjs.org/semver 57ms (cache miss)
963 silly packumentCache full:https://registry.npmjs.org/semver set size:undefined disposed:false
964 silly fetch manifest aria-query@^5.3.2
965 silly packumentCache full:https://registry.npmjs.org/aria-query cache-miss
966 http fetch GET 200 https://registry.npmjs.org/tsconfig-paths 46ms (cache miss)
967 silly packumentCache full:https://registry.npmjs.org/tsconfig-paths set size:undefined disposed:false
968 silly fetch manifest array-includes@^3.1.8
969 silly packumentCache full:https://registry.npmjs.org/array-includes cache-miss
970 http cache https://registry.npmjs.org/array-includes 1ms (cache hit)
971 silly packumentCache full:https://registry.npmjs.org/array-includes set size:77143 disposed:false
972 silly fetch manifest array.prototype.flatmap@^1.3.2
973 silly packumentCache full:https://registry.npmjs.org/array.prototype.flatmap cache-miss
974 http cache https://registry.npmjs.org/array.prototype.flatmap 1ms (cache hit)
975 silly packumentCache full:https://registry.npmjs.org/array.prototype.flatmap set size:51458 disposed:false
976 silly fetch manifest ast-types-flow@^0.0.8
977 silly packumentCache full:https://registry.npmjs.org/ast-types-flow cache-miss
978 http fetch GET 200 https://registry.npmjs.org/aria-query 36ms (cache miss)
979 silly packumentCache full:https://registry.npmjs.org/aria-query set size:undefined disposed:false
980 silly fetch manifest axe-core@^4.10.0
981 silly packumentCache full:https://registry.npmjs.org/axe-core cache-miss
982 http fetch GET 200 https://registry.npmjs.org/ast-types-flow 33ms (cache miss)
983 silly packumentCache full:https://registry.npmjs.org/ast-types-flow set size:undefined disposed:false
984 silly fetch manifest axobject-query@^4.1.0
985 silly packumentCache full:https://registry.npmjs.org/axobject-query cache-miss
986 http fetch GET 200 https://registry.npmjs.org/axobject-query 80ms (cache miss)
987 silly packumentCache full:https://registry.npmjs.org/axobject-query set size:undefined disposed:false
988 silly fetch manifest damerau-levenshtein@^1.0.8
989 silly packumentCache full:https://registry.npmjs.org/damerau-levenshtein cache-miss
990 http fetch GET 200 https://registry.npmjs.org/@nolyfill%2fis-core-module 475ms (cache miss)
991 silly packumentCache full:https://registry.npmjs.org/@nolyfill%2fis-core-module set size:undefined disposed:false
992 silly fetch manifest emoji-regex@^9.2.2
993 silly packumentCache full:https://registry.npmjs.org/emoji-regex cache-miss
994 http fetch GET 200 https://registry.npmjs.org/damerau-levenshtein 120ms (cache miss)
995 silly packumentCache full:https://registry.npmjs.org/damerau-levenshtein set size:undefined disposed:false
996 silly fetch manifest jsx-ast-utils@^3.3.5
997 silly packumentCache full:https://registry.npmjs.org/jsx-ast-utils cache-miss
998 http fetch GET 200 https://registry.npmjs.org/emoji-regex 159ms (cache miss)
999 silly packumentCache full:https://registry.npmjs.org/emoji-regex set size:undefined disposed:false
1000 silly fetch manifest language-tags@^1.0.9
1001 silly packumentCache full:https://registry.npmjs.org/language-tags cache-miss
1002 http fetch GET 200 https://registry.npmjs.org/axe-core 340ms (cache miss)
1003 silly packumentCache full:https://registry.npmjs.org/axe-core set size:undefined disposed:false
1004 silly fetch manifest safe-regex-test@^1.0.3
1005 silly packumentCache full:https://registry.npmjs.org/safe-regex-test cache-miss
1006 http fetch GET 200 https://registry.npmjs.org/is-bun-module 676ms (cache miss)
1007 silly packumentCache full:https://registry.npmjs.org/is-bun-module set size:undefined disposed:false
1008 silly fetch manifest string.prototype.includes@^2.0.1
1009 silly packumentCache full:https://registry.npmjs.org/string.prototype.includes cache-miss
1010 http fetch GET 200 https://registry.npmjs.org/jsx-ast-utils 146ms (cache miss)
1011 silly packumentCache full:https://registry.npmjs.org/jsx-ast-utils set size:undefined disposed:false
1012 silly fetch manifest array.prototype.findlast@^1.2.5
1013 silly packumentCache full:https://registry.npmjs.org/array.prototype.findlast cache-miss
1014 http fetch GET 200 https://registry.npmjs.org/language-tags 42ms (cache miss)
1015 silly packumentCache full:https://registry.npmjs.org/language-tags set size:undefined disposed:false
1016 silly fetch manifest array.prototype.tosorted@^1.1.4
1017 silly packumentCache full:https://registry.npmjs.org/array.prototype.tosorted cache-miss
1018 http fetch GET 200 https://registry.npmjs.org/safe-regex-test 35ms (cache miss)
1019 silly packumentCache full:https://registry.npmjs.org/safe-regex-test set size:undefined disposed:false
1020 silly fetch manifest es-iterator-helpers@^1.2.1
1021 silly packumentCache full:https://registry.npmjs.org/es-iterator-helpers cache-miss
1022 http fetch GET 200 https://registry.npmjs.org/array.prototype.findlast 31ms (cache miss)
1023 silly packumentCache full:https://registry.npmjs.org/array.prototype.findlast set size:undefined disposed:false
1024 silly fetch manifest estraverse@^5.3.0
1025 silly packumentCache full:https://registry.npmjs.org/estraverse cache-miss
1026 http fetch GET 200 https://registry.npmjs.org/string.prototype.includes 34ms (cache miss)
1027 silly packumentCache full:https://registry.npmjs.org/string.prototype.includes set size:undefined disposed:false
1028 silly fetch manifest jsx-ast-utils@^2.4.1 || ^3.0.0
1029 silly packumentCache full:https://registry.npmjs.org/jsx-ast-utils cache-miss
1030 http cache https://registry.npmjs.org/estraverse 2ms (cache hit)
1031 silly packumentCache full:https://registry.npmjs.org/estraverse set size:62412 disposed:false
1032 silly fetch manifest object.entries@^1.1.9
1033 silly packumentCache full:https://registry.npmjs.org/object.entries cache-miss
1034 http cache https://registry.npmjs.org/jsx-ast-utils 2ms (cache hit)
1035 silly packumentCache full:https://registry.npmjs.org/jsx-ast-utils set size:115998 disposed:false
1036 silly fetch manifest prop-types@^15.8.1
1037 silly packumentCache full:https://registry.npmjs.org/prop-types cache-miss
1038 http fetch GET 200 https://registry.npmjs.org/array.prototype.tosorted 36ms (cache miss)
1039 silly packumentCache full:https://registry.npmjs.org/array.prototype.tosorted set size:undefined disposed:false
1040 silly fetch manifest resolve@^2.0.0-next.5
1041 silly packumentCache full:https://registry.npmjs.org/resolve cache-hit
1042 silly fetch manifest string.prototype.matchall@^4.0.12
1043 silly packumentCache full:https://registry.npmjs.org/string.prototype.matchall cache-miss
1044 http fetch GET 200 https://registry.npmjs.org/object.entries 31ms (cache miss)
1045 silly packumentCache full:https://registry.npmjs.org/object.entries set size:undefined disposed:false
1046 silly fetch manifest string.prototype.repeat@^1.0.0
1047 silly packumentCache full:https://registry.npmjs.org/string.prototype.repeat cache-miss
1048 http fetch GET 200 https://registry.npmjs.org/es-iterator-helpers 38ms (cache miss)
1049 silly packumentCache full:https://registry.npmjs.org/es-iterator-helpers set size:undefined disposed:false
1050 http fetch GET 200 https://registry.npmjs.org/prop-types 38ms (cache miss)
1051 silly packumentCache full:https://registry.npmjs.org/prop-types set size:undefined disposed:false
1052 http fetch GET 200 https://registry.npmjs.org/string.prototype.matchall 46ms (cache miss)
1053 silly packumentCache full:https://registry.npmjs.org/string.prototype.matchall set size:undefined disposed:false
1054 http fetch GET 200 https://registry.npmjs.org/string.prototype.repeat 32ms (cache miss)
1055 silly packumentCache full:https://registry.npmjs.org/string.prototype.repeat set size:undefined disposed:false
1056 http fetch GET 200 https://registry.npmjs.org/@rtsao%2fscc 1048ms (cache miss)
1057 silly packumentCache full:https://registry.npmjs.org/@rtsao%2fscc set size:undefined disposed:false
1058 http fetch GET 200 https://registry.npmjs.org/@typescript-eslint%2ftypes 1711ms (cache miss)
1059 silly packumentCache full:https://registry.npmjs.org/@typescript-eslint%2ftypes set size:undefined disposed:false
1060 http fetch GET 200 https://registry.npmjs.org/@typescript-eslint%2ftypescript-estree 1873ms (cache miss)
1061 silly packumentCache full:https://registry.npmjs.org/@typescript-eslint%2ftypescript-estree set size:undefined disposed:false
1062 http fetch GET 200 https://registry.npmjs.org/@typescript-eslint%2fscope-manager 2194ms (cache miss)
1063 silly packumentCache full:https://registry.npmjs.org/@typescript-eslint%2fscope-manager set size:undefined disposed:false
1064 http fetch GET 200 https://registry.npmjs.org/@typescript-eslint%2fvisitor-keys 2329ms (cache miss)
1065 silly packumentCache full:https://registry.npmjs.org/@typescript-eslint%2fvisitor-keys set size:undefined disposed:false
1066 silly placeDep ROOT glob@10.3.10 OK for: @next/eslint-plugin-next@14.2.5 want: 10.3.10
1067 silly fetch manifest minipass@^5.0.0 || ^6.0.2 || ^7.0.0
1068 silly packumentCache full:https://registry.npmjs.org/minipass cache-miss
1069 silly fetch manifest jackspeak@^2.3.5
1070 silly packumentCache full:https://registry.npmjs.org/jackspeak cache-miss
1071 silly fetch manifest minimatch@^9.0.1
1072 silly packumentCache full:https://registry.npmjs.org/minimatch cache-hit
1073 silly fetch manifest path-scurry@^1.10.1
1074 silly packumentCache full:https://registry.npmjs.org/path-scurry cache-miss
1075 silly fetch manifest foreground-child@^3.1.0
1076 silly packumentCache full:https://registry.npmjs.org/foreground-child cache-miss
1077 http fetch GET 200 https://registry.npmjs.org/jackspeak 46ms (cache miss)
1078 silly packumentCache full:https://registry.npmjs.org/jackspeak set size:undefined disposed:false
1079 http fetch GET 200 https://registry.npmjs.org/foreground-child 55ms (cache miss)
1080 silly packumentCache full:https://registry.npmjs.org/foreground-child set size:undefined disposed:false
1081 http fetch GET 200 https://registry.npmjs.org/path-scurry 69ms (cache miss)
1082 silly packumentCache full:https://registry.npmjs.org/path-scurry set size:undefined disposed:false
1083 http fetch GET 200 https://registry.npmjs.org/minipass 71ms (cache miss)
1084 silly packumentCache full:https://registry.npmjs.org/minipass set size:undefined disposed:false
1085 silly placeDep ROOT @typescript-eslint/scope-manager@7.2.0 OK for: @typescript-eslint/parser@7.2.0 want: 7.2.0
1086 silly placeDep ROOT @typescript-eslint/types@7.2.0 OK for: @typescript-eslint/parser@7.2.0 want: 7.2.0
1087 silly placeDep ROOT @typescript-eslint/typescript-estree@7.2.0 OK for: @typescript-eslint/parser@7.2.0 want: 7.2.0
1088 silly placeDep ROOT @typescript-eslint/visitor-keys@7.2.0 OK for: @typescript-eslint/parser@7.2.0 want: 7.2.0
1089 silly fetch manifest globby@^11.1.0
1090 silly packumentCache full:https://registry.npmjs.org/globby cache-miss
1091 silly fetch manifest semver@^7.5.4
1092 silly packumentCache full:https://registry.npmjs.org/semver cache-miss
1093 silly fetch manifest minimatch@9.0.3
1094 silly packumentCache full:https://registry.npmjs.org/minimatch cache-hit
1095 silly fetch manifest ts-api-utils@^1.0.1
1096 silly packumentCache full:https://registry.npmjs.org/ts-api-utils cache-miss
1097 http cache https://registry.npmjs.org/semver 2ms (cache hit)
1098 silly packumentCache full:https://registry.npmjs.org/semver set size:226907 disposed:false
1099 http fetch GET 200 https://registry.npmjs.org/globby 38ms (cache miss)
1100 silly packumentCache full:https://registry.npmjs.org/globby set size:undefined disposed:false
1101 http fetch GET 200 https://registry.npmjs.org/ts-api-utils 651ms (cache miss)
1102 silly packumentCache full:https://registry.npmjs.org/ts-api-utils set size:undefined disposed:false
1103 silly fetch manifest typescript@>=4.2.0
1104 silly packumentCache full:https://registry.npmjs.org/typescript cache-miss
1105 http cache https://registry.npmjs.org/typescript 23ms (cache hit)
1106 silly packumentCache full:https://registry.npmjs.org/typescript set size:14907809 disposed:false
1107 silly placeDep ROOT globby@11.1.0 OK for: @typescript-eslint/typescript-estree@7.2.0 want: ^11.1.0
1108 silly placeDep node_modules/@typescript-eslint/typescript-estree minimatch@9.0.3 OK for: @typescript-eslint/typescript-estree@7.2.0 want: 9.0.3
1109 silly placeDep ROOT semver@7.7.3 OK for: @typescript-eslint/typescript-estree@7.2.0 want: ^7.5.4
1110 silly placeDep ROOT ts-api-utils@1.4.3 OK for: @typescript-eslint/typescript-estree@7.2.0 want: ^1.0.1
1111 silly fetch manifest slash@^3.0.0
1112 silly packumentCache full:https://registry.npmjs.org/slash cache-miss
1113 silly fetch manifest merge2@^1.4.1
1114 silly packumentCache full:https://registry.npmjs.org/merge2 cache-miss
1115 silly fetch manifest dir-glob@^3.0.1
1116 silly packumentCache full:https://registry.npmjs.org/dir-glob cache-miss
1117 silly fetch manifest fast-glob@^3.2.9
1118 silly packumentCache full:https://registry.npmjs.org/fast-glob cache-miss
1119 silly fetch manifest array-union@^2.1.0
1120 silly packumentCache full:https://registry.npmjs.org/array-union cache-miss
1121 silly fetch manifest brace-expansion@^2.0.1
1122 silly packumentCache full:https://registry.npmjs.org/brace-expansion cache-miss
1123 http cache https://registry.npmjs.org/brace-expansion 3ms (cache hit)
1124 silly packumentCache full:https://registry.npmjs.org/brace-expansion set size:46250 disposed:false
1125 http cache https://registry.npmjs.org/fast-glob 5ms (cache hit)
1126 silly packumentCache full:https://registry.npmjs.org/fast-glob set size:220556 disposed:false
1127 http fetch GET 200 https://registry.npmjs.org/slash 30ms (cache miss)
1128 silly packumentCache full:https://registry.npmjs.org/slash set size:undefined disposed:false
1129 http fetch GET 200 https://registry.npmjs.org/merge2 34ms (cache miss)
1130 silly packumentCache full:https://registry.npmjs.org/merge2 set size:undefined disposed:false
1131 http fetch GET 200 https://registry.npmjs.org/array-union 34ms (cache miss)
1132 silly packumentCache full:https://registry.npmjs.org/array-union set size:undefined disposed:false
1133 http fetch GET 200 https://registry.npmjs.org/dir-glob 36ms (cache miss)
1134 silly packumentCache full:https://registry.npmjs.org/dir-glob set size:undefined disposed:false
1135 silly placeDep node_modules/eslint-import-resolver-node debug@3.2.7 OK for: eslint-import-resolver-node@0.3.9 want: ^3.2.7
1136 silly placeDep ROOT is-core-module@2.16.1 OK for: eslint-import-resolver-node@0.3.9 want: ^2.13.0
1137 silly placeDep ROOT resolve@1.22.11 OK for: eslint-import-resolver-node@0.3.9 want: ^1.22.4
1138 silly fetch manifest path-parse@^1.0.7
1139 silly packumentCache full:https://registry.npmjs.org/path-parse cache-miss
1140 silly fetch manifest supports-preserve-symlinks-flag@^1.0.0
1141 silly packumentCache full:https://registry.npmjs.org/supports-preserve-symlinks-flag cache-miss
1142 http fetch GET 200 https://registry.npmjs.org/supports-preserve-symlinks-flag 28ms (cache miss)
1143 silly packumentCache full:https://registry.npmjs.org/supports-preserve-symlinks-flag set size:undefined disposed:false
1144 http fetch GET 200 https://registry.npmjs.org/path-parse 32ms (cache miss)
1145 silly packumentCache full:https://registry.npmjs.org/path-parse set size:undefined disposed:false
1146 silly placeDep ROOT @nolyfill/is-core-module@1.0.39 OK for: eslint-import-resolver-typescript@3.10.1 want: 1.0.39
1147 silly placeDep ROOT get-tsconfig@4.13.0 OK for: eslint-import-resolver-typescript@3.10.1 want: ^4.10.0
1148 silly placeDep ROOT is-bun-module@2.0.0 OK for: eslint-import-resolver-typescript@3.10.1 want: ^2.0.0
1149 silly placeDep ROOT stable-hash@0.0.5 OK for: eslint-import-resolver-typescript@3.10.1 want: ^0.0.5
1150 silly placeDep ROOT tinyglobby@0.2.15 OK for: eslint-import-resolver-typescript@3.10.1 want: ^0.2.13
1151 silly placeDep ROOT unrs-resolver@1.11.1 OK for: eslint-import-resolver-typescript@3.10.1 want: ^1.6.2
1152 silly fetch manifest resolve-pkg-maps@^1.0.0
1153 silly packumentCache full:https://registry.npmjs.org/resolve-pkg-maps cache-miss
1154 silly fetch manifest fdir@^6.5.0
1155 silly packumentCache full:https://registry.npmjs.org/fdir cache-miss
1156 silly fetch manifest picomatch@^4.0.3
1157 silly packumentCache full:https://registry.npmjs.org/picomatch cache-miss
1158 silly fetch manifest napi-postinstall@^0.3.0
1159 silly packumentCache full:https://registry.npmjs.org/napi-postinstall cache-miss
1160 silly fetch manifest @unrs/resolver-binding-win32-x64-msvc@1.11.1
1161 silly packumentCache full:https://registry.npmjs.org/@unrs%2fresolver-binding-win32-x64-msvc cache-miss
1162 silly fetch manifest @unrs/resolver-binding-win32-arm64-msvc@1.11.1
1163 silly packumentCache full:https://registry.npmjs.org/@unrs%2fresolver-binding-win32-arm64-msvc cache-miss
1164 silly fetch manifest @unrs/resolver-binding-win32-ia32-msvc@1.11.1
1165 silly packumentCache full:https://registry.npmjs.org/@unrs%2fresolver-binding-win32-ia32-msvc cache-miss
1166 silly fetch manifest @unrs/resolver-binding-linux-x64-gnu@1.11.1
1167 silly packumentCache full:https://registry.npmjs.org/@unrs%2fresolver-binding-linux-x64-gnu cache-miss
1168 silly fetch manifest @unrs/resolver-binding-linux-x64-musl@1.11.1
1169 silly packumentCache full:https://registry.npmjs.org/@unrs%2fresolver-binding-linux-x64-musl cache-miss
1170 http fetch GET 200 https://registry.npmjs.org/fdir 38ms (cache miss)
1171 silly packumentCache full:https://registry.npmjs.org/fdir set size:undefined disposed:false
1172 silly fetch manifest @unrs/resolver-binding-freebsd-x64@1.11.1
1173 silly packumentCache full:https://registry.npmjs.org/@unrs%2fresolver-binding-freebsd-x64 cache-miss
1174 http fetch GET 200 https://registry.npmjs.org/picomatch 45ms (cache miss)
1175 silly packumentCache full:https://registry.npmjs.org/picomatch set size:undefined disposed:false
1176 silly fetch manifest @unrs/resolver-binding-android-arm64@1.11.1
1177 silly packumentCache full:https://registry.npmjs.org/@unrs%2fresolver-binding-android-arm64 cache-miss
1178 http fetch GET 200 https://registry.npmjs.org/resolve-pkg-maps 49ms (cache miss)
1179 silly packumentCache full:https://registry.npmjs.org/resolve-pkg-maps set size:undefined disposed:false
1180 silly fetch manifest @unrs/resolver-binding-linux-arm64-gnu@1.11.1
1181 silly packumentCache full:https://registry.npmjs.org/@unrs%2fresolver-binding-linux-arm64-gnu cache-miss
1182 http fetch GET 200 https://registry.npmjs.org/napi-postinstall 61ms (cache miss)
1183 silly packumentCache full:https://registry.npmjs.org/napi-postinstall set size:undefined disposed:false
1184 silly fetch manifest @unrs/resolver-binding-linux-arm64-musl@1.11.1
1185 silly packumentCache full:https://registry.npmjs.org/@unrs%2fresolver-binding-linux-arm64-musl cache-miss
1186 http fetch GET 200 https://registry.npmjs.org/@unrs%2fresolver-binding-linux-x64-musl 363ms (cache miss)
1187 silly packumentCache full:https://registry.npmjs.org/@unrs%2fresolver-binding-linux-x64-musl set size:undefined disposed:false
1188 silly fetch manifest @unrs/resolver-binding-android-arm-eabi@1.11.1
1189 silly packumentCache full:https://registry.npmjs.org/@unrs%2fresolver-binding-android-arm-eabi cache-miss
1190 http fetch GET 200 https://registry.npmjs.org/@unrs%2fresolver-binding-win32-arm64-msvc 370ms (cache miss)
1191 silly packumentCache full:https://registry.npmjs.org/@unrs%2fresolver-binding-win32-arm64-msvc set size:undefined disposed:false
1192 silly fetch manifest @unrs/resolver-binding-linux-arm-gnueabihf@1.11.1
1193 silly packumentCache full:https://registry.npmjs.org/@unrs%2fresolver-binding-linux-arm-gnueabihf cache-miss
1194 http fetch GET 200 https://registry.npmjs.org/@unrs%2fresolver-binding-freebsd-x64 337ms (cache miss)
1195 silly packumentCache full:https://registry.npmjs.org/@unrs%2fresolver-binding-freebsd-x64 set size:undefined disposed:false
1196 silly fetch manifest @unrs/resolver-binding-linux-arm-musleabihf@1.11.1
1197 silly packumentCache full:https://registry.npmjs.org/@unrs%2fresolver-binding-linux-arm-musleabihf cache-miss
1198 http fetch GET 200 https://registry.npmjs.org/@unrs%2fresolver-binding-android-arm64 351ms (cache miss)
1199 silly packumentCache full:https://registry.npmjs.org/@unrs%2fresolver-binding-android-arm64 set size:undefined disposed:false
1200 silly fetch manifest @unrs/resolver-binding-linux-ppc64-gnu@1.11.1
1201 silly packumentCache full:https://registry.npmjs.org/@unrs%2fresolver-binding-linux-ppc64-gnu cache-miss
1202 http fetch GET 200 https://registry.npmjs.org/@unrs%2fresolver-binding-linux-arm64-musl 342ms (cache miss)
1203 silly packumentCache full:https://registry.npmjs.org/@unrs%2fresolver-binding-linux-arm64-musl set size:undefined disposed:false
1204 silly fetch manifest @unrs/resolver-binding-linux-riscv64-gnu@1.11.1
1205 silly packumentCache full:https://registry.npmjs.org/@unrs%2fresolver-binding-linux-riscv64-gnu cache-miss
1206 http fetch GET 200 https://registry.npmjs.org/@unrs%2fresolver-binding-linux-x64-gnu 406ms (cache miss)
1207 silly packumentCache full:https://registry.npmjs.org/@unrs%2fresolver-binding-linux-x64-gnu set size:undefined disposed:false
1208 silly fetch manifest @unrs/resolver-binding-linux-riscv64-musl@1.11.1
1209 silly packumentCache full:https://registry.npmjs.org/@unrs%2fresolver-binding-linux-riscv64-musl cache-miss
1210 http fetch GET 200 https://registry.npmjs.org/@unrs%2fresolver-binding-linux-arm64-gnu 390ms (cache miss)
1211 silly packumentCache full:https://registry.npmjs.org/@unrs%2fresolver-binding-linux-arm64-gnu set size:undefined disposed:false
1212 silly fetch manifest @unrs/resolver-binding-linux-s390x-gnu@1.11.1
1213 silly packumentCache full:https://registry.npmjs.org/@unrs%2fresolver-binding-linux-s390x-gnu cache-miss
1214 http fetch GET 200 https://registry.npmjs.org/@unrs%2fresolver-binding-linux-arm-musleabihf 333ms (cache miss)
1215 silly packumentCache full:https://registry.npmjs.org/@unrs%2fresolver-binding-linux-arm-musleabihf set size:undefined disposed:false
1216 silly fetch manifest @unrs/resolver-binding-darwin-x64@1.11.1
1217 silly packumentCache full:https://registry.npmjs.org/@unrs%2fresolver-binding-darwin-x64 cache-miss
1218 http fetch GET 200 https://registry.npmjs.org/@unrs%2fresolver-binding-android-arm-eabi 371ms (cache miss)
1219 silly packumentCache full:https://registry.npmjs.org/@unrs%2fresolver-binding-android-arm-eabi set size:undefined disposed:false
1220 silly fetch manifest @unrs/resolver-binding-darwin-arm64@1.11.1
1221 silly packumentCache full:https://registry.npmjs.org/@unrs%2fresolver-binding-darwin-arm64 cache-miss
1222 http fetch GET 200 https://registry.npmjs.org/@unrs%2fresolver-binding-linux-riscv64-gnu 340ms (cache miss)
1223 silly packumentCache full:https://registry.npmjs.org/@unrs%2fresolver-binding-linux-riscv64-gnu set size:undefined disposed:false
1224 silly fetch manifest @unrs/resolver-binding-wasm32-wasi@1.11.1
1225 silly packumentCache full:https://registry.npmjs.org/@unrs%2fresolver-binding-wasm32-wasi cache-miss
1226 http fetch GET 200 https://registry.npmjs.org/@unrs%2fresolver-binding-linux-ppc64-gnu 359ms (cache miss)
1227 silly packumentCache full:https://registry.npmjs.org/@unrs%2fresolver-binding-linux-ppc64-gnu set size:undefined disposed:false
1228 http fetch GET 200 https://registry.npmjs.org/@unrs%2fresolver-binding-linux-riscv64-musl 371ms (cache miss)
1229 silly packumentCache full:https://registry.npmjs.org/@unrs%2fresolver-binding-linux-riscv64-musl set size:undefined disposed:false
1230 http fetch GET 200 https://registry.npmjs.org/@unrs%2fresolver-binding-linux-s390x-gnu 382ms (cache miss)
1231 silly packumentCache full:https://registry.npmjs.org/@unrs%2fresolver-binding-linux-s390x-gnu set size:undefined disposed:false
1232 http fetch GET 200 https://registry.npmjs.org/@unrs%2fresolver-binding-win32-x64-msvc 873ms (cache miss)
1233 silly packumentCache full:https://registry.npmjs.org/@unrs%2fresolver-binding-win32-x64-msvc set size:undefined disposed:false
1234 http fetch GET 200 https://registry.npmjs.org/@unrs%2fresolver-binding-win32-ia32-msvc 909ms (cache miss)
1235 silly packumentCache full:https://registry.npmjs.org/@unrs%2fresolver-binding-win32-ia32-msvc set size:undefined disposed:false
1236 http fetch GET 200 https://registry.npmjs.org/@unrs%2fresolver-binding-darwin-x64 344ms (cache miss)
1237 silly packumentCache full:https://registry.npmjs.org/@unrs%2fresolver-binding-darwin-x64 set size:undefined disposed:false
1238 http fetch GET 200 https://registry.npmjs.org/@unrs%2fresolver-binding-darwin-arm64 352ms (cache miss)
1239 silly packumentCache full:https://registry.npmjs.org/@unrs%2fresolver-binding-darwin-arm64 set size:undefined disposed:false
1240 http fetch GET 200 https://registry.npmjs.org/@unrs%2fresolver-binding-wasm32-wasi 350ms (cache miss)
1241 silly packumentCache full:https://registry.npmjs.org/@unrs%2fresolver-binding-wasm32-wasi set size:undefined disposed:false
1242 http fetch GET 200 https://registry.npmjs.org/@unrs%2fresolver-binding-linux-arm-gnueabihf 890ms (cache miss)
1243 silly packumentCache full:https://registry.npmjs.org/@unrs%2fresolver-binding-linux-arm-gnueabihf set size:undefined disposed:false
1244 silly placeDep ROOT @rtsao/scc@1.1.0 OK for: eslint-plugin-import@2.32.0 want: ^1.1.0
1245 silly placeDep ROOT array-includes@3.1.9 OK for: eslint-plugin-import@2.32.0 want: ^3.1.9
1246 silly placeDep ROOT array.prototype.findlastindex@1.2.6 OK for: eslint-plugin-import@2.32.0 want: ^1.2.6
1247 silly placeDep ROOT array.prototype.flat@1.3.3 OK for: eslint-plugin-import@2.32.0 want: ^1.3.3
1248 silly placeDep ROOT array.prototype.flatmap@1.3.3 OK for: eslint-plugin-import@2.32.0 want: ^1.3.3
1249 silly placeDep node_modules/eslint-plugin-import debug@3.2.7 OK for: eslint-plugin-import@2.32.0 want: ^3.2.7
1250 silly placeDep node_modules/eslint-plugin-import doctrine@2.1.0 OK for: eslint-plugin-import@2.32.0 want: ^2.1.0
1251 silly placeDep ROOT eslint-module-utils@2.12.1 OK for: eslint-plugin-import@2.32.0 want: ^2.12.1
1252 silly placeDep ROOT hasown@2.0.2 OK for: eslint-plugin-import@2.32.0 want: ^2.0.2
1253 silly placeDep ROOT object.fromentries@2.0.8 OK for: eslint-plugin-import@2.32.0 want: ^2.0.8
1254 silly placeDep ROOT object.groupby@1.0.3 OK for: eslint-plugin-import@2.32.0 want: ^1.0.3
1255 silly placeDep ROOT object.values@1.2.1 OK for: eslint-plugin-import@2.32.0 want: ^1.2.1
1256 silly placeDep node_modules/eslint-plugin-import semver@6.3.1 OK for: eslint-plugin-import@2.32.0 want: ^6.3.1
1257 silly placeDep ROOT string.prototype.trimend@1.0.9 OK for: eslint-plugin-import@2.32.0 want: ^1.0.9
1258 silly placeDep ROOT tsconfig-paths@3.15.0 OK for: eslint-plugin-import@2.32.0 want: ^3.15.0
1259 silly fetch manifest call-bind@^1.0.8
1260 silly packumentCache full:https://registry.npmjs.org/call-bind cache-miss
1261 silly fetch manifest call-bound@^1.0.4
1262 silly packumentCache full:https://registry.npmjs.org/call-bound cache-miss
1263 silly fetch manifest define-properties@^1.2.1
1264 silly packumentCache full:https://registry.npmjs.org/define-properties cache-miss
1265 silly fetch manifest es-abstract@^1.24.0
1266 silly packumentCache full:https://registry.npmjs.org/es-abstract cache-miss
1267 silly fetch manifest es-object-atoms@^1.1.1
1268 silly packumentCache full:https://registry.npmjs.org/es-object-atoms cache-miss
1269 silly fetch manifest get-intrinsic@^1.3.0
1270 silly packumentCache full:https://registry.npmjs.org/get-intrinsic cache-miss
1271 silly fetch manifest is-string@^1.1.1
1272 silly packumentCache full:https://registry.npmjs.org/is-string cache-miss
1273 silly fetch manifest math-intrinsics@^1.1.0
1274 silly packumentCache full:https://registry.npmjs.org/math-intrinsics cache-miss
1275 silly fetch manifest call-bind@^1.0.8
1276 silly packumentCache full:https://registry.npmjs.org/call-bind cache-miss
1277 http fetch GET 200 https://registry.npmjs.org/call-bound 32ms (cache miss)
1278 silly packumentCache full:https://registry.npmjs.org/call-bound set size:undefined disposed:false
1279 silly fetch manifest define-properties@^1.2.1
1280 silly packumentCache full:https://registry.npmjs.org/define-properties cache-miss
1281 http fetch GET 200 https://registry.npmjs.org/es-object-atoms 38ms (cache miss)
1282 silly packumentCache full:https://registry.npmjs.org/es-object-atoms set size:undefined disposed:false
1283 silly fetch manifest es-abstract@^1.23.9
1284 silly packumentCache full:https://registry.npmjs.org/es-abstract cache-miss
1285 http fetch GET 200 https://registry.npmjs.org/call-bind 37ms (cache miss)
1286 silly packumentCache full:https://registry.npmjs.org/call-bind set size:undefined disposed:false
1287 silly fetch manifest es-errors@^1.3.0
1288 silly packumentCache full:https://registry.npmjs.org/es-errors cache-miss
1289 http fetch GET 200 https://registry.npmjs.org/get-intrinsic 38ms (cache miss)
1290 silly packumentCache full:https://registry.npmjs.org/get-intrinsic set size:undefined disposed:false
1291 silly fetch manifest es-shim-unscopables@^1.1.0
1292 silly packumentCache full:https://registry.npmjs.org/es-shim-unscopables cache-miss
1293 http fetch GET 200 https://registry.npmjs.org/call-bind 42ms (cache miss)
1294 silly packumentCache full:https://registry.npmjs.org/call-bind set size:undefined disposed:false
1295 silly fetch manifest define-properties@^1.2.1
1296 silly packumentCache full:https://registry.npmjs.org/define-properties cache-miss
1297 http fetch GET 200 https://registry.npmjs.org/math-intrinsics 42ms (cache miss)
1298 silly packumentCache full:https://registry.npmjs.org/math-intrinsics set size:undefined disposed:false
1299 silly fetch manifest es-abstract@^1.23.5
1300 silly packumentCache full:https://registry.npmjs.org/es-abstract cache-miss
1301 http fetch GET 200 https://registry.npmjs.org/define-properties 45ms (cache miss)
1302 silly packumentCache full:https://registry.npmjs.org/define-properties set size:undefined disposed:false
1303 silly fetch manifest es-shim-unscopables@^1.0.2
1304 silly packumentCache full:https://registry.npmjs.org/es-shim-unscopables cache-miss
1305 http fetch GET 200 https://registry.npmjs.org/es-abstract 59ms (cache miss)
1306 silly packumentCache full:https://registry.npmjs.org/es-abstract set size:undefined disposed:false
1307 silly fetch manifest es-abstract@^1.23.5
1308 silly packumentCache full:https://registry.npmjs.org/es-abstract cache-miss
1309 http cache https://registry.npmjs.org/es-abstract 3ms (cache hit)
1310 silly packumentCache full:https://registry.npmjs.org/es-abstract set size:373045 disposed:false
1311 silly fetch manifest es-shim-unscopables@^1.0.2
1312 silly packumentCache full:https://registry.npmjs.org/es-shim-unscopables cache-miss
1313 http fetch GET 200 https://registry.npmjs.org/is-string 66ms (cache miss)
1314 silly packumentCache full:https://registry.npmjs.org/is-string set size:undefined disposed:false
1315 silly fetch manifest function-bind@^1.1.2
1316 silly packumentCache full:https://registry.npmjs.org/function-bind cache-miss
1317 http fetch GET 200 https://registry.npmjs.org/define-properties 38ms (cache miss)
1318 silly packumentCache full:https://registry.npmjs.org/define-properties set size:undefined disposed:false
1319 silly fetch manifest call-bind@^1.0.7
1320 silly packumentCache full:https://registry.npmjs.org/call-bind cache-miss
1321 http fetch GET 200 https://registry.npmjs.org/es-errors 34ms (cache miss)
1322 silly packumentCache full:https://registry.npmjs.org/es-errors set size:undefined disposed:false
1323 silly fetch manifest es-abstract@^1.23.2
1324 silly packumentCache full:https://registry.npmjs.org/es-abstract cache-hit
1325 silly fetch manifest es-object-atoms@^1.0.0
1326 silly packumentCache full:https://registry.npmjs.org/es-object-atoms cache-miss
1327 http cache https://registry.npmjs.org/call-bind 2ms (cache hit)
1328 silly packumentCache full:https://registry.npmjs.org/call-bind set size:30096 disposed:false
1329 silly fetch manifest call-bound@^1.0.3
1330 silly packumentCache full:https://registry.npmjs.org/call-bound cache-miss
1331 http fetch GET 200 https://registry.npmjs.org/es-shim-unscopables 36ms (cache miss)
1332 silly packumentCache full:https://registry.npmjs.org/es-shim-unscopables set size:undefined disposed:false
1333 silly fetch manifest es-object-atoms@^1.0.0
1334 silly packumentCache full:https://registry.npmjs.org/es-object-atoms cache-miss
1335 http cache https://registry.npmjs.org/es-object-atoms 2ms (cache hit)
1336 silly packumentCache full:https://registry.npmjs.org/es-object-atoms set size:15304 disposed:false
1337 silly fetch manifest call-bound@^1.0.2
1338 silly packumentCache full:https://registry.npmjs.org/call-bound cache-miss
1339 http cache https://registry.npmjs.org/call-bound 2ms (cache hit)
1340 silly packumentCache full:https://registry.npmjs.org/call-bound set size:15317 disposed:false
1341 silly fetch manifest json5@^1.0.2
1342 silly packumentCache full:https://registry.npmjs.org/json5 cache-miss
1343 http fetch GET 200 https://registry.npmjs.org/es-shim-unscopables 32ms (cache miss)
1344 silly packumentCache full:https://registry.npmjs.org/es-shim-unscopables set size:undefined disposed:false
1345 silly fetch manifest minimist@^1.2.6
1346 silly packumentCache full:https://registry.npmjs.org/minimist cache-miss
1347 http cache https://registry.npmjs.org/es-object-atoms 3ms (cache hit)
1348 silly packumentCache full:https://registry.npmjs.org/es-object-atoms set size:15304 disposed:false
1349 silly packumentCache full:https://registry.npmjs.org/es-object-atoms dispose
1350 silly fetch manifest strip-bom@^3.0.0
1351 silly packumentCache full:https://registry.npmjs.org/strip-bom cache-miss
1352 http cache https://registry.npmjs.org/call-bound 3ms (cache hit)
1353 silly packumentCache full:https://registry.npmjs.org/call-bound set size:15317 disposed:false
1354 silly packumentCache full:https://registry.npmjs.org/call-bound dispose
1355 silly fetch manifest @types/json5@^0.0.29
1356 silly packumentCache full:https://registry.npmjs.org/@types%2fjson5 cache-miss
1357 http fetch GET 200 https://registry.npmjs.org/define-properties 38ms (cache miss)
1358 silly packumentCache full:https://registry.npmjs.org/define-properties set size:undefined disposed:false
1359 http fetch GET 200 https://registry.npmjs.org/es-abstract 55ms (cache miss)
1360 silly packumentCache full:https://registry.npmjs.org/es-abstract set size:undefined disposed:false
1361 silly packumentCache full:https://registry.npmjs.org/es-abstract dispose
1362 http fetch GET 200 https://registry.npmjs.org/es-shim-unscopables 30ms (cache miss)
1363 silly packumentCache full:https://registry.npmjs.org/es-shim-unscopables set size:undefined disposed:false
1364 http fetch GET 200 https://registry.npmjs.org/es-abstract 61ms (cache miss)
1365 silly packumentCache full:https://registry.npmjs.org/es-abstract set size:undefined disposed:true
1366 http fetch GET 200 https://registry.npmjs.org/function-bind 38ms (cache miss)
1367 silly packumentCache full:https://registry.npmjs.org/function-bind set size:undefined disposed:false
1368 http fetch GET 200 https://registry.npmjs.org/strip-bom 27ms (cache miss)
1369 silly packumentCache full:https://registry.npmjs.org/strip-bom set size:undefined disposed:false
1370 http fetch GET 200 https://registry.npmjs.org/json5 30ms (cache miss)
1371 silly packumentCache full:https://registry.npmjs.org/json5 set size:undefined disposed:false
1372 http fetch GET 200 https://registry.npmjs.org/minimist 36ms (cache miss)
1373 silly packumentCache full:https://registry.npmjs.org/minimist set size:undefined disposed:false
1374 http fetch GET 200 https://registry.npmjs.org/@types%2fjson5 43ms (cache miss)
1375 silly packumentCache full:https://registry.npmjs.org/@types%2fjson5 set size:undefined disposed:false
1376 silly placeDep ROOT call-bind@1.0.8 OK for: array-includes@3.1.9 want: ^1.0.8
1377 silly placeDep ROOT call-bound@1.0.4 OK for: array-includes@3.1.9 want: ^1.0.4
1378 silly placeDep ROOT define-properties@1.2.1 OK for: array-includes@3.1.9 want: ^1.2.1
1379 silly placeDep ROOT es-abstract@1.24.0 OK for: array-includes@3.1.9 want: ^1.24.0
1380 silly placeDep ROOT es-object-atoms@1.1.1 OK for: array-includes@3.1.9 want: ^1.1.1
1381 silly placeDep ROOT get-intrinsic@1.3.0 OK for: array-includes@3.1.9 want: ^1.3.0
1382 silly placeDep ROOT is-string@1.1.1 OK for: array-includes@3.1.9 want: ^1.1.1
1383 silly placeDep ROOT math-intrinsics@1.1.0 OK for: array-includes@3.1.9 want: ^1.1.0
1384 silly fetch manifest call-bind-apply-helpers@^1.0.0
1385 silly packumentCache full:https://registry.npmjs.org/call-bind-apply-helpers cache-miss
1386 silly fetch manifest es-define-property@^1.0.0
1387 silly packumentCache full:https://registry.npmjs.org/es-define-property cache-miss
1388 silly fetch manifest get-intrinsic@^1.2.4
1389 silly packumentCache full:https://registry.npmjs.org/get-intrinsic cache-miss
1390 silly fetch manifest set-function-length@^1.2.2
1391 silly packumentCache full:https://registry.npmjs.org/set-function-length cache-miss
1392 silly fetch manifest call-bind-apply-helpers@^1.0.2
1393 silly packumentCache full:https://registry.npmjs.org/call-bind-apply-helpers cache-miss
1394 silly fetch manifest define-data-property@^1.0.1
1395 silly packumentCache full:https://registry.npmjs.org/define-data-property cache-miss
1396 silly fetch manifest has-property-descriptors@^1.0.0
1397 silly packumentCache full:https://registry.npmjs.org/has-property-descriptors cache-miss
1398 silly fetch manifest object-keys@^1.1.1
1399 silly packumentCache full:https://registry.npmjs.org/object-keys cache-miss
1400 silly fetch manifest array-buffer-byte-length@^1.0.2
1401 silly packumentCache full:https://registry.npmjs.org/array-buffer-byte-length cache-miss
1402 http cache https://registry.npmjs.org/get-intrinsic 3ms (cache hit)
1403 silly packumentCache full:https://registry.npmjs.org/get-intrinsic set size:60985 disposed:false
1404 silly fetch manifest arraybuffer.prototype.slice@^1.0.4
1405 silly packumentCache full:https://registry.npmjs.org/arraybuffer.prototype.slice cache-miss
1406 http fetch GET 200 https://registry.npmjs.org/array-buffer-byte-length 27ms (cache miss)
1407 silly packumentCache full:https://registry.npmjs.org/array-buffer-byte-length set size:undefined disposed:false
1408 silly fetch manifest available-typed-arrays@^1.0.7
1409 silly packumentCache full:https://registry.npmjs.org/available-typed-arrays cache-miss
1410 http fetch GET 200 https://registry.npmjs.org/call-bind-apply-helpers 29ms (cache miss)
1411 silly packumentCache full:https://registry.npmjs.org/call-bind-apply-helpers set size:undefined disposed:false
1412 silly fetch manifest data-view-buffer@^1.0.2
1413 silly packumentCache full:https://registry.npmjs.org/data-view-buffer cache-miss
1414 http fetch GET 200 https://registry.npmjs.org/has-property-descriptors 31ms (cache miss)
1415 silly packumentCache full:https://registry.npmjs.org/has-property-descriptors set size:undefined disposed:false
1416 silly fetch manifest data-view-byte-length@^1.0.2
1417 silly packumentCache full:https://registry.npmjs.org/data-view-byte-length cache-miss
1418 http fetch GET 200 https://registry.npmjs.org/call-bind-apply-helpers 36ms (cache miss)
1419 silly packumentCache full:https://registry.npmjs.org/call-bind-apply-helpers set size:undefined disposed:false
1420 silly fetch manifest data-view-byte-offset@^1.0.1
1421 silly packumentCache full:https://registry.npmjs.org/data-view-byte-offset cache-miss
1422 http fetch GET 200 https://registry.npmjs.org/set-function-length 37ms (cache miss)
1423 silly packumentCache full:https://registry.npmjs.org/set-function-length set size:undefined disposed:false
1424 silly fetch manifest es-define-property@^1.0.1
1425 silly packumentCache full:https://registry.npmjs.org/es-define-property cache-miss
1426 http fetch GET 200 https://registry.npmjs.org/define-data-property 38ms (cache miss)
1427 silly packumentCache full:https://registry.npmjs.org/define-data-property set size:undefined disposed:false
1428 silly fetch manifest es-set-tostringtag@^2.1.0
1429 silly packumentCache full:https://registry.npmjs.org/es-set-tostringtag cache-miss
1430 http fetch GET 200 https://registry.npmjs.org/es-define-property 38ms (cache miss)
1431 silly packumentCache full:https://registry.npmjs.org/es-define-property set size:undefined disposed:false
1432 silly fetch manifest es-to-primitive@^1.3.0
1433 silly packumentCache full:https://registry.npmjs.org/es-to-primitive cache-miss
1434 http fetch GET 200 https://registry.npmjs.org/object-keys 38ms (cache miss)
1435 silly packumentCache full:https://registry.npmjs.org/object-keys set size:undefined disposed:false
1436 silly fetch manifest function.prototype.name@^1.1.8
1437 silly packumentCache full:https://registry.npmjs.org/function.prototype.name cache-miss
1438 http cache https://registry.npmjs.org/es-define-property 2ms (cache hit)
1439 silly packumentCache full:https://registry.npmjs.org/es-define-property set size:8542 disposed:false
1440 silly fetch manifest get-proto@^1.0.1
1441 silly packumentCache full:https://registry.npmjs.org/get-proto cache-miss
1442 http fetch GET 200 https://registry.npmjs.org/arraybuffer.prototype.slice 45ms (cache miss)
1443 silly packumentCache full:https://registry.npmjs.org/arraybuffer.prototype.slice set size:undefined disposed:false
1444 silly fetch manifest get-symbol-description@^1.1.0
1445 silly packumentCache full:https://registry.npmjs.org/get-symbol-description cache-miss
1446 http fetch GET 200 https://registry.npmjs.org/data-view-byte-length 25ms (cache miss)
1447 silly packumentCache full:https://registry.npmjs.org/data-view-byte-length set size:undefined disposed:false
1448 silly fetch manifest globalthis@^1.0.4
1449 silly packumentCache full:https://registry.npmjs.org/globalthis cache-miss
1450 http fetch GET 200 https://registry.npmjs.org/available-typed-arrays 35ms (cache miss)
1451 silly packumentCache full:https://registry.npmjs.org/available-typed-arrays set size:undefined disposed:false
1452 silly fetch manifest gopd@^1.2.0
1453 silly packumentCache full:https://registry.npmjs.org/gopd cache-miss
1454 http fetch GET 200 https://registry.npmjs.org/es-to-primitive 29ms (cache miss)
1455 silly packumentCache full:https://registry.npmjs.org/es-to-primitive set size:undefined disposed:false
1456 silly fetch manifest has-property-descriptors@^1.0.2
1457 silly packumentCache full:https://registry.npmjs.org/has-property-descriptors cache-miss
1458 http fetch GET 200 https://registry.npmjs.org/data-view-buffer 38ms (cache miss)
1459 silly packumentCache full:https://registry.npmjs.org/data-view-buffer set size:undefined disposed:false
1460 silly fetch manifest has-proto@^1.2.0
1461 silly packumentCache full:https://registry.npmjs.org/has-proto cache-miss
1462 http cache https://registry.npmjs.org/has-property-descriptors 2ms (cache hit)
1463 silly packumentCache full:https://registry.npmjs.org/has-property-descriptors set size:12452 disposed:false
1464 silly fetch manifest has-symbols@^1.1.0
1465 silly packumentCache full:https://registry.npmjs.org/has-symbols cache-miss
1466 http fetch GET 200 https://registry.npmjs.org/function.prototype.name 30ms (cache miss)
1467 silly packumentCache full:https://registry.npmjs.org/function.prototype.name set size:undefined disposed:false
1468 silly fetch manifest internal-slot@^1.1.0
1469 silly packumentCache full:https://registry.npmjs.org/internal-slot cache-miss
1470 http fetch GET 200 https://registry.npmjs.org/data-view-byte-offset 33ms (cache miss)
1471 silly packumentCache full:https://registry.npmjs.org/data-view-byte-offset set size:undefined disposed:false
1472 silly fetch manifest is-array-buffer@^3.0.5
1473 silly packumentCache full:https://registry.npmjs.org/is-array-buffer cache-miss
1474 http fetch GET 200 https://registry.npmjs.org/get-proto 40ms (cache miss)
1475 silly packumentCache full:https://registry.npmjs.org/get-proto set size:undefined disposed:false
1476 silly fetch manifest is-callable@^1.2.7
1477 silly packumentCache full:https://registry.npmjs.org/is-callable cache-miss
1478 http fetch GET 200 https://registry.npmjs.org/globalthis 28ms (cache miss)
1479 silly packumentCache full:https://registry.npmjs.org/globalthis set size:undefined disposed:false
1480 silly fetch manifest is-data-view@^1.0.2
1481 silly packumentCache full:https://registry.npmjs.org/is-data-view cache-miss
1482 http fetch GET 200 https://registry.npmjs.org/get-symbol-description 41ms (cache miss)
1483 silly packumentCache full:https://registry.npmjs.org/get-symbol-description set size:undefined disposed:false
1484 silly fetch manifest is-negative-zero@^2.0.3
1485 silly packumentCache full:https://registry.npmjs.org/is-negative-zero cache-miss
1486 http fetch GET 200 https://registry.npmjs.org/has-proto 26ms (cache miss)
1487 silly packumentCache full:https://registry.npmjs.org/has-proto set size:undefined disposed:false
1488 silly fetch manifest is-regex@^1.2.1
1489 silly packumentCache full:https://registry.npmjs.org/is-regex cache-miss
1490 http fetch GET 200 https://registry.npmjs.org/is-array-buffer 29ms (cache miss)
1491 silly packumentCache full:https://registry.npmjs.org/is-array-buffer set size:undefined disposed:false
1492 silly fetch manifest is-set@^2.0.3
1493 silly packumentCache full:https://registry.npmjs.org/is-set cache-miss
1494 http fetch GET 200 https://registry.npmjs.org/gopd 36ms (cache miss)
1495 silly packumentCache full:https://registry.npmjs.org/gopd set size:undefined disposed:false
1496 silly fetch manifest is-shared-array-buffer@^1.0.4
1497 silly packumentCache full:https://registry.npmjs.org/is-shared-array-buffer cache-miss
1498 http fetch GET 200 https://registry.npmjs.org/has-symbols 31ms (cache miss)
1499 silly packumentCache full:https://registry.npmjs.org/has-symbols set size:undefined disposed:false
1500 silly fetch manifest is-typed-array@^1.1.15
1501 silly packumentCache full:https://registry.npmjs.org/is-typed-array cache-miss
1502 http fetch GET 200 https://registry.npmjs.org/internal-slot 33ms (cache miss)
1503 silly packumentCache full:https://registry.npmjs.org/internal-slot set size:undefined disposed:false
1504 silly fetch manifest is-weakref@^1.1.1
1505 silly packumentCache full:https://registry.npmjs.org/is-weakref cache-miss
1506 http fetch GET 200 https://registry.npmjs.org/is-callable 43ms (cache miss)
1507 silly packumentCache full:https://registry.npmjs.org/is-callable set size:undefined disposed:false
1508 silly fetch manifest object-inspect@^1.13.4
1509 silly packumentCache full:https://registry.npmjs.org/object-inspect cache-miss
1510 http fetch GET 200 https://registry.npmjs.org/is-data-view 40ms (cache miss)
1511 silly packumentCache full:https://registry.npmjs.org/is-data-view set size:undefined disposed:false
1512 silly fetch manifest object.assign@^4.1.7
1513 silly packumentCache full:https://registry.npmjs.org/object.assign cache-miss
1514 http fetch GET 200 https://registry.npmjs.org/is-regex 33ms (cache miss)
1515 silly packumentCache full:https://registry.npmjs.org/is-regex set size:undefined disposed:false
1516 silly fetch manifest own-keys@^1.0.1
1517 silly packumentCache full:https://registry.npmjs.org/own-keys cache-miss
1518 http fetch GET 200 https://registry.npmjs.org/is-negative-zero 38ms (cache miss)
1519 silly packumentCache full:https://registry.npmjs.org/is-negative-zero set size:undefined disposed:false
1520 silly fetch manifest regexp.prototype.flags@^1.5.4
1521 silly packumentCache full:https://registry.npmjs.org/regexp.prototype.flags cache-miss
1522 http fetch GET 200 https://registry.npmjs.org/es-set-tostringtag 91ms (cache miss)
1523 silly packumentCache full:https://registry.npmjs.org/es-set-tostringtag set size:undefined disposed:false
1524 silly fetch manifest safe-array-concat@^1.1.3
1525 silly packumentCache full:https://registry.npmjs.org/safe-array-concat cache-miss
1526 http fetch GET 200 https://registry.npmjs.org/is-set 39ms (cache miss)
1527 silly packumentCache full:https://registry.npmjs.org/is-set set size:undefined disposed:false
1528 silly fetch manifest safe-push-apply@^1.0.0
1529 silly packumentCache full:https://registry.npmjs.org/safe-push-apply cache-miss
1530 http fetch GET 200 https://registry.npmjs.org/is-weakref 36ms (cache miss)
1531 silly packumentCache full:https://registry.npmjs.org/is-weakref set size:undefined disposed:false
1532 silly fetch manifest safe-regex-test@^1.1.0
1533 silly packumentCache full:https://registry.npmjs.org/safe-regex-test cache-miss
1534 http fetch GET 200 https://registry.npmjs.org/is-shared-array-buffer 40ms (cache miss)
1535 silly packumentCache full:https://registry.npmjs.org/is-shared-array-buffer set size:undefined disposed:false
1536 silly fetch manifest set-proto@^1.0.0
1537 silly packumentCache full:https://registry.npmjs.org/set-proto cache-miss
1538 http fetch GET 200 https://registry.npmjs.org/is-typed-array 40ms (cache miss)
1539 silly packumentCache full:https://registry.npmjs.org/is-typed-array set size:undefined disposed:false
1540 silly fetch manifest stop-iteration-iterator@^1.1.0
1541 silly packumentCache full:https://registry.npmjs.org/stop-iteration-iterator cache-miss
1542 http cache https://registry.npmjs.org/safe-regex-test 2ms (cache hit)
1543 silly packumentCache full:https://registry.npmjs.org/safe-regex-test set size:17412 disposed:false
1544 silly fetch manifest string.prototype.trim@^1.2.10
1545 silly packumentCache full:https://registry.npmjs.org/string.prototype.trim cache-miss
1546 http fetch GET 200 https://registry.npmjs.org/regexp.prototype.flags 31ms (cache miss)
1547 silly packumentCache full:https://registry.npmjs.org/regexp.prototype.flags set size:undefined disposed:false
1548 silly fetch manifest string.prototype.trimstart@^1.0.8
1549 silly packumentCache full:https://registry.npmjs.org/string.prototype.trimstart cache-miss
1550 http fetch GET 200 https://registry.npmjs.org/own-keys 34ms (cache miss)
1551 silly packumentCache full:https://registry.npmjs.org/own-keys set size:undefined disposed:false
1552 silly fetch manifest typed-array-buffer@^1.0.3
1553 silly packumentCache full:https://registry.npmjs.org/typed-array-buffer cache-miss
1554 http fetch GET 200 https://registry.npmjs.org/safe-array-concat 35ms (cache miss)
1555 silly packumentCache full:https://registry.npmjs.org/safe-array-concat set size:undefined disposed:false
1556 silly fetch manifest typed-array-byte-length@^1.0.3
1557 silly packumentCache full:https://registry.npmjs.org/typed-array-byte-length cache-miss
1558 http fetch GET 200 https://registry.npmjs.org/object.assign 42ms (cache miss)
1559 silly packumentCache full:https://registry.npmjs.org/object.assign set size:undefined disposed:false
1560 silly fetch manifest typed-array-byte-offset@^1.0.4
1561 silly packumentCache full:https://registry.npmjs.org/typed-array-byte-offset cache-miss
1562 http fetch GET 200 https://registry.npmjs.org/stop-iteration-iterator 31ms (cache miss)
1563 silly packumentCache full:https://registry.npmjs.org/stop-iteration-iterator set size:undefined disposed:false
1564 silly fetch manifest typed-array-length@^1.0.7
1565 silly packumentCache full:https://registry.npmjs.org/typed-array-length cache-miss
1566 http fetch GET 200 https://registry.npmjs.org/set-proto 32ms (cache miss)
1567 silly packumentCache full:https://registry.npmjs.org/set-proto set size:undefined disposed:false
1568 silly fetch manifest unbox-primitive@^1.1.0
1569 silly packumentCache full:https://registry.npmjs.org/unbox-primitive cache-miss
1570 http fetch GET 200 https://registry.npmjs.org/object-inspect 47ms (cache miss)
1571 silly packumentCache full:https://registry.npmjs.org/object-inspect set size:undefined disposed:false
1572 silly fetch manifest which-typed-array@^1.1.19
1573 silly packumentCache full:https://registry.npmjs.org/which-typed-array cache-miss
1574 http fetch GET 200 https://registry.npmjs.org/string.prototype.trim 38ms (cache miss)
1575 silly packumentCache full:https://registry.npmjs.org/string.prototype.trim set size:undefined disposed:false
1576 silly fetch manifest has-tostringtag@^1.0.2
1577 silly packumentCache full:https://registry.npmjs.org/has-tostringtag cache-miss
1578 http fetch GET 200 https://registry.npmjs.org/safe-push-apply 42ms (cache miss)
1579 silly packumentCache full:https://registry.npmjs.org/safe-push-apply set size:undefined disposed:false
1580 http fetch GET 200 https://registry.npmjs.org/typed-array-byte-length 28ms (cache miss)
1581 silly packumentCache full:https://registry.npmjs.org/typed-array-byte-length set size:undefined disposed:false
1582 http fetch GET 200 https://registry.npmjs.org/typed-array-buffer 35ms (cache miss)
1583 silly packumentCache full:https://registry.npmjs.org/typed-array-buffer set size:undefined disposed:false
1584 http fetch GET 200 https://registry.npmjs.org/string.prototype.trimstart 40ms (cache miss)
1585 silly packumentCache full:https://registry.npmjs.org/string.prototype.trimstart set size:undefined disposed:false
1586 http fetch GET 200 https://registry.npmjs.org/typed-array-byte-offset 31ms (cache miss)
1587 silly packumentCache full:https://registry.npmjs.org/typed-array-byte-offset set size:undefined disposed:false
1588 http fetch GET 200 https://registry.npmjs.org/unbox-primitive 30ms (cache miss)
1589 silly packumentCache full:https://registry.npmjs.org/unbox-primitive set size:undefined disposed:false
1590 http fetch GET 200 https://registry.npmjs.org/typed-array-length 36ms (cache miss)
1591 silly packumentCache full:https://registry.npmjs.org/typed-array-length set size:undefined disposed:false
1592 http fetch GET 200 https://registry.npmjs.org/which-typed-array 37ms (cache miss)
1593 silly packumentCache full:https://registry.npmjs.org/which-typed-array set size:undefined disposed:false
1594 http fetch GET 200 https://registry.npmjs.org/has-tostringtag 54ms (cache miss)
1595 silly packumentCache full:https://registry.npmjs.org/has-tostringtag set size:undefined disposed:false
1596 silly placeDep ROOT es-errors@1.3.0 OK for: array.prototype.findlastindex@1.2.6 want: ^1.3.0
1597 silly placeDep ROOT es-shim-unscopables@1.1.0 OK for: array.prototype.findlastindex@1.2.6 want: ^1.1.0
1598 silly placeDep ROOT call-bind-apply-helpers@1.0.2 OK for: call-bind@1.0.8 want: ^1.0.0
1599 silly placeDep ROOT es-define-property@1.0.1 OK for: call-bind@1.0.8 want: ^1.0.0
1600 silly placeDep ROOT set-function-length@1.2.2 OK for: call-bind@1.0.8 want: ^1.2.2
1601 silly fetch manifest define-data-property@^1.1.4
1602 silly packumentCache full:https://registry.npmjs.org/define-data-property cache-miss
1603 silly fetch manifest gopd@^1.0.1
1604 silly packumentCache full:https://registry.npmjs.org/gopd cache-miss
1605 http cache https://registry.npmjs.org/define-data-property 2ms (cache hit)
1606 silly packumentCache full:https://registry.npmjs.org/define-data-property set size:28048 disposed:false
1607 http cache https://registry.npmjs.org/gopd 1ms (cache hit)
1608 silly packumentCache full:https://registry.npmjs.org/gopd set size:11458 disposed:false
1609 silly placeDep ROOT function-bind@1.1.2 OK for: call-bind-apply-helpers@1.0.2 want: ^1.1.2
1610 silly placeDep ROOT define-data-property@1.1.4 OK for: define-properties@1.2.1 want: ^1.0.1
1611 silly placeDep ROOT has-property-descriptors@1.0.2 OK for: define-properties@1.2.1 want: ^1.0.0
1612 silly placeDep ROOT object-keys@1.1.1 OK for: define-properties@1.2.1 want: ^1.1.1
1613 silly placeDep ROOT gopd@1.2.0 OK for: define-data-property@1.1.4 want: ^1.0.1
1614 silly placeDep ROOT array-buffer-byte-length@1.0.2 OK for: es-abstract@1.24.0 want: ^1.0.2
1615 silly placeDep ROOT arraybuffer.prototype.slice@1.0.4 OK for: es-abstract@1.24.0 want: ^1.0.4
1616 silly placeDep ROOT available-typed-arrays@1.0.7 OK for: es-abstract@1.24.0 want: ^1.0.7
1617 silly placeDep ROOT data-view-buffer@1.0.2 OK for: es-abstract@1.24.0 want: ^1.0.2
1618 silly placeDep ROOT data-view-byte-length@1.0.2 OK for: es-abstract@1.24.0 want: ^1.0.2
1619 silly placeDep ROOT data-view-byte-offset@1.0.1 OK for: es-abstract@1.24.0 want: ^1.0.1
1620 silly placeDep ROOT es-set-tostringtag@2.1.0 OK for: es-abstract@1.24.0 want: ^2.1.0
1621 silly placeDep ROOT es-to-primitive@1.3.0 OK for: es-abstract@1.24.0 want: ^1.3.0
1622 silly placeDep ROOT function.prototype.name@1.1.8 OK for: es-abstract@1.24.0 want: ^1.1.8
1623 silly placeDep ROOT get-proto@1.0.1 OK for: es-abstract@1.24.0 want: ^1.0.1
1624 silly placeDep ROOT get-symbol-description@1.1.0 OK for: es-abstract@1.24.0 want: ^1.1.0
1625 silly placeDep ROOT globalthis@1.0.4 OK for: es-abstract@1.24.0 want: ^1.0.4
1626 silly placeDep ROOT has-proto@1.2.0 OK for: es-abstract@1.24.0 want: ^1.2.0
1627 silly placeDep ROOT has-symbols@1.1.0 OK for: es-abstract@1.24.0 want: ^1.1.0
1628 silly placeDep ROOT internal-slot@1.1.0 OK for: es-abstract@1.24.0 want: ^1.1.0
1629 silly placeDep ROOT is-array-buffer@3.0.5 OK for: es-abstract@1.24.0 want: ^3.0.5
1630 silly placeDep ROOT is-callable@1.2.7 OK for: es-abstract@1.24.0 want: ^1.2.7
1631 silly placeDep ROOT is-data-view@1.0.2 OK for: es-abstract@1.24.0 want: ^1.0.2
1632 silly placeDep ROOT is-negative-zero@2.0.3 OK for: es-abstract@1.24.0 want: ^2.0.3
1633 silly placeDep ROOT is-regex@1.2.1 OK for: es-abstract@1.24.0 want: ^1.2.1
1634 silly placeDep ROOT is-set@2.0.3 OK for: es-abstract@1.24.0 want: ^2.0.3
1635 silly placeDep ROOT is-shared-array-buffer@1.0.4 OK for: es-abstract@1.24.0 want: ^1.0.4
1636 silly placeDep ROOT is-typed-array@1.1.15 OK for: es-abstract@1.24.0 want: ^1.1.15
1637 silly placeDep ROOT is-weakref@1.1.1 OK for: es-abstract@1.24.0 want: ^1.1.1
1638 silly placeDep ROOT object-inspect@1.13.4 OK for: es-abstract@1.24.0 want: ^1.13.4
1639 silly placeDep ROOT object.assign@4.1.7 OK for: es-abstract@1.24.0 want: ^4.1.7
1640 silly placeDep ROOT own-keys@1.0.1 OK for: es-abstract@1.24.0 want: ^1.0.1
1641 silly placeDep ROOT regexp.prototype.flags@1.5.4 OK for: es-abstract@1.24.0 want: ^1.5.4
1642 silly placeDep ROOT safe-array-concat@1.1.3 OK for: es-abstract@1.24.0 want: ^1.1.3
1643 silly placeDep ROOT safe-push-apply@1.0.0 OK for: es-abstract@1.24.0 want: ^1.0.0
1644 silly placeDep ROOT safe-regex-test@1.1.0 OK for: es-abstract@1.24.0 want: ^1.1.0
1645 silly placeDep ROOT set-proto@1.0.0 OK for: es-abstract@1.24.0 want: ^1.0.0
1646 silly placeDep ROOT stop-iteration-iterator@1.1.0 OK for: es-abstract@1.24.0 want: ^1.1.0
1647 silly placeDep ROOT string.prototype.trim@1.2.10 OK for: es-abstract@1.24.0 want: ^1.2.10
1648 silly placeDep ROOT string.prototype.trimstart@1.0.8 OK for: es-abstract@1.24.0 want: ^1.0.8
1649 silly placeDep ROOT typed-array-buffer@1.0.3 OK for: es-abstract@1.24.0 want: ^1.0.3
1650 silly placeDep ROOT typed-array-byte-length@1.0.3 OK for: es-abstract@1.24.0 want: ^1.0.3
1651 silly placeDep ROOT typed-array-byte-offset@1.0.4 OK for: es-abstract@1.24.0 want: ^1.0.4
1652 silly placeDep ROOT typed-array-length@1.0.7 OK for: es-abstract@1.24.0 want: ^1.0.7
1653 silly placeDep ROOT unbox-primitive@1.1.0 OK for: es-abstract@1.24.0 want: ^1.1.0
1654 silly placeDep ROOT which-typed-array@1.1.19 OK for: es-abstract@1.24.0 want: ^1.1.19
1655 silly fetch manifest is-array-buffer@^3.0.4
1656 silly packumentCache full:https://registry.npmjs.org/is-array-buffer cache-miss
1657 silly fetch manifest possible-typed-array-names@^1.0.0
1658 silly packumentCache full:https://registry.npmjs.org/possible-typed-array-names cache-miss
1659 silly fetch manifest is-data-view@^1.0.1
1660 silly packumentCache full:https://registry.npmjs.org/is-data-view cache-miss
1661 silly fetch manifest is-date-object@^1.0.5
1662 silly packumentCache full:https://registry.npmjs.org/is-date-object cache-miss
1663 silly fetch manifest is-symbol@^1.0.4
1664 silly packumentCache full:https://registry.npmjs.org/is-symbol cache-miss
1665 silly fetch manifest functions-have-names@^1.2.3
1666 silly packumentCache full:https://registry.npmjs.org/functions-have-names cache-miss
1667 silly fetch manifest dunder-proto@^1.0.1
1668 silly packumentCache full:https://registry.npmjs.org/dunder-proto cache-miss
1669 silly fetch manifest dunder-proto@^1.0.0
1670 silly packumentCache full:https://registry.npmjs.org/dunder-proto cache-miss
1671 silly fetch manifest side-channel@^1.1.0
1672 silly packumentCache full:https://registry.npmjs.org/side-channel cache-miss
1673 http cache https://registry.npmjs.org/is-data-view 3ms (cache hit)
1674 silly packumentCache full:https://registry.npmjs.org/is-data-view set size:13756 disposed:false
1675 silly fetch manifest is-typed-array@^1.1.13
1676 silly packumentCache full:https://registry.npmjs.org/is-typed-array cache-miss
1677 http cache https://registry.npmjs.org/is-array-buffer 3ms (cache hit)
1678 silly packumentCache full:https://registry.npmjs.org/is-array-buffer set size:33562 disposed:false
1679 silly fetch manifest which-typed-array@^1.1.16
1680 silly packumentCache full:https://registry.npmjs.org/which-typed-array cache-miss
1681 http cache https://registry.npmjs.org/is-typed-array 1ms (cache hit)
1682 silly packumentCache full:https://registry.npmjs.org/is-typed-array set size:79965 disposed:false
1683 silly fetch manifest set-function-name@^2.0.2
1684 silly packumentCache full:https://registry.npmjs.org/set-function-name cache-miss
1685 http cache https://registry.npmjs.org/which-typed-array 2ms (cache hit)
1686 silly packumentCache full:https://registry.npmjs.org/which-typed-array set size:89701 disposed:false
1687 silly fetch manifest isarray@^2.0.5
1688 silly packumentCache full:https://registry.npmjs.org/isarray cache-miss
1689 http fetch GET 200 https://registry.npmjs.org/dunder-proto 33ms (cache miss)
1690 silly packumentCache full:https://registry.npmjs.org/dunder-proto set size:undefined disposed:false
1691 silly fetch manifest isarray@^2.0.5
1692 silly packumentCache full:https://registry.npmjs.org/isarray cache-miss
1693 http fetch GET 200 https://registry.npmjs.org/dunder-proto 34ms (cache miss)
1694 silly packumentCache full:https://registry.npmjs.org/dunder-proto set size:undefined disposed:false
1695 silly fetch manifest for-each@^0.3.3
1696 silly packumentCache full:https://registry.npmjs.org/for-each cache-miss
1697 http fetch GET 200 https://registry.npmjs.org/set-function-name 30ms (cache miss)
1698 silly packumentCache full:https://registry.npmjs.org/set-function-name set size:undefined disposed:false
1699 silly fetch manifest for-each@^0.3.3
1700 silly packumentCache full:https://registry.npmjs.org/for-each cache-miss
1701 http fetch GET 200 https://registry.npmjs.org/is-date-object 36ms (cache miss)
1702 silly packumentCache full:https://registry.npmjs.org/is-date-object set size:undefined disposed:false
1703 silly fetch manifest reflect.getprototypeof@^1.0.9
1704 silly packumentCache full:https://registry.npmjs.org/reflect.getprototypeof cache-miss
1705 http fetch GET 200 https://registry.npmjs.org/side-channel 36ms (cache miss)
1706 silly packumentCache full:https://registry.npmjs.org/side-channel set size:undefined disposed:false
1707 silly fetch manifest for-each@^0.3.3
1708 silly packumentCache full:https://registry.npmjs.org/for-each cache-miss
1709 http fetch GET 200 https://registry.npmjs.org/is-symbol 38ms (cache miss)
1710 silly packumentCache full:https://registry.npmjs.org/is-symbol set size:undefined disposed:false
1711 silly fetch manifest possible-typed-array-names@^1.0.0
1712 silly packumentCache full:https://registry.npmjs.org/possible-typed-array-names cache-miss
1713 http fetch GET 200 https://registry.npmjs.org/functions-have-names 39ms (cache miss)
1714 silly packumentCache full:https://registry.npmjs.org/functions-have-names set size:undefined disposed:false
1715 silly fetch manifest reflect.getprototypeof@^1.0.6
1716 silly packumentCache full:https://registry.npmjs.org/reflect.getprototypeof cache-miss
1717 http fetch GET 200 https://registry.npmjs.org/possible-typed-array-names 42ms (cache miss)
1718 silly packumentCache full:https://registry.npmjs.org/possible-typed-array-names set size:undefined disposed:false
1719 silly fetch manifest has-bigints@^1.0.2
1720 silly packumentCache full:https://registry.npmjs.org/has-bigints cache-miss
1721 http fetch GET 200 https://registry.npmjs.org/isarray 44ms (cache miss)
1722 silly packumentCache full:https://registry.npmjs.org/isarray set size:undefined disposed:false
1723 silly fetch manifest which-boxed-primitive@^1.1.1
1724 silly packumentCache full:https://registry.npmjs.org/which-boxed-primitive cache-miss
1725 http fetch GET 200 https://registry.npmjs.org/for-each 26ms (cache miss)
1726 silly packumentCache full:https://registry.npmjs.org/for-each set size:undefined disposed:false
1727 silly fetch manifest for-each@^0.3.5
1728 silly packumentCache full:https://registry.npmjs.org/for-each cache-miss
1729 http cache https://registry.npmjs.org/for-each 0ms (cache hit)
1730 silly packumentCache full:https://registry.npmjs.org/for-each set size:14327 disposed:false
1731 http fetch GET 200 https://registry.npmjs.org/for-each 32ms (cache miss)
1732 silly packumentCache full:https://registry.npmjs.org/for-each set size:undefined disposed:false
1733 silly packumentCache full:https://registry.npmjs.org/for-each dispose
1734 http fetch GET 200 https://registry.npmjs.org/possible-typed-array-names 31ms (cache miss)
1735 silly packumentCache full:https://registry.npmjs.org/possible-typed-array-names set size:undefined disposed:false
1736 http fetch GET 200 https://registry.npmjs.org/has-bigints 27ms (cache miss)
1737 silly packumentCache full:https://registry.npmjs.org/has-bigints set size:undefined disposed:false
1738 http fetch GET 200 https://registry.npmjs.org/reflect.getprototypeof 31ms (cache miss)
1739 silly packumentCache full:https://registry.npmjs.org/reflect.getprototypeof set size:undefined disposed:false
1740 http fetch GET 200 https://registry.npmjs.org/reflect.getprototypeof 38ms (cache miss)
1741 silly packumentCache full:https://registry.npmjs.org/reflect.getprototypeof set size:undefined disposed:false
1742 http fetch GET 200 https://registry.npmjs.org/for-each 37ms (cache miss)
1743 silly packumentCache full:https://registry.npmjs.org/for-each set size:undefined disposed:true
1744 http fetch GET 200 https://registry.npmjs.org/which-boxed-primitive 25ms (cache miss)
1745 silly packumentCache full:https://registry.npmjs.org/which-boxed-primitive set size:undefined disposed:false
1746 http fetch GET 200 https://registry.npmjs.org/isarray 111ms (cache miss)
1747 silly packumentCache full:https://registry.npmjs.org/isarray set size:undefined disposed:false
1748 silly placeDep ROOT possible-typed-array-names@1.1.0 OK for: available-typed-arrays@1.0.7 want: ^1.0.0
1749 silly placeDep ROOT has-tostringtag@1.0.2 OK for: es-set-tostringtag@2.1.0 want: ^1.0.2
1750 silly placeDep ROOT is-date-object@1.1.0 OK for: es-to-primitive@1.3.0 want: ^1.0.5
1751 silly placeDep ROOT is-symbol@1.1.1 OK for: es-to-primitive@1.3.0 want: ^1.0.4
1752 silly placeDep node_modules/eslint-module-utils debug@3.2.7 OK for: eslint-module-utils@2.12.1 want: ^3.2.7
1753 silly placeDep ROOT aria-query@5.3.2 OK for: eslint-plugin-jsx-a11y@6.10.2 want: ^5.3.2
1754 silly placeDep ROOT ast-types-flow@0.0.8 OK for: eslint-plugin-jsx-a11y@6.10.2 want: ^0.0.8
1755 silly placeDep ROOT axe-core@4.11.0 OK for: eslint-plugin-jsx-a11y@6.10.2 want: ^4.10.0
1756 silly placeDep ROOT axobject-query@4.1.0 OK for: eslint-plugin-jsx-a11y@6.10.2 want: ^4.1.0
1757 silly placeDep ROOT damerau-levenshtein@1.0.8 OK for: eslint-plugin-jsx-a11y@6.10.2 want: ^1.0.8
1758 silly placeDep ROOT emoji-regex@9.2.2 OK for: eslint-plugin-jsx-a11y@6.10.2 want: ^9.2.2
1759 silly placeDep ROOT jsx-ast-utils@3.3.5 OK for: eslint-plugin-jsx-a11y@6.10.2 want: ^3.3.5
1760 silly placeDep ROOT language-tags@1.0.9 OK for: eslint-plugin-jsx-a11y@6.10.2 want: ^1.0.9
1761 silly placeDep ROOT string.prototype.includes@2.0.1 OK for: eslint-plugin-jsx-a11y@6.10.2 want: ^2.0.1
1762 silly fetch manifest language-subtag-registry@^0.3.20
1763 silly packumentCache full:https://registry.npmjs.org/language-subtag-registry cache-miss
1764 http fetch GET 200 https://registry.npmjs.org/language-subtag-registry 27ms (cache miss)
1765 silly packumentCache full:https://registry.npmjs.org/language-subtag-registry set size:undefined disposed:false
1766 silly placeDep ROOT array.prototype.findlast@1.2.5 OK for: eslint-plugin-react@7.37.5 want: ^1.2.5
1767 silly placeDep ROOT array.prototype.tosorted@1.1.4 OK for: eslint-plugin-react@7.37.5 want: ^1.1.4
1768 silly placeDep node_modules/eslint-plugin-react doctrine@2.1.0 OK for: eslint-plugin-react@7.37.5 want: ^2.1.0
1769 silly placeDep ROOT es-iterator-helpers@1.2.1 OK for: eslint-plugin-react@7.37.5 want: ^1.2.1
1770 silly placeDep ROOT estraverse@5.3.0 OK for: eslint-plugin-react@7.37.5 want: ^5.3.0
1771 silly placeDep ROOT object.entries@1.1.9 OK for: eslint-plugin-react@7.37.5 want: ^1.1.9
1772 silly placeDep ROOT prop-types@15.8.1 OK for: eslint-plugin-react@7.37.5 want: ^15.8.1
1773 silly placeDep node_modules/eslint-plugin-react resolve@2.0.0-next.5 OK for: eslint-plugin-react@7.37.5 want: ^2.0.0-next.5
1774 silly placeDep node_modules/eslint-plugin-react semver@6.3.1 OK for: eslint-plugin-react@7.37.5 want: ^6.3.1
1775 silly placeDep ROOT string.prototype.matchall@4.0.12 OK for: eslint-plugin-react@7.37.5 want: ^4.0.12
1776 silly placeDep ROOT string.prototype.repeat@1.0.0 OK for: eslint-plugin-react@7.37.5 want: ^1.0.0
1777 silly fetch manifest iterator.prototype@^1.1.4
1778 silly packumentCache full:https://registry.npmjs.org/iterator.prototype cache-miss
1779 silly fetch manifest loose-envify@^1.4.0
1780 silly packumentCache full:https://registry.npmjs.org/loose-envify cache-miss
1781 silly fetch manifest object-assign@^4.1.1
1782 silly packumentCache full:https://registry.npmjs.org/object-assign cache-miss
1783 silly fetch manifest react-is@^16.13.1
1784 silly packumentCache full:https://registry.npmjs.org/react-is cache-miss
1785 http cache https://registry.npmjs.org/loose-envify 2ms (cache hit)
1786 silly packumentCache full:https://registry.npmjs.org/loose-envify set size:12559 disposed:false
1787 http fetch GET 200 https://registry.npmjs.org/object-assign 82ms (cache miss)
1788 silly packumentCache full:https://registry.npmjs.org/object-assign set size:undefined disposed:false
1789 http fetch GET 200 https://registry.npmjs.org/iterator.prototype 91ms (cache miss)
1790 silly packumentCache full:https://registry.npmjs.org/iterator.prototype set size:undefined disposed:false
1791 http fetch GET 200 https://registry.npmjs.org/react-is 223ms (cache miss)
1792 silly packumentCache full:https://registry.npmjs.org/react-is set size:undefined disposed:false
1793 silly placeDep ROOT iterator.prototype@1.1.5 OK for: es-iterator-helpers@1.2.1 want: ^1.1.4
1794 silly placeDep ROOT esrecurse@4.3.0 OK for: eslint-scope@7.2.2 want: ^4.3.0
1795 silly placeDep ROOT acorn@8.15.0 OK for: espree@9.6.1 want: ^8.9.0
1796 silly placeDep ROOT acorn-jsx@5.3.2 OK for: espree@9.6.1 want: ^5.3.2
1797 silly placeDep ROOT reusify@1.1.0 OK for: fastq@1.19.1 want: ^1.0.4
1798 silly placeDep ROOT flat-cache@3.2.0 OK for: file-entry-cache@6.0.1 want: ^3.0.4
1799 silly fetch manifest keyv@^4.5.3
1800 silly packumentCache full:https://registry.npmjs.org/keyv cache-miss
1801 silly fetch manifest rimraf@^3.0.2
1802 silly packumentCache full:https://registry.npmjs.org/rimraf cache-miss
1803 silly fetch manifest flatted@^3.2.9
1804 silly packumentCache full:https://registry.npmjs.org/flatted cache-miss
1805 http fetch GET 200 https://registry.npmjs.org/flatted 45ms (cache miss)
1806 silly packumentCache full:https://registry.npmjs.org/flatted set size:undefined disposed:false
1807 http fetch GET 200 https://registry.npmjs.org/keyv 49ms (cache miss)
1808 silly packumentCache full:https://registry.npmjs.org/keyv set size:undefined disposed:false
1809 http fetch GET 200 https://registry.npmjs.org/rimraf 51ms (cache miss)
1810 silly packumentCache full:https://registry.npmjs.org/rimraf set size:undefined disposed:false
1811 silly placeDep ROOT locate-path@6.0.0 OK for: find-up@5.0.0 want: ^6.0.0
1812 silly placeDep ROOT path-exists@4.0.0 OK for: find-up@5.0.0 want: ^4.0.0
1813 silly fetch manifest p-locate@^5.0.0
1814 silly packumentCache full:https://registry.npmjs.org/p-locate cache-miss
1815 http fetch GET 200 https://registry.npmjs.org/p-locate 29ms (cache miss)
1816 silly packumentCache full:https://registry.npmjs.org/p-locate set size:undefined disposed:false
1817 silly placeDep ROOT flatted@3.3.3 OK for: flat-cache@3.2.0 want: ^3.2.9
1818 silly placeDep ROOT keyv@4.5.4 OK for: flat-cache@3.2.0 want: ^4.5.3
1819 silly placeDep ROOT rimraf@3.0.2 OK for: flat-cache@3.2.0 want: ^3.0.2
1820 silly fetch manifest json-buffer@3.0.1
1821 silly packumentCache full:https://registry.npmjs.org/json-buffer cache-miss
1822 silly fetch manifest glob@^7.1.3
1823 silly packumentCache full:https://registry.npmjs.org/glob cache-miss
1824 http cache https://registry.npmjs.org/glob 2ms (cache hit)
1825 silly packumentCache full:https://registry.npmjs.org/glob set size:408718 disposed:false
1826 http fetch GET 200 https://registry.npmjs.org/json-buffer 30ms (cache miss)
1827 silly packumentCache full:https://registry.npmjs.org/json-buffer set size:undefined disposed:false
1828 silly placeDep ROOT functions-have-names@1.2.3 OK for: function.prototype.name@1.1.8 want: ^1.2.3
1829 silly placeDep ROOT dunder-proto@1.0.1 OK for: get-proto@1.0.1 want: ^1.0.1
1830 silly placeDep ROOT resolve-pkg-maps@1.0.0 OK for: get-tsconfig@4.13.0 want: ^1.0.0
1831 silly placeDep ROOT foreground-child@3.3.1 OK for: glob@10.3.10 want: ^3.1.0
1832 silly placeDep ROOT jackspeak@2.3.6 OK for: glob@10.3.10 want: ^2.3.5
1833 silly placeDep node_modules/glob minimatch@9.0.5 OK for: glob@10.3.10 want: ^9.0.1
1834 silly placeDep ROOT minipass@7.1.2 OK for: glob@10.3.10 want: ^5.0.0 || ^6.0.2 || ^7.0.0
1835 silly placeDep ROOT path-scurry@1.11.1 OK for: glob@10.3.10 want: ^1.10.1
1836 silly fetch manifest signal-exit@^4.0.1
1837 silly packumentCache full:https://registry.npmjs.org/signal-exit cache-miss
1838 silly fetch manifest @isaacs/cliui@^8.0.2
1839 silly packumentCache full:https://registry.npmjs.org/@isaacs%2fcliui cache-miss
1840 silly fetch manifest @pkgjs/parseargs@^0.11.0
1841 silly packumentCache full:https://registry.npmjs.org/@pkgjs%2fparseargs cache-miss
1842 silly fetch manifest lru-cache@^10.2.0
1843 silly packumentCache full:https://registry.npmjs.org/lru-cache cache-miss
1844 http fetch GET 200 https://registry.npmjs.org/signal-exit 34ms (cache miss)
1845 silly packumentCache full:https://registry.npmjs.org/signal-exit set size:undefined disposed:false
1846 http fetch GET 200 https://registry.npmjs.org/lru-cache 61ms (cache miss)
1847 silly packumentCache full:https://registry.npmjs.org/lru-cache set size:undefined disposed:false
1848 http fetch GET 200 https://registry.npmjs.org/@pkgjs%2fparseargs 337ms (cache miss)
1849 silly packumentCache full:https://registry.npmjs.org/@pkgjs%2fparseargs set size:undefined disposed:false
1850 http fetch GET 200 https://registry.npmjs.org/@isaacs%2fcliui 347ms (cache miss)
1851 silly packumentCache full:https://registry.npmjs.org/@isaacs%2fcliui set size:undefined disposed:false
1852 silly placeDep ROOT signal-exit@4.1.0 OK for: foreground-child@3.3.1 want: ^4.0.1
1853 silly placeDep ROOT type-fest@0.20.2 OK for: globals@13.24.0 want: ^0.20.2
1854 silly placeDep ROOT array-union@2.1.0 OK for: globby@11.1.0 want: ^2.1.0
1855 silly placeDep ROOT dir-glob@3.0.1 OK for: globby@11.1.0 want: ^3.0.1
1856 silly placeDep ROOT fast-glob@3.3.3 OK for: globby@11.1.0 want: ^3.2.9
1857 silly placeDep ROOT merge2@1.4.1 OK for: globby@11.1.0 want: ^1.4.1
1858 silly placeDep ROOT slash@3.0.0 OK for: globby@11.1.0 want: ^3.0.0
1859 silly fetch manifest path-type@^4.0.0
1860 silly packumentCache full:https://registry.npmjs.org/path-type cache-miss
1861 silly fetch manifest glob-parent@^5.1.2
1862 silly packumentCache full:https://registry.npmjs.org/glob-parent cache-miss
1863 silly fetch manifest merge2@^1.3.0
1864 silly packumentCache full:https://registry.npmjs.org/merge2 cache-miss
1865 http cache https://registry.npmjs.org/merge2 2ms (cache hit)
1866 silly packumentCache full:https://registry.npmjs.org/merge2 set size:46159 disposed:false
1867 http cache https://registry.npmjs.org/glob-parent 4ms (cache hit)
1868 silly packumentCache full:https://registry.npmjs.org/glob-parent set size:42445 disposed:false
1869 http fetch GET 200 https://registry.npmjs.org/path-type 39ms (cache miss)
1870 silly packumentCache full:https://registry.npmjs.org/path-type set size:undefined disposed:false
1871 silly placeDep ROOT path-type@4.0.0 OK for: dir-glob@3.0.1 want: ^4.0.0
1872 silly placeDep node_modules/fast-glob glob-parent@5.1.2 OK for: fast-glob@3.3.3 want: ^5.1.2
1873 silly placeDep ROOT micromatch@4.0.8 OK for: fast-glob@3.3.3 want: ^4.0.8
1874 silly fetch manifest braces@^3.0.3
1875 silly packumentCache full:https://registry.npmjs.org/braces cache-miss
1876 silly fetch manifest picomatch@^2.3.1
1877 silly packumentCache full:https://registry.npmjs.org/picomatch cache-miss
1878 http cache https://registry.npmjs.org/picomatch 2ms (cache hit)
1879 silly packumentCache full:https://registry.npmjs.org/picomatch set size:118818 disposed:false
1880 http fetch GET 200 https://registry.npmjs.org/braces 36ms (cache miss)
1881 silly packumentCache full:https://registry.npmjs.org/braces set size:undefined disposed:false
1882 silly placeDep ROOT parent-module@1.0.1 OK for: import-fresh@3.3.1 want: ^1.0.0
1883 silly placeDep ROOT resolve-from@4.0.0 OK for: import-fresh@3.3.1 want: ^4.0.0
1884 silly fetch manifest callsites@^3.0.0
1885 silly packumentCache full:https://registry.npmjs.org/callsites cache-miss
1886 http fetch GET 200 https://registry.npmjs.org/callsites 32ms (cache miss)
1887 silly packumentCache full:https://registry.npmjs.org/callsites set size:undefined disposed:false
1888 silly placeDep ROOT side-channel@1.1.0 OK for: internal-slot@1.1.0 want: ^1.1.0
1889 silly fetch manifest side-channel-list@^1.0.0
1890 silly packumentCache full:https://registry.npmjs.org/side-channel-list cache-miss
1891 silly fetch manifest side-channel-map@^1.0.1
1892 silly packumentCache full:https://registry.npmjs.org/side-channel-map cache-miss
1893 silly fetch manifest side-channel-weakmap@^1.0.2
1894 silly packumentCache full:https://registry.npmjs.org/side-channel-weakmap cache-miss
1895 http fetch GET 200 https://registry.npmjs.org/side-channel-map 28ms (cache miss)
1896 silly packumentCache full:https://registry.npmjs.org/side-channel-map set size:undefined disposed:false
1897 http fetch GET 200 https://registry.npmjs.org/side-channel-list 29ms (cache miss)
1898 silly packumentCache full:https://registry.npmjs.org/side-channel-list set size:undefined disposed:false
1899 http fetch GET 200 https://registry.npmjs.org/side-channel-weakmap 36ms (cache miss)
1900 silly packumentCache full:https://registry.npmjs.org/side-channel-weakmap set size:undefined disposed:false
1901 silly placeDep ROOT is-extglob@2.1.1 OK for: is-glob@4.0.3 want: ^2.1.1
1902 silly placeDep ROOT set-function-name@2.0.2 OK for: iterator.prototype@1.1.5 want: ^2.0.2
1903 silly placeDep ROOT @isaacs/cliui@8.0.2 OK for: jackspeak@2.3.6 want: ^8.0.2
1904 silly placeDep ROOT @pkgjs/parseargs@0.11.0 OK for: jackspeak@2.3.6 want: ^0.11.0
1905 silly fetch manifest string-width@^5.1.2
1906 silly packumentCache full:https://registry.npmjs.org/string-width cache-miss
1907 silly fetch manifest string-width-cjs@npm:string-width@^4.2.0
1908 silly packumentCache full:https://registry.npmjs.org/string-width cache-miss
1909 silly fetch manifest strip-ansi@^7.0.1
1910 silly packumentCache full:https://registry.npmjs.org/strip-ansi cache-miss
1911 silly fetch manifest strip-ansi-cjs@npm:strip-ansi@^6.0.1
1912 silly packumentCache full:https://registry.npmjs.org/strip-ansi cache-miss
1913 silly fetch manifest wrap-ansi@^8.1.0
1914 silly packumentCache full:https://registry.npmjs.org/wrap-ansi cache-miss
1915 silly fetch manifest wrap-ansi-cjs@npm:wrap-ansi@^7.0.0
1916 silly packumentCache full:https://registry.npmjs.org/wrap-ansi cache-miss
1917 http cache https://registry.npmjs.org/strip-ansi 3ms (cache hit)
1918 silly packumentCache full:https://registry.npmjs.org/strip-ansi set size:41855 disposed:false
1919 http cache https://registry.npmjs.org/strip-ansi 3ms (cache hit)
1920 silly packumentCache full:https://registry.npmjs.org/strip-ansi set size:41855 disposed:false
1921 silly packumentCache full:https://registry.npmjs.org/strip-ansi dispose
1922 http fetch GET 200 https://registry.npmjs.org/string-width 30ms (cache miss)
1923 silly packumentCache full:https://registry.npmjs.org/string-width set size:undefined disposed:false
1924 http fetch GET 200 https://registry.npmjs.org/wrap-ansi 34ms (cache miss)
1925 silly packumentCache full:https://registry.npmjs.org/wrap-ansi set size:undefined disposed:false
1926 http fetch GET 200 https://registry.npmjs.org/wrap-ansi 38ms (cache miss)
1927 silly packumentCache full:https://registry.npmjs.org/wrap-ansi set size:undefined disposed:false
1928 http fetch GET 200 https://registry.npmjs.org/string-width 40ms (cache miss)
1929 silly packumentCache full:https://registry.npmjs.org/string-width set size:undefined disposed:false
1930 silly placeDep ROOT string-width@5.1.2 OK for: @isaacs/cliui@8.0.2 want: ^5.1.2
1931 silly placeDep ROOT string-width-cjs@4.2.3 OK for: @isaacs/cliui@8.0.2 want: npm:string-width@^4.2.0
1932 silly placeDep node_modules/@isaacs/cliui strip-ansi@7.1.2 OK for: @isaacs/cliui@8.0.2 want: ^7.0.1
1933 silly placeDep ROOT strip-ansi-cjs@6.0.1 OK for: @isaacs/cliui@8.0.2 want: npm:strip-ansi@^6.0.1
1934 silly placeDep ROOT wrap-ansi@8.1.0 OK for: @isaacs/cliui@8.0.2 want: ^8.1.0
1935 silly placeDep ROOT wrap-ansi-cjs@7.0.0 OK for: @isaacs/cliui@8.0.2 want: npm:wrap-ansi@^7.0.0
1936 silly fetch manifest eastasianwidth@^0.2.0
1937 silly packumentCache full:https://registry.npmjs.org/eastasianwidth cache-miss
1938 silly fetch manifest emoji-regex@^8.0.0
1939 silly packumentCache full:https://registry.npmjs.org/emoji-regex cache-miss
1940 silly fetch manifest is-fullwidth-code-point@^3.0.0
1941 silly packumentCache full:https://registry.npmjs.org/is-fullwidth-code-point cache-miss
1942 silly fetch manifest ansi-regex@^6.0.1
1943 silly packumentCache full:https://registry.npmjs.org/ansi-regex cache-miss
1944 silly fetch manifest ansi-styles@^6.1.0
1945 silly packumentCache full:https://registry.npmjs.org/ansi-styles cache-miss
1946 silly fetch manifest string-width@^4.1.0
1947 silly packumentCache full:https://registry.npmjs.org/string-width cache-miss
1948 http cache https://registry.npmjs.org/emoji-regex 3ms (cache hit)
1949 silly packumentCache full:https://registry.npmjs.org/emoji-regex set size:89088 disposed:false
1950 http cache https://registry.npmjs.org/string-width 3ms (cache hit)
1951 silly packumentCache full:https://registry.npmjs.org/string-width set size:64158 disposed:false
1952 http cache https://registry.npmjs.org/ansi-regex 4ms (cache hit)
1953 silly packumentCache full:https://registry.npmjs.org/ansi-regex set size:43572 disposed:false
1954 http cache https://registry.npmjs.org/ansi-styles 5ms (cache hit)
1955 silly packumentCache full:https://registry.npmjs.org/ansi-styles set size:63233 disposed:false
1956 http fetch GET 200 https://registry.npmjs.org/eastasianwidth 27ms (cache miss)
1957 silly packumentCache full:https://registry.npmjs.org/eastasianwidth set size:undefined disposed:false
1958 http fetch GET 200 https://registry.npmjs.org/is-fullwidth-code-point 27ms (cache miss)
1959 silly packumentCache full:https://registry.npmjs.org/is-fullwidth-code-point set size:undefined disposed:false
1960 silly placeDep ROOT argparse@2.0.1 OK for: js-yaml@4.1.1 want: ^2.0.1
1961 silly placeDep ROOT json-buffer@3.0.1 OK for: keyv@4.5.4 want: 3.0.1
1962 silly placeDep ROOT language-subtag-registry@0.3.23 OK for: language-tags@1.0.9 want: ^0.3.20
1963 silly placeDep ROOT prelude-ls@1.2.1 OK for: levn@0.4.1 want: ^1.2.1
1964 silly placeDep ROOT type-check@0.4.0 OK for: levn@0.4.1 want: ~0.4.0
1965 silly placeDep ROOT p-locate@5.0.0 OK for: locate-path@6.0.0 want: ^5.0.0
1966 silly fetch manifest p-limit@^3.0.2
1967 silly packumentCache full:https://registry.npmjs.org/p-limit cache-miss
1968 http fetch GET 200 https://registry.npmjs.org/p-limit 33ms (cache miss)
1969 silly packumentCache full:https://registry.npmjs.org/p-limit set size:undefined disposed:false
1970 silly placeDep ROOT braces@3.0.3 OK for: micromatch@4.0.8 want: ^3.0.3
1971 silly placeDep ROOT picomatch@2.3.1 OK for: micromatch@4.0.8 want: ^2.3.1
1972 silly fetch manifest fill-range@^7.1.1
1973 silly packumentCache full:https://registry.npmjs.org/fill-range cache-miss
1974 http fetch GET 200 https://registry.npmjs.org/fill-range 39ms (cache miss)
1975 silly packumentCache full:https://registry.npmjs.org/fill-range set size:undefined disposed:false
1976 silly placeDep ROOT fill-range@7.1.1 OK for: braces@3.0.3 want: ^7.1.1
1977 silly fetch manifest to-regex-range@^5.0.1
1978 silly packumentCache full:https://registry.npmjs.org/to-regex-range cache-miss
1979 http fetch GET 200 https://registry.npmjs.org/to-regex-range 30ms (cache miss)
1980 silly packumentCache full:https://registry.npmjs.org/to-regex-range set size:undefined disposed:false
1981 silly placeDep ROOT to-regex-range@5.0.1 OK for: fill-range@7.1.1 want: ^5.0.1
1982 silly fetch manifest is-number@^7.0.0
1983 silly packumentCache full:https://registry.npmjs.org/is-number cache-miss
1984 http fetch GET 200 https://registry.npmjs.org/is-number 40ms (cache miss)
1985 silly packumentCache full:https://registry.npmjs.org/is-number set size:undefined disposed:false
1986 silly placeDep ROOT brace-expansion@1.1.12 OK for: minimatch@3.1.2 want: ^1.1.7
1987 silly fetch manifest balanced-match@^1.0.0
1988 silly packumentCache full:https://registry.npmjs.org/balanced-match cache-miss
1989 silly fetch manifest concat-map@0.0.1
1990 silly packumentCache full:https://registry.npmjs.org/concat-map cache-miss
1991 http fetch GET 200 https://registry.npmjs.org/balanced-match 31ms (cache miss)
1992 silly packumentCache full:https://registry.npmjs.org/balanced-match set size:undefined disposed:false
1993 http fetch GET 200 https://registry.npmjs.org/concat-map 56ms (cache miss)
1994 silly packumentCache full:https://registry.npmjs.org/concat-map set size:undefined disposed:false
1995 silly placeDep ROOT balanced-match@1.0.2 OK for: brace-expansion@1.1.12 want: ^1.0.0
1996 silly placeDep ROOT concat-map@0.0.1 OK for: brace-expansion@1.1.12 want: 0.0.1
1997 silly fetch manifest react@^18.2.0
1998 silly packumentCache full:https://registry.npmjs.org/react cache-miss
1999 http cache https://registry.npmjs.org/react 11ms (cache hit)
2000 silly packumentCache full:https://registry.npmjs.org/react set size:6268071 disposed:false
2001 silly placeDep ROOT @next/env@14.2.5 OK for: next@14.2.5 want: 14.2.5
2002 silly placeDep ROOT @next/swc-darwin-arm64@14.2.5 OK for: next@14.2.5 want: 14.2.5
2003 silly placeDep ROOT @next/swc-darwin-x64@14.2.5 OK for: next@14.2.5 want: 14.2.5
2004 silly placeDep ROOT @next/swc-linux-arm64-gnu@14.2.5 OK for: next@14.2.5 want: 14.2.5
2005 silly placeDep ROOT @next/swc-linux-arm64-musl@14.2.5 OK for: next@14.2.5 want: 14.2.5
2006 silly placeDep ROOT @next/swc-linux-x64-gnu@14.2.5 OK for: next@14.2.5 want: 14.2.5
2007 silly placeDep ROOT @next/swc-linux-x64-musl@14.2.5 OK for: next@14.2.5 want: 14.2.5
2008 silly placeDep ROOT @next/swc-win32-arm64-msvc@14.2.5 OK for: next@14.2.5 want: 14.2.5
2009 silly placeDep ROOT @next/swc-win32-ia32-msvc@14.2.5 OK for: next@14.2.5 want: 14.2.5
2010 silly placeDep ROOT @next/swc-win32-x64-msvc@14.2.5 OK for: next@14.2.5 want: 14.2.5
2011 silly placeDep ROOT @swc/helpers@0.5.5 OK for: next@14.2.5 want: 0.5.5
2012 silly placeDep ROOT busboy@1.6.0 OK for: next@14.2.5 want: 1.6.0
2013 silly placeDep ROOT graceful-fs@4.2.11 OK for: next@14.2.5 want: ^4.2.11
2014 silly placeDep node_modules/next postcss@8.4.31 OK for: next@14.2.5 want: 8.4.31
2015 silly placeDep ROOT styled-jsx@5.1.1 OK for: next@14.2.5 want: 5.1.1
2016 silly fetch manifest @swc/counter@^0.1.3
2017 silly packumentCache full:https://registry.npmjs.org/@swc%2fcounter cache-miss
2018 silly fetch manifest streamsearch@^1.1.0
2019 silly packumentCache full:https://registry.npmjs.org/streamsearch cache-miss
2020 silly fetch manifest nanoid@^3.3.6
2021 silly packumentCache full:https://registry.npmjs.org/nanoid cache-miss
2022 silly fetch manifest source-map-js@^1.0.2
2023 silly packumentCache full:https://registry.npmjs.org/source-map-js cache-miss
2024 silly fetch manifest client-only@0.0.1
2025 silly packumentCache full:https://registry.npmjs.org/client-only cache-miss
2026 http cache https://registry.npmjs.org/source-map-js 3ms (cache hit)
2027 silly packumentCache full:https://registry.npmjs.org/source-map-js set size:62640 disposed:false
2028 http cache https://registry.npmjs.org/nanoid 3ms (cache hit)
2029 silly packumentCache full:https://registry.npmjs.org/nanoid set size:298419 disposed:false
2030 http fetch GET 200 https://registry.npmjs.org/streamsearch 41ms (cache miss)
2031 silly packumentCache full:https://registry.npmjs.org/streamsearch set size:undefined disposed:false
2032 http fetch GET 200 https://registry.npmjs.org/client-only 43ms (cache miss)
2033 silly packumentCache full:https://registry.npmjs.org/client-only set size:undefined disposed:false
2034 http fetch GET 200 https://registry.npmjs.org/@swc%2fcounter 358ms (cache miss)
2035 silly packumentCache full:https://registry.npmjs.org/@swc%2fcounter set size:undefined disposed:false
2036 silly placeDep ROOT @swc/counter@0.1.3 OK for: @swc/helpers@0.5.5 want: ^0.1.3
2037 silly placeDep ROOT streamsearch@1.1.0 OK for: busboy@1.6.0 want: ^1.1.0
2038 silly placeDep ROOT deep-is@0.1.4 OK for: optionator@0.9.4 want: ^0.1.3
2039 silly placeDep ROOT fast-levenshtein@2.0.6 OK for: optionator@0.9.4 want: ^2.0.6
2040 silly placeDep ROOT word-wrap@1.2.5 OK for: optionator@0.9.4 want: ^1.2.5
2041 silly placeDep ROOT p-limit@3.1.0 OK for: p-locate@5.0.0 want: ^3.0.2
2042 silly fetch manifest yocto-queue@^0.1.0
2043 silly packumentCache full:https://registry.npmjs.org/yocto-queue cache-miss
2044 http fetch GET 200 https://registry.npmjs.org/yocto-queue 36ms (cache miss)
2045 silly packumentCache full:https://registry.npmjs.org/yocto-queue set size:undefined disposed:false
2046 silly placeDep ROOT yocto-queue@0.1.0 OK for: p-limit@3.1.0 want: ^0.1.0
2047 silly placeDep ROOT callsites@3.1.0 OK for: parent-module@1.0.1 want: ^3.0.0
2048 silly placeDep ROOT lru-cache@10.4.3 OK for: path-scurry@1.11.1 want: ^10.2.0
2049 silly placeDep ROOT nanoid@3.3.11 OK for: postcss@8.5.6 want: ^3.3.11
2050 silly placeDep ROOT source-map-js@1.2.1 OK for: postcss@8.5.6 want: ^1.2.1
2051 silly placeDep ROOT loose-envify@1.4.0 OK for: prop-types@15.8.1 want: ^1.4.0
2052 silly placeDep ROOT object-assign@4.1.1 OK for: prop-types@15.8.1 want: ^4.1.1
2053 silly placeDep ROOT react-is@16.13.1 OK for: prop-types@15.8.1 want: ^16.13.1
2054 silly fetch manifest js-tokens@^3.0.0 || ^4.0.0
2055 silly packumentCache full:https://registry.npmjs.org/js-tokens cache-miss
2056 http fetch GET 200 https://registry.npmjs.org/js-tokens 39ms (cache miss)
2057 silly packumentCache full:https://registry.npmjs.org/js-tokens set size:undefined disposed:false
2058 silly placeDep ROOT js-tokens@4.0.0 OK for: loose-envify@1.4.0 want: ^3.0.0 || ^4.0.0
2059 silly placeDep ROOT scheduler@0.23.2 OK for: react-dom@18.3.1 want: ^0.23.2
2060 silly placeDep ROOT path-parse@1.0.7 OK for: resolve@1.22.11 want: ^1.0.7
2061 silly placeDep ROOT supports-preserve-symlinks-flag@1.0.0 OK for: resolve@1.22.11 want: ^1.0.0
2062 silly placeDep node_modules/rimraf glob@7.2.3 OK for: rimraf@3.0.2 want: ^7.1.3
2063 silly fetch manifest once@^1.3.0
2064 silly packumentCache full:https://registry.npmjs.org/once cache-miss
2065 silly fetch manifest inflight@^1.0.4
2066 silly packumentCache full:https://registry.npmjs.org/inflight cache-miss
2067 silly fetch manifest inherits@2
2068 silly packumentCache full:https://registry.npmjs.org/inherits cache-miss
2069 silly fetch manifest fs.realpath@^1.0.0
2070 silly packumentCache full:https://registry.npmjs.org/fs.realpath cache-miss
2071 silly fetch manifest path-is-absolute@^1.0.0
2072 silly packumentCache full:https://registry.npmjs.org/path-is-absolute cache-miss
2073 http fetch GET 200 https://registry.npmjs.org/inflight 31ms (cache miss)
2074 silly packumentCache full:https://registry.npmjs.org/inflight set size:undefined disposed:false
2075 http fetch GET 200 https://registry.npmjs.org/once 32ms (cache miss)
2076 silly packumentCache full:https://registry.npmjs.org/once set size:undefined disposed:false
2077 http fetch GET 200 https://registry.npmjs.org/inherits 35ms (cache miss)
2078 silly packumentCache full:https://registry.npmjs.org/inherits set size:undefined disposed:false
2079 http fetch GET 200 https://registry.npmjs.org/fs.realpath 35ms (cache miss)
2080 silly packumentCache full:https://registry.npmjs.org/fs.realpath set size:undefined disposed:false
2081 http fetch GET 200 https://registry.npmjs.org/path-is-absolute 43ms (cache miss)
2082 silly packumentCache full:https://registry.npmjs.org/path-is-absolute set size:undefined disposed:false
2083 silly placeDep ROOT queue-microtask@1.2.3 OK for: run-parallel@1.2.0 want: ^1.2.2
2084 silly placeDep ROOT isarray@2.0.5 OK for: safe-array-concat@1.1.3 want: ^2.0.5
2085 silly placeDep ROOT shebang-regex@3.0.0 OK for: shebang-command@2.0.0 want: ^3.0.0
2086 silly placeDep ROOT side-channel-list@1.0.0 OK for: side-channel@1.1.0 want: ^1.0.0
2087 silly placeDep ROOT side-channel-map@1.0.1 OK for: side-channel@1.1.0 want: ^1.0.1
2088 silly placeDep ROOT side-channel-weakmap@1.0.2 OK for: side-channel@1.1.0 want: ^1.0.2
2089 silly placeDep ROOT eastasianwidth@0.2.0 OK for: string-width@5.1.2 want: ^0.2.0
2090 silly placeDep node_modules/string-width strip-ansi@7.1.2 OK for: string-width@5.1.2 want: ^7.0.1
2091 silly placeDep node_modules/string-width-cjs emoji-regex@8.0.0 OK for: string-width@4.2.3 want: ^8.0.0
2092 silly placeDep ROOT is-fullwidth-code-point@3.0.0 OK for: string-width@4.2.3 want: ^3.0.0
2093 silly placeDep ROOT ansi-regex@5.0.1 OK for: strip-ansi@6.0.1 want: ^5.0.1
2094 silly placeDep ROOT client-only@0.0.1 OK for: styled-jsx@5.1.1 want: 0.0.1
2095 silly placeDep ROOT has-flag@4.0.0 OK for: supports-color@7.2.0 want: ^4.0.0
2096 silly fetch manifest tsx@^4.8.1
2097 silly packumentCache full:https://registry.npmjs.org/tsx cache-miss
2098 http fetch GET 200 https://registry.npmjs.org/tsx 49ms (cache miss)
2099 silly packumentCache full:https://registry.npmjs.org/tsx set size:undefined disposed:false
2100 silly fetch manifest yaml@^2.4.2
2101 silly packumentCache full:https://registry.npmjs.org/yaml cache-miss
2102 http fetch GET 200 https://registry.npmjs.org/yaml 60ms (cache miss)
2103 silly packumentCache full:https://registry.npmjs.org/yaml set size:undefined disposed:false
2104 silly placeDep ROOT @alloc/quick-lru@5.2.0 OK for: tailwindcss@3.4.18 want: ^5.2.0
2105 silly placeDep ROOT arg@5.0.2 OK for: tailwindcss@3.4.18 want: ^5.0.2
2106 silly placeDep ROOT chokidar@3.6.0 OK for: tailwindcss@3.4.18 want: ^3.6.0
2107 silly placeDep ROOT didyoumean@1.2.2 OK for: tailwindcss@3.4.18 want: ^1.2.2
2108 silly placeDep ROOT dlv@1.1.3 OK for: tailwindcss@3.4.18 want: ^1.1.3
2109 silly placeDep ROOT jiti@1.21.7 OK for: tailwindcss@3.4.18 want: ^1.21.7
2110 silly placeDep ROOT lilconfig@3.1.3 OK for: tailwindcss@3.4.18 want: ^3.1.3
2111 silly placeDep ROOT normalize-path@3.0.0 OK for: tailwindcss@3.4.18 want: ^3.0.0
2112 silly placeDep ROOT object-hash@3.0.0 OK for: tailwindcss@3.4.18 want: ^3.0.0
2113 silly placeDep ROOT postcss-import@15.1.0 OK for: tailwindcss@3.4.18 want: ^15.1.0
2114 silly placeDep ROOT postcss-js@4.1.0 OK for: tailwindcss@3.4.18 want: ^4.0.1
2115 silly placeDep ROOT postcss-load-config@6.0.1 OK for: tailwindcss@3.4.18 want: ^4.0.2 || ^5.0 || ^6.0
2116 silly placeDep ROOT postcss-nested@6.2.0 OK for: tailwindcss@3.4.18 want: ^6.2.0
2117 silly placeDep ROOT postcss-selector-parser@6.1.2 OK for: tailwindcss@3.4.18 want: ^6.1.2
2118 silly placeDep ROOT sucrase@3.35.0 OK for: tailwindcss@3.4.18 want: ^3.35.0
2119 silly fetch manifest anymatch@~3.1.2
2120 silly packumentCache full:https://registry.npmjs.org/anymatch cache-miss
2121 silly fetch manifest readdirp@~3.6.0
2122 silly packumentCache full:https://registry.npmjs.org/readdirp cache-miss
2123 silly fetch manifest glob-parent@~5.1.2
2124 silly packumentCache full:https://registry.npmjs.org/glob-parent cache-hit
2125 silly fetch manifest is-binary-path@~2.1.0
2126 silly packumentCache full:https://registry.npmjs.org/is-binary-path cache-miss
2127 silly fetch manifest normalize-path@~3.0.0
2128 silly packumentCache full:https://registry.npmjs.org/normalize-path cache-miss
2129 silly fetch manifest fsevents@~2.3.2
2130 silly packumentCache full:https://registry.npmjs.org/fsevents cache-miss
2131 silly fetch manifest read-cache@^1.0.0
2132 silly packumentCache full:https://registry.npmjs.org/read-cache cache-miss
2133 silly fetch manifest camelcase-css@^2.0.1
2134 silly packumentCache full:https://registry.npmjs.org/camelcase-css cache-miss
2135 silly fetch manifest postcss-selector-parser@^6.1.1
2136 silly packumentCache full:https://registry.npmjs.org/postcss-selector-parser cache-miss
2137 silly fetch manifest cssesc@^3.0.0
2138 silly packumentCache full:https://registry.npmjs.org/cssesc cache-miss
2139 http cache https://registry.npmjs.org/normalize-path 5ms (cache hit)
2140 silly packumentCache full:https://registry.npmjs.org/normalize-path set size:28713 disposed:false
2141 silly fetch manifest util-deprecate@^1.0.2
2142 silly packumentCache full:https://registry.npmjs.org/util-deprecate cache-miss
2143 http cache https://registry.npmjs.org/postcss-selector-parser 4ms (cache hit)
2144 silly packumentCache full:https://registry.npmjs.org/postcss-selector-parser set size:174136 disposed:false
2145 silly fetch manifest @jridgewell/gen-mapping@^0.3.2
2146 silly packumentCache full:https://registry.npmjs.org/@jridgewell%2fgen-mapping cache-miss
2147 http fetch GET 200 https://registry.npmjs.org/is-binary-path 37ms (cache miss)
2148 silly packumentCache full:https://registry.npmjs.org/is-binary-path set size:undefined disposed:false
2149 silly fetch manifest commander@^4.0.0
2150 silly packumentCache full:https://registry.npmjs.org/commander cache-miss
2151 http fetch GET 200 https://registry.npmjs.org/fsevents 42ms (cache miss)
2152 silly packumentCache full:https://registry.npmjs.org/fsevents set size:undefined disposed:false
2153 silly fetch manifest lines-and-columns@^1.1.6
2154 silly packumentCache full:https://registry.npmjs.org/lines-and-columns cache-miss
2155 http fetch GET 200 https://registry.npmjs.org/readdirp 44ms (cache miss)
2156 silly packumentCache full:https://registry.npmjs.org/readdirp set size:undefined disposed:false
2157 silly fetch manifest mz@^2.7.0
2158 silly packumentCache full:https://registry.npmjs.org/mz cache-miss
2159 http fetch GET 200 https://registry.npmjs.org/cssesc 46ms (cache miss)
2160 silly packumentCache full:https://registry.npmjs.org/cssesc set size:undefined disposed:false
2161 silly fetch manifest pirates@^4.0.1
2162 silly packumentCache full:https://registry.npmjs.org/pirates cache-miss
2163 http fetch GET 200 https://registry.npmjs.org/read-cache 48ms (cache miss)
2164 silly packumentCache full:https://registry.npmjs.org/read-cache set size:undefined disposed:false
2165 silly fetch manifest ts-interface-checker@^0.1.9
2166 silly packumentCache full:https://registry.npmjs.org/ts-interface-checker cache-miss
2167 http fetch GET 200 https://registry.npmjs.org/camelcase-css 48ms (cache miss)
2168 silly packumentCache full:https://registry.npmjs.org/camelcase-css set size:undefined disposed:false
2169 http fetch GET 200 https://registry.npmjs.org/anymatch 50ms (cache miss)
2170 silly packumentCache full:https://registry.npmjs.org/anymatch set size:undefined disposed:false
2171 http fetch GET 200 https://registry.npmjs.org/@jridgewell%2fgen-mapping 51ms (cache miss)
2172 silly packumentCache full:https://registry.npmjs.org/@jridgewell%2fgen-mapping set size:undefined disposed:false
2173 http fetch GET 200 https://registry.npmjs.org/mz 27ms (cache miss)
2174 silly packumentCache full:https://registry.npmjs.org/mz set size:undefined disposed:false
2175 http fetch GET 200 https://registry.npmjs.org/lines-and-columns 41ms (cache miss)
2176 silly packumentCache full:https://registry.npmjs.org/lines-and-columns set size:undefined disposed:false
2177 http fetch GET 200 https://registry.npmjs.org/ts-interface-checker 38ms (cache miss)
2178 silly packumentCache full:https://registry.npmjs.org/ts-interface-checker set size:undefined disposed:false
2179 http fetch GET 200 https://registry.npmjs.org/pirates 45ms (cache miss)
2180 silly packumentCache full:https://registry.npmjs.org/pirates set size:undefined disposed:false
2181 http fetch GET 200 https://registry.npmjs.org/commander 57ms (cache miss)
2182 silly packumentCache full:https://registry.npmjs.org/commander set size:undefined disposed:false
2183 http fetch GET 200 https://registry.npmjs.org/util-deprecate 599ms (cache miss)
2184 silly packumentCache full:https://registry.npmjs.org/util-deprecate set size:undefined disposed:false
2185 silly placeDep ROOT anymatch@3.1.3 OK for: chokidar@3.6.0 want: ~3.1.2
2186 silly placeDep ROOT fsevents@2.3.3 OK for: chokidar@3.6.0 want: ~2.3.2
2187 silly placeDep node_modules/chokidar glob-parent@5.1.2 OK for: chokidar@3.6.0 want: ~5.1.2
2188 silly placeDep ROOT is-binary-path@2.1.0 OK for: chokidar@3.6.0 want: ~2.1.0
2189 silly placeDep ROOT readdirp@3.6.0 OK for: chokidar@3.6.0 want: ~3.6.0
2190 silly fetch manifest binary-extensions@^2.0.0
2191 silly packumentCache full:https://registry.npmjs.org/binary-extensions cache-miss
2192 http fetch GET 200 https://registry.npmjs.org/binary-extensions 43ms (cache miss)
2193 silly packumentCache full:https://registry.npmjs.org/binary-extensions set size:undefined disposed:false
2194 silly placeDep ROOT binary-extensions@2.3.0 OK for: is-binary-path@2.1.0 want: ^2.0.0
2195 silly placeDep ROOT read-cache@1.0.0 OK for: postcss-import@15.1.0 want: ^1.0.0
2196 silly fetch manifest pify@^2.3.0
2197 silly packumentCache full:https://registry.npmjs.org/pify cache-miss
2198 http fetch GET 200 https://registry.npmjs.org/pify 30ms (cache miss)
2199 silly packumentCache full:https://registry.npmjs.org/pify set size:undefined disposed:false
2200 silly placeDep ROOT camelcase-css@2.0.1 OK for: postcss-js@4.1.0 want: ^2.0.1
2201 silly placeDep ROOT cssesc@3.0.0 OK for: postcss-selector-parser@6.1.2 want: ^3.0.0
2202 silly placeDep ROOT util-deprecate@1.0.2 OK for: postcss-selector-parser@6.1.2 want: ^1.0.2
2203 silly placeDep ROOT pify@2.3.0 OK for: read-cache@1.0.0 want: ^2.3.0
2204 silly placeDep ROOT @jridgewell/gen-mapping@0.3.13 OK for: sucrase@3.35.0 want: ^0.3.2
2205 silly placeDep ROOT commander@4.1.1 OK for: sucrase@3.35.0 want: ^4.0.0
2206 silly placeDep ROOT lines-and-columns@1.2.4 OK for: sucrase@3.35.0 want: ^1.1.6
2207 silly placeDep ROOT mz@2.7.0 OK for: sucrase@3.35.0 want: ^2.7.0
2208 silly placeDep ROOT pirates@4.0.7 OK for: sucrase@3.35.0 want: ^4.0.1
2209 silly placeDep ROOT ts-interface-checker@0.1.13 OK for: sucrase@3.35.0 want: ^0.1.9
2210 silly fetch manifest @jridgewell/sourcemap-codec@^1.5.0
2211 silly packumentCache full:https://registry.npmjs.org/@jridgewell%2fsourcemap-codec cache-miss
2212 silly fetch manifest @jridgewell/trace-mapping@^0.3.24
2213 silly packumentCache full:https://registry.npmjs.org/@jridgewell%2ftrace-mapping cache-miss
2214 silly fetch manifest any-promise@^1.0.0
2215 silly packumentCache full:https://registry.npmjs.org/any-promise cache-miss
2216 silly fetch manifest thenify-all@^1.0.0
2217 silly packumentCache full:https://registry.npmjs.org/thenify-all cache-miss
2218 http fetch GET 200 https://registry.npmjs.org/any-promise 27ms (cache miss)
2219 silly packumentCache full:https://registry.npmjs.org/any-promise set size:undefined disposed:false
2220 http fetch GET 200 https://registry.npmjs.org/thenify-all 35ms (cache miss)
2221 silly packumentCache full:https://registry.npmjs.org/thenify-all set size:undefined disposed:false
2222 http fetch GET 200 https://registry.npmjs.org/@jridgewell%2ftrace-mapping 49ms (cache miss)
2223 silly packumentCache full:https://registry.npmjs.org/@jridgewell%2ftrace-mapping set size:undefined disposed:false
2224 http fetch GET 200 https://registry.npmjs.org/@jridgewell%2fsourcemap-codec 58ms (cache miss)
2225 silly packumentCache full:https://registry.npmjs.org/@jridgewell%2fsourcemap-codec set size:undefined disposed:false
2226 silly placeDep ROOT @jridgewell/sourcemap-codec@1.5.5 OK for: @jridgewell/gen-mapping@0.3.13 want: ^1.5.0
2227 silly placeDep ROOT @jridgewell/trace-mapping@0.3.31 OK for: @jridgewell/gen-mapping@0.3.13 want: ^0.3.24
2228 silly fetch manifest @jridgewell/resolve-uri@^3.1.0
2229 silly packumentCache full:https://registry.npmjs.org/@jridgewell%2fresolve-uri cache-miss
2230 http fetch GET 200 https://registry.npmjs.org/@jridgewell%2fresolve-uri 40ms (cache miss)
2231 silly packumentCache full:https://registry.npmjs.org/@jridgewell%2fresolve-uri set size:undefined disposed:false
2232 silly placeDep ROOT @jridgewell/resolve-uri@3.1.2 OK for: @jridgewell/trace-mapping@0.3.31 want: ^3.1.0
2233 silly placeDep ROOT any-promise@1.3.0 OK for: mz@2.7.0 want: ^1.0.0
2234 silly placeDep ROOT thenify-all@1.6.0 OK for: mz@2.7.0 want: ^1.0.0
2235 silly fetch manifest thenify@>= 3.1.0 < 4
2236 silly packumentCache full:https://registry.npmjs.org/thenify cache-miss
2237 http fetch GET 200 https://registry.npmjs.org/thenify 28ms (cache miss)
2238 silly packumentCache full:https://registry.npmjs.org/thenify set size:undefined disposed:false
2239 silly placeDep ROOT thenify@3.3.1 OK for: thenify-all@1.6.0 want: >= 3.1.0 < 4
2240 silly placeDep node_modules/tinyglobby fdir@6.5.0 OK for: tinyglobby@0.2.15 want: ^6.5.0
2241 silly placeDep node_modules/tinyglobby picomatch@4.0.3 OK for: fdir@6.5.0 want: ^3 || ^4
2242 silly placeDep ROOT is-number@7.0.0 OK for: to-regex-range@5.0.1 want: ^7.0.0
2243 silly placeDep ROOT @types/json5@0.0.29 OK for: tsconfig-paths@3.15.0 want: ^0.0.29
2244 silly placeDep ROOT json5@1.0.2 OK for: tsconfig-paths@3.15.0 want: ^1.0.2
2245 silly placeDep ROOT minimist@1.2.8 OK for: tsconfig-paths@3.15.0 want: ^1.2.6
2246 silly placeDep ROOT strip-bom@3.0.0 OK for: tsconfig-paths@3.15.0 want: ^3.0.0
2247 silly fetch manifest minimist@^1.2.0
2248 silly packumentCache full:https://registry.npmjs.org/minimist cache-miss
2249 http cache https://registry.npmjs.org/minimist 1ms (cache hit)
2250 silly packumentCache full:https://registry.npmjs.org/minimist set size:77082 disposed:false
2251 silly placeDep ROOT for-each@0.3.5 OK for: typed-array-byte-length@1.0.3 want: ^0.3.3
2252 silly placeDep ROOT reflect.getprototypeof@1.0.10 OK for: typed-array-byte-offset@1.0.4 want: ^1.0.9
2253 silly fetch manifest which-builtin-type@^1.2.1
2254 silly packumentCache full:https://registry.npmjs.org/which-builtin-type cache-miss
2255 http fetch GET 200 https://registry.npmjs.org/which-builtin-type 27ms (cache miss)
2256 silly packumentCache full:https://registry.npmjs.org/which-builtin-type set size:undefined disposed:false
2257 silly placeDep ROOT which-builtin-type@1.2.1 OK for: reflect.getprototypeof@1.0.10 want: ^1.2.1
2258 silly fetch manifest is-async-function@^2.0.0
2259 silly packumentCache full:https://registry.npmjs.org/is-async-function cache-miss
2260 silly fetch manifest is-finalizationregistry@^1.1.0
2261 silly packumentCache full:https://registry.npmjs.org/is-finalizationregistry cache-miss
2262 silly fetch manifest is-generator-function@^1.0.10
2263 silly packumentCache full:https://registry.npmjs.org/is-generator-function cache-miss
2264 silly fetch manifest which-boxed-primitive@^1.1.0
2265 silly packumentCache full:https://registry.npmjs.org/which-boxed-primitive cache-miss
2266 silly fetch manifest which-collection@^1.0.2
2267 silly packumentCache full:https://registry.npmjs.org/which-collection cache-miss
2268 http cache https://registry.npmjs.org/which-boxed-primitive 1ms (cache hit)
2269 silly packumentCache full:https://registry.npmjs.org/which-boxed-primitive set size:19407 disposed:false
2270 http fetch GET 200 https://registry.npmjs.org/is-generator-function 30ms (cache miss)
2271 silly packumentCache full:https://registry.npmjs.org/is-generator-function set size:undefined disposed:false
2272 http fetch GET 200 https://registry.npmjs.org/is-finalizationregistry 33ms (cache miss)
2273 silly packumentCache full:https://registry.npmjs.org/is-finalizationregistry set size:undefined disposed:false
2274 http fetch GET 200 https://registry.npmjs.org/which-collection 32ms (cache miss)
2275 silly packumentCache full:https://registry.npmjs.org/which-collection set size:undefined disposed:false
2276 http fetch GET 200 https://registry.npmjs.org/is-async-function 67ms (cache miss)
2277 silly packumentCache full:https://registry.npmjs.org/is-async-function set size:undefined disposed:false
2278 silly placeDep ROOT has-bigints@1.1.0 OK for: unbox-primitive@1.1.0 want: ^1.0.2
2279 silly placeDep ROOT which-boxed-primitive@1.1.1 OK for: unbox-primitive@1.1.0 want: ^1.1.1
2280 silly fetch manifest is-bigint@^1.1.0
2281 silly packumentCache full:https://registry.npmjs.org/is-bigint cache-miss
2282 silly fetch manifest is-boolean-object@^1.2.1
2283 silly packumentCache full:https://registry.npmjs.org/is-boolean-object cache-miss
2284 silly fetch manifest is-number-object@^1.1.1
2285 silly packumentCache full:https://registry.npmjs.org/is-number-object cache-miss
2286 http fetch GET 200 https://registry.npmjs.org/is-bigint 28ms (cache miss)
2287 silly packumentCache full:https://registry.npmjs.org/is-bigint set size:undefined disposed:false
2288 http fetch GET 200 https://registry.npmjs.org/is-number-object 28ms (cache miss)
2289 silly packumentCache full:https://registry.npmjs.org/is-number-object set size:undefined disposed:false
2290 http fetch GET 200 https://registry.npmjs.org/is-boolean-object 41ms (cache miss)
2291 silly packumentCache full:https://registry.npmjs.org/is-boolean-object set size:undefined disposed:false
2292 silly placeDep ROOT @unrs/resolver-binding-android-arm-eabi@1.11.1 OK for: unrs-resolver@1.11.1 want: 1.11.1
2293 silly placeDep ROOT @unrs/resolver-binding-android-arm64@1.11.1 OK for: unrs-resolver@1.11.1 want: 1.11.1
2294 silly placeDep ROOT @unrs/resolver-binding-darwin-arm64@1.11.1 OK for: unrs-resolver@1.11.1 want: 1.11.1
2295 silly placeDep ROOT @unrs/resolver-binding-darwin-x64@1.11.1 OK for: unrs-resolver@1.11.1 want: 1.11.1
2296 silly placeDep ROOT @unrs/resolver-binding-freebsd-x64@1.11.1 OK for: unrs-resolver@1.11.1 want: 1.11.1
2297 silly placeDep ROOT @unrs/resolver-binding-linux-arm-gnueabihf@1.11.1 OK for: unrs-resolver@1.11.1 want: 1.11.1
2298 silly placeDep ROOT @unrs/resolver-binding-linux-arm-musleabihf@1.11.1 OK for: unrs-resolver@1.11.1 want: 1.11.1
2299 silly placeDep ROOT @unrs/resolver-binding-linux-arm64-gnu@1.11.1 OK for: unrs-resolver@1.11.1 want: 1.11.1
2300 silly placeDep ROOT @unrs/resolver-binding-linux-arm64-musl@1.11.1 OK for: unrs-resolver@1.11.1 want: 1.11.1
2301 silly placeDep ROOT @unrs/resolver-binding-linux-ppc64-gnu@1.11.1 OK for: unrs-resolver@1.11.1 want: 1.11.1
2302 silly placeDep ROOT @unrs/resolver-binding-linux-riscv64-gnu@1.11.1 OK for: unrs-resolver@1.11.1 want: 1.11.1
2303 silly placeDep ROOT @unrs/resolver-binding-linux-riscv64-musl@1.11.1 OK for: unrs-resolver@1.11.1 want: 1.11.1
2304 silly placeDep ROOT @unrs/resolver-binding-linux-s390x-gnu@1.11.1 OK for: unrs-resolver@1.11.1 want: 1.11.1
2305 silly placeDep ROOT @unrs/resolver-binding-linux-x64-gnu@1.11.1 OK for: unrs-resolver@1.11.1 want: 1.11.1
2306 silly placeDep ROOT @unrs/resolver-binding-linux-x64-musl@1.11.1 OK for: unrs-resolver@1.11.1 want: 1.11.1
2307 silly placeDep ROOT @unrs/resolver-binding-wasm32-wasi@1.11.1 OK for: unrs-resolver@1.11.1 want: 1.11.1
2308 silly placeDep ROOT @unrs/resolver-binding-win32-arm64-msvc@1.11.1 OK for: unrs-resolver@1.11.1 want: 1.11.1
2309 silly placeDep ROOT @unrs/resolver-binding-win32-ia32-msvc@1.11.1 OK for: unrs-resolver@1.11.1 want: 1.11.1
2310 silly placeDep ROOT @unrs/resolver-binding-win32-x64-msvc@1.11.1 OK for: unrs-resolver@1.11.1 want: 1.11.1
2311 silly placeDep ROOT napi-postinstall@0.3.4 OK for: unrs-resolver@1.11.1 want: ^0.3.0
2312 silly fetch manifest @napi-rs/wasm-runtime@^0.2.11
2313 silly packumentCache full:https://registry.npmjs.org/@napi-rs%2fwasm-runtime cache-miss
2314 http fetch GET 200 https://registry.npmjs.org/@napi-rs%2fwasm-runtime 370ms (cache miss)
2315 silly packumentCache full:https://registry.npmjs.org/@napi-rs%2fwasm-runtime set size:undefined disposed:false
2316 silly placeDep ROOT @napi-rs/wasm-runtime@0.2.12 OK for: @unrs/resolver-binding-wasm32-wasi@1.11.1 want: ^0.2.11
2317 silly fetch manifest @emnapi/core@^1.4.3
2318 silly packumentCache full:https://registry.npmjs.org/@emnapi%2fcore cache-miss
2319 silly fetch manifest @emnapi/runtime@^1.4.3
2320 silly packumentCache full:https://registry.npmjs.org/@emnapi%2fruntime cache-miss
2321 silly fetch manifest @tybys/wasm-util@^0.10.0
2322 silly packumentCache full:https://registry.npmjs.org/@tybys%2fwasm-util cache-miss
2323 http fetch GET 200 https://registry.npmjs.org/@emnapi%2fruntime 399ms (cache miss)
2324 silly packumentCache full:https://registry.npmjs.org/@emnapi%2fruntime set size:undefined disposed:false
2325 http fetch GET 200 https://registry.npmjs.org/@emnapi%2fcore 549ms (cache miss)
2326 silly packumentCache full:https://registry.npmjs.org/@emnapi%2fcore set size:undefined disposed:false
2327 http fetch GET 200 https://registry.npmjs.org/@tybys%2fwasm-util 846ms (cache miss)
2328 silly packumentCache full:https://registry.npmjs.org/@tybys%2fwasm-util set size:undefined disposed:false
2329 silly placeDep ROOT @emnapi/core@1.7.1 OK for: @napi-rs/wasm-runtime@0.2.12 want: ^1.4.3
2330 silly placeDep ROOT @emnapi/runtime@1.7.1 OK for: @napi-rs/wasm-runtime@0.2.12 want: ^1.4.3
2331 silly placeDep ROOT @tybys/wasm-util@0.10.1 OK for: @napi-rs/wasm-runtime@0.2.12 want: ^0.10.0
2332 silly fetch manifest @emnapi/wasi-threads@1.1.0
2333 silly packumentCache full:https://registry.npmjs.org/@emnapi%2fwasi-threads cache-miss
2334 http fetch GET 200 https://registry.npmjs.org/@emnapi%2fwasi-threads 425ms (cache miss)
2335 silly packumentCache full:https://registry.npmjs.org/@emnapi%2fwasi-threads set size:undefined disposed:false
2336 silly placeDep ROOT @emnapi/wasi-threads@1.1.0 OK for: @emnapi/core@1.7.1 want: 1.1.0
2337 silly placeDep ROOT escalade@3.2.0 OK for: update-browserslist-db@1.1.4 want: ^3.2.0
2338 silly placeDep ROOT punycode@2.3.1 OK for: uri-js@4.4.1 want: ^2.1.0
2339 silly placeDep ROOT isexe@2.0.0 OK for: which@2.0.2 want: ^2.0.0
2340 silly placeDep ROOT is-bigint@1.1.0 OK for: which-boxed-primitive@1.1.1 want: ^1.1.0
2341 silly placeDep ROOT is-boolean-object@1.2.2 OK for: which-boxed-primitive@1.1.1 want: ^1.2.1
2342 silly placeDep ROOT is-number-object@1.1.1 OK for: which-boxed-primitive@1.1.1 want: ^1.1.1
2343 silly placeDep ROOT is-async-function@2.1.1 OK for: which-builtin-type@1.2.1 want: ^2.0.0
2344 silly placeDep ROOT is-finalizationregistry@1.1.1 OK for: which-builtin-type@1.2.1 want: ^1.1.0
2345 silly placeDep ROOT is-generator-function@1.1.2 OK for: which-builtin-type@1.2.1 want: ^1.0.10
2346 silly placeDep ROOT which-collection@1.0.2 OK for: which-builtin-type@1.2.1 want: ^1.0.2
2347 silly fetch manifest async-function@^1.0.0
2348 silly packumentCache full:https://registry.npmjs.org/async-function cache-miss
2349 silly fetch manifest generator-function@^2.0.0
2350 silly packumentCache full:https://registry.npmjs.org/generator-function cache-miss
2351 silly fetch manifest is-map@^2.0.3
2352 silly packumentCache full:https://registry.npmjs.org/is-map cache-miss
2353 silly fetch manifest is-weakmap@^2.0.2
2354 silly packumentCache full:https://registry.npmjs.org/is-weakmap cache-miss
2355 silly fetch manifest is-weakset@^2.0.3
2356 silly packumentCache full:https://registry.npmjs.org/is-weakset cache-miss
2357 http fetch GET 200 https://registry.npmjs.org/is-weakset 29ms (cache miss)
2358 silly packumentCache full:https://registry.npmjs.org/is-weakset set size:undefined disposed:false
2359 http fetch GET 200 https://registry.npmjs.org/generator-function 31ms (cache miss)
2360 silly packumentCache full:https://registry.npmjs.org/generator-function set size:undefined disposed:false
2361 http fetch GET 200 https://registry.npmjs.org/is-map 35ms (cache miss)
2362 silly packumentCache full:https://registry.npmjs.org/is-map set size:undefined disposed:false
2363 http fetch GET 200 https://registry.npmjs.org/is-weakmap 35ms (cache miss)
2364 silly packumentCache full:https://registry.npmjs.org/is-weakmap set size:undefined disposed:false
2365 http fetch GET 200 https://registry.npmjs.org/async-function 49ms (cache miss)
2366 silly packumentCache full:https://registry.npmjs.org/async-function set size:undefined disposed:false
2367 silly placeDep ROOT async-function@1.0.0 OK for: is-async-function@2.1.1 want: ^1.0.0
2368 silly placeDep ROOT generator-function@2.0.1 OK for: is-generator-function@1.1.2 want: ^2.0.0
2369 silly placeDep ROOT is-map@2.0.3 OK for: which-collection@1.0.2 want: ^2.0.3
2370 silly placeDep ROOT is-weakmap@2.0.2 OK for: which-collection@1.0.2 want: ^2.0.2
2371 silly placeDep ROOT is-weakset@2.0.4 OK for: which-collection@1.0.2 want: ^2.0.3
2372 silly placeDep node_modules/wrap-ansi ansi-styles@6.2.3 OK for: wrap-ansi@8.1.0 want: ^6.1.0
2373 silly placeDep node_modules/wrap-ansi strip-ansi@7.1.2 OK for: wrap-ansi@8.1.0 want: ^7.0.1
2374 silly placeDep node_modules/wrap-ansi-cjs string-width@4.2.3 OK for: wrap-ansi@7.0.0 want: ^4.1.0
2375 silly placeDep node_modules/@isaacs/cliui ansi-regex@6.2.2 OK for: strip-ansi@7.1.2 want: ^6.0.1
2376 silly placeDep node_modules/@typescript-eslint/typescript-estree brace-expansion@2.0.2 OK for: minimatch@9.0.3 want: ^2.0.1
2377 silly placeDep node_modules/glob brace-expansion@2.0.2 OK for: minimatch@9.0.5 want: ^2.0.1
2378 silly placeDep ROOT fs.realpath@1.0.0 OK for: glob@7.2.3 want: ^1.0.0
2379 silly placeDep ROOT inflight@1.0.6 OK for: glob@7.2.3 want: ^1.0.4
2380 silly placeDep ROOT inherits@2.0.4 OK for: glob@7.2.3 want: 2
2381 silly placeDep ROOT once@1.4.0 OK for: glob@7.2.3 want: ^1.3.0
2382 silly placeDep ROOT path-is-absolute@1.0.1 OK for: glob@7.2.3 want: ^1.0.0
2383 silly fetch manifest wrappy@1
2384 silly packumentCache full:https://registry.npmjs.org/wrappy cache-miss
2385 silly fetch manifest wrappy@1
2386 silly packumentCache full:https://registry.npmjs.org/wrappy cache-miss
2387 http fetch GET 200 https://registry.npmjs.org/wrappy 31ms (cache miss)
2388 silly packumentCache full:https://registry.npmjs.org/wrappy set size:undefined disposed:false
2389 http fetch GET 200 https://registry.npmjs.org/wrappy 34ms (cache miss)
2390 silly packumentCache full:https://registry.npmjs.org/wrappy set size:undefined disposed:false
2391 silly placeDep ROOT wrappy@1.0.2 OK for: inflight@1.0.6 want: 1
2392 silly placeDep node_modules/string-width ansi-regex@6.2.2 OK for: strip-ansi@7.1.2 want: ^6.0.1
2393 silly placeDep node_modules/wrap-ansi-cjs emoji-regex@8.0.0 OK for: string-width@4.2.3 want: ^8.0.0
2394 silly placeDep node_modules/wrap-ansi ansi-regex@6.2.2 OK for: strip-ansi@7.1.2 want: ^6.0.1
2395 silly reify moves {}
2396 silly audit bulk request {
2396 silly audit   '@supabase/supabase-js': [ '2.81.1' ],
2396 silly audit   '@types/node': [ '20.19.25' ],
2396 silly audit   '@types/react': [ '18.3.26' ],
2396 silly audit   '@types/react-dom': [ '18.3.7' ],
2396 silly audit   autoprefixer: [ '10.4.22' ],
2396 silly audit   postcss: [ '8.5.6', '8.4.31' ],
2396 silly audit   eslint: [ '8.57.1' ],
2396 silly audit   'eslint-config-next': [ '14.2.5' ],
2396 silly audit   next: [ '14.2.5' ],
2396 silly audit   react: [ '18.3.1' ],
2396 silly audit   'react-dom': [ '18.3.1' ],
2396 silly audit   tailwindcss: [ '3.4.18' ],
2396 silly audit   typescript: [ '5.9.3' ],
2396 silly audit   '@supabase/auth-js': [ '2.81.1' ],
2396 silly audit   '@supabase/functions-js': [ '2.81.1' ],
2396 silly audit   '@supabase/postgrest-js': [ '2.81.1' ],
2396 silly audit   '@supabase/realtime-js': [ '2.81.1' ],
2396 silly audit   '@supabase/storage-js': [ '2.81.1' ],
2396 silly audit   tslib: [ '2.8.1' ],
2396 silly audit   '@types/phoenix': [ '1.6.6' ],
2396 silly audit   '@types/ws': [ '8.18.1' ],
2396 silly audit   ws: [ '8.18.3' ],
2396 silly audit   'undici-types': [ '6.21.0' ],
2396 silly audit   '@types/prop-types': [ '15.7.15' ],
2396 silly audit   csstype: [ '3.2.2' ],
2396 silly audit   browserslist: [ '4.28.0' ],
2396 silly audit   'caniuse-lite': [ '1.0.30001755' ],
2396 silly audit   'fraction.js': [ '5.3.4' ],
2396 silly audit   'normalize-range': [ '0.1.2' ],
2396 silly audit   picocolors: [ '1.1.1' ],
2396 silly audit   'postcss-value-parser': [ '4.2.0' ],
2396 silly audit   'baseline-browser-mapping': [ '2.8.28' ],
2396 silly audit   'electron-to-chromium': [ '1.5.254' ],
2396 silly audit   'node-releases': [ '2.0.27' ],
2396 silly audit   'update-browserslist-db': [ '1.1.4' ],
2396 silly audit   '@eslint-community/eslint-utils': [ '4.9.0' ],
2396 silly audit   '@eslint-community/regexpp': [ '4.12.2' ],
2396 silly audit   '@eslint/eslintrc': [ '2.1.4' ],
2396 silly audit   '@eslint/js': [ '8.57.1' ],
2396 silly audit   '@humanwhocodes/config-array': [ '0.13.0' ],
2396 silly audit   '@humanwhocodes/module-importer': [ '1.0.1' ],
2396 silly audit   '@nodelib/fs.walk': [ '1.2.8' ],
2396 silly audit   '@ungap/structured-clone': [ '1.3.0' ],
2396 silly audit   ajv: [ '6.12.6' ],
2396 silly audit   chalk: [ '4.1.2' ],
2396 silly audit   'cross-spawn': [ '7.0.6' ],
2396 silly audit   debug: [ '4.4.3', '3.2.7' ],
2396 silly audit   doctrine: [ '3.0.0', '2.1.0' ],
2396 silly audit   'escape-string-regexp': [ '4.0.0' ],
2396 silly audit   'eslint-scope': [ '7.2.2' ],
2396 silly audit   'eslint-visitor-keys': [ '3.4.3' ],
2396 silly audit   espree: [ '9.6.1' ],
2396 silly audit   esquery: [ '1.6.0' ],
2396 silly audit   esutils: [ '2.0.3' ],
2396 silly audit   'fast-deep-equal': [ '3.1.3' ],
2396 silly audit   'file-entry-cache': [ '6.0.1' ],
2396 silly audit   'find-up': [ '5.0.0' ],
2396 silly audit   'glob-parent': [ '6.0.2', '5.1.2' ],
2396 silly audit   globals: [ '13.24.0' ],
2396 silly audit   graphemer: [ '1.4.0' ],
2396 silly audit   ignore: [ '5.3.2' ],
2396 silly audit   imurmurhash: [ '0.1.4' ],
2396 silly audit   'is-glob': [ '4.0.3' ],
2396 silly audit   'is-path-inside': [ '3.0.3' ],
2396 silly audit   'js-yaml': [ '4.1.1' ],
2396 silly audit   'json-stable-stringify-without-jsonify': [ '1.0.1' ],
2396 silly audit   levn: [ '0.4.1' ],
2396 silly audit   'lodash.merge': [ '4.6.2' ],
2396 silly audit   minimatch: [ '3.1.2', '9.0.3', '9.0.5' ],
2396 silly audit   'natural-compare': [ '1.4.0' ],
2396 silly audit   optionator: [ '0.9.4' ],
2396 silly audit   'strip-ansi': [ '6.0.1', '7.1.2' ],
2396 silly audit   'text-table': [ '0.2.0' ],
2396 silly audit   'import-fresh': [ '3.3.1' ],
2396 silly audit   'strip-json-comments': [ '3.1.1' ],
2396 silly audit   '@humanwhocodes/object-schema': [ '2.0.3' ],
2396 silly audit   '@nodelib/fs.scandir': [ '2.1.5' ],
2396 silly audit   fastq: [ '1.19.1' ],
2396 silly audit   '@nodelib/fs.stat': [ '2.0.5' ],
2396 silly audit   'run-parallel': [ '1.2.0' ],
2396 silly audit   'fast-json-stable-stringify': [ '2.1.0' ],
2396 silly audit   'json-schema-traverse': [ '0.4.1' ],
2396 silly audit   'uri-js': [ '4.4.1' ],
2396 silly audit   'ansi-styles': [ '4.3.0', '6.2.3' ],
2396 silly audit   'supports-color': [ '7.2.0' ],
2396 silly audit   'color-convert': [ '2.0.1' ],
2396 silly audit   'color-name': [ '1.1.4' ],
2396 silly audit   'path-key': [ '3.1.1' ],
2396 silly audit   'shebang-command': [ '2.0.0' ],
2396 silly audit   which: [ '2.0.2' ],
2396 silly audit   ms: [ '2.1.3' ],
2396 silly audit   '@next/eslint-plugin-next': [ '14.2.5' ],
2396 silly audit   '@rushstack/eslint-patch': [ '1.15.0' ],
2396 silly audit   '@typescript-eslint/parser': [ '7.2.0' ],
2396 silly audit   'eslint-import-resolver-node': [ '0.3.9' ],
2396 silly audit   'eslint-import-resolver-typescript': [ '3.10.1' ],
2396 silly audit   'eslint-plugin-import': [ '2.32.0' ],
2396 silly audit   'eslint-plugin-jsx-a11y': [ '6.10.2' ],
2396 silly audit   'eslint-plugin-react': [ '7.37.5' ],
2396 silly audit   'eslint-plugin-react-hooks': [ '5.0.0-canary-7118f5dd7-20230705' ],
2396 silly audit   glob: [ '10.3.10', '7.2.3' ],
2396 silly audit   '@typescript-eslint/scope-manager': [ '7.2.0' ],
2396 silly audit   '@typescript-eslint/types': [ '7.2.0' ],
2396 silly audit   '@typescript-eslint/typescript-estree': [ '7.2.0' ],
2396 silly audit   '@typescript-eslint/visitor-keys': [ '7.2.0' ],
2396 silly audit   globby: [ '11.1.0' ],
2396 silly audit   semver: [ '7.7.3', '6.3.1' ],
2396 silly audit   'ts-api-utils': [ '1.4.3' ],
2396 silly audit   'is-core-module': [ '2.16.1' ],
2396 silly audit   resolve: [ '1.22.11', '2.0.0-next.5' ],
2396 silly audit   '@nolyfill/is-core-module': [ '1.0.39' ],
2396 silly audit   'get-tsconfig': [ '4.13.0' ],
2396 silly audit   'is-bun-module': [ '2.0.0' ],
2396 silly audit   'stable-hash': [ '0.0.5' ],
2396 silly audit   tinyglobby: [ '0.2.15' ],
2396 silly audit   'unrs-resolver': [ '1.11.1' ],
2396 silly audit   '@rtsao/scc': [ '1.1.0' ],
2396 silly audit   'array-includes': [ '3.1.9' ],
2396 silly audit   'array.prototype.findlastindex': [ '1.2.6' ],
2396 silly audit   'array.prototype.flat': [ '1.3.3' ],
2396 silly audit   'array.prototype.flatmap': [ '1.3.3' ],
2396 silly audit   'eslint-module-utils': [ '2.12.1' ],
2396 silly audit   hasown: [ '2.0.2' ],
2396 silly audit   'object.fromentries': [ '2.0.8' ],
2396 silly audit   'object.groupby': [ '1.0.3' ],
2396 silly audit   'object.values': [ '1.2.1' ],
2396 silly audit   'string.prototype.trimend': [ '1.0.9' ],
2396 silly audit   'tsconfig-paths': [ '3.15.0' ],
2396 silly audit   'call-bind': [ '1.0.8' ],
2396 silly audit   'call-bound': [ '1.0.4' ],
2396 silly audit   'define-properties': [ '1.2.1' ],
2396 silly audit   'es-abstract': [ '1.24.0' ],
2396 silly audit   'es-object-atoms': [ '1.1.1' ],
2396 silly audit   'get-intrinsic': [ '1.3.0' ],
2396 silly audit   'is-string': [ '1.1.1' ],
2396 silly audit   'math-intrinsics': [ '1.1.0' ],
2396 silly audit   'es-errors': [ '1.3.0' ],
2396 silly audit   'es-shim-unscopables': [ '1.1.0' ],
2396 silly audit   'call-bind-apply-helpers': [ '1.0.2' ],
2396 silly audit   'es-define-property': [ '1.0.1' ],
2396 silly audit   'set-function-length': [ '1.2.2' ],
2396 silly audit   'function-bind': [ '1.1.2' ],
2396 silly audit   'define-data-property': [ '1.1.4' ],
2396 silly audit   'has-property-descriptors': [ '1.0.2' ],
2396 silly audit   'object-keys': [ '1.1.1' ],
2396 silly audit   gopd: [ '1.2.0' ],
2396 silly audit   'array-buffer-byte-length': [ '1.0.2' ],
2396 silly audit   'arraybuffer.prototype.slice': [ '1.0.4' ],
2396 silly audit   'available-typed-arrays': [ '1.0.7' ],
2396 silly audit   'data-view-buffer': [ '1.0.2' ],
2396 silly audit   'data-view-byte-length': [ '1.0.2' ],
2396 silly audit   'data-view-byte-offset': [ '1.0.1' ],
2396 silly audit   'es-set-tostringtag': [ '2.1.0' ],
2396 silly audit   'es-to-primitive': [ '1.3.0' ],
2396 silly audit   'function.prototype.name': [ '1.1.8' ],
2396 silly audit   'get-proto': [ '1.0.1' ],
2396 silly audit   'get-symbol-description': [ '1.1.0' ],
2396 silly audit   globalthis: [ '1.0.4' ],
2396 silly audit   'has-proto': [ '1.2.0' ],
2396 silly audit   'has-symbols': [ '1.1.0' ],
2396 silly audit   'internal-slot': [ '1.1.0' ],
2396 silly audit   'is-array-buffer': [ '3.0.5' ],
2396 silly audit   'is-callable': [ '1.2.7' ],
2396 silly audit   'is-data-view': [ '1.0.2' ],
2396 silly audit   'is-negative-zero': [ '2.0.3' ],
2396 silly audit   'is-regex': [ '1.2.1' ],
2396 silly audit   'is-set': [ '2.0.3' ],
2396 silly audit   'is-shared-array-buffer': [ '1.0.4' ],
2396 silly audit   'is-typed-array': [ '1.1.15' ],
2396 silly audit   'is-weakref': [ '1.1.1' ],
2396 silly audit   'object-inspect': [ '1.13.4' ],
2396 silly audit   'object.assign': [ '4.1.7' ],
2396 silly audit   'own-keys': [ '1.0.1' ],
2396 silly audit   'regexp.prototype.flags': [ '1.5.4' ],
2396 silly audit   'safe-array-concat': [ '1.1.3' ],
2396 silly audit   'safe-push-apply': [ '1.0.0' ],
2396 silly audit   'safe-regex-test': [ '1.1.0' ],
2396 silly audit   'set-proto': [ '1.0.0' ],
2396 silly audit   'stop-iteration-iterator': [ '1.1.0' ],
2396 silly audit   'string.prototype.trim': [ '1.2.10' ],
2396 silly audit   'string.prototype.trimstart': [ '1.0.8' ],
2396 silly audit   'typed-array-buffer': [ '1.0.3' ],
2396 silly audit   'typed-array-byte-length': [ '1.0.3' ],
2396 silly audit   'typed-array-byte-offset': [ '1.0.4' ],
2396 silly audit   'typed-array-length': [ '1.0.7' ],
2396 silly audit   'unbox-primitive': [ '1.1.0' ],
2396 silly audit   'which-typed-array': [ '1.1.19' ],
2396 silly audit   'possible-typed-array-names': [ '1.1.0' ],
2396 silly audit   'has-tostringtag': [ '1.0.2' ],
2396 silly audit   'is-date-object': [ '1.1.0' ],
2396 silly audit   'is-symbol': [ '1.1.1' ],
2396 silly audit   'aria-query': [ '5.3.2' ],
2396 silly audit   'ast-types-flow': [ '0.0.8' ],
2396 silly audit   'axe-core': [ '4.11.0' ],
2396 silly audit   'axobject-query': [ '4.1.0' ],
2396 silly audit   'damerau-levenshtein': [ '1.0.8' ],
2396 silly audit   'emoji-regex': [ '9.2.2', '8.0.0' ],
2396 silly audit   'jsx-ast-utils': [ '3.3.5' ],
2396 silly audit   'language-tags': [ '1.0.9' ],
2396 silly audit   'string.prototype.includes': [ '2.0.1' ],
2396 silly audit   'array.prototype.findlast': [ '1.2.5' ],
2396 silly audit   'array.prototype.tosorted': [ '1.1.4' ],
2396 silly audit   'es-iterator-helpers': [ '1.2.1' ],
2396 silly audit   estraverse: [ '5.3.0' ],
2396 silly audit   'object.entries': [ '1.1.9' ],
2396 silly audit   'prop-types': [ '15.8.1' ],
2396 silly audit   'string.prototype.matchall': [ '4.0.12' ],
2396 silly audit   'string.prototype.repeat': [ '1.0.0' ],
2396 silly audit   'iterator.prototype': [ '1.1.5' ],
2396 silly audit   esrecurse: [ '4.3.0' ],
2396 silly audit   acorn: [ '8.15.0' ],
2396 silly audit   'acorn-jsx': [ '5.3.2' ],
2396 silly audit   reusify: [ '1.1.0' ],
2396 silly audit   'flat-cache': [ '3.2.0' ],
2396 silly audit   'locate-path': [ '6.0.0' ],
2396 silly audit   'path-exists': [ '4.0.0' ],
2396 silly audit   flatted: [ '3.3.3' ],
2396 silly audit   keyv: [ '4.5.4' ],
2396 silly audit   rimraf: [ '3.0.2' ],
2396 silly audit   'functions-have-names': [ '1.2.3' ],
2396 silly audit   'dunder-proto': [ '1.0.1' ],
2396 silly audit   'resolve-pkg-maps': [ '1.0.0' ],
2396 silly audit   'foreground-child': [ '3.3.1' ],
2396 silly audit   jackspeak: [ '2.3.6' ],
2396 silly audit   minipass: [ '7.1.2' ],
2396 silly audit   'path-scurry': [ '1.11.1' ],
2396 silly audit   'signal-exit': [ '4.1.0' ],
2396 silly audit   'type-fest': [ '0.20.2' ],
2396 silly audit   'array-union': [ '2.1.0' ],
2396 silly audit   'dir-glob': [ '3.0.1' ],
2396 silly audit   'fast-glob': [ '3.3.3' ],
2396 silly audit   merge2: [ '1.4.1' ],
2396 silly audit   slash: [ '3.0.0' ],
2396 silly audit   'path-type': [ '4.0.0' ],
2396 silly audit   micromatch: [ '4.0.8' ],
2396 silly audit   'parent-module': [ '1.0.1' ],
2396 silly audit   'resolve-from': [ '4.0.0' ],
2396 silly audit   'side-channel': [ '1.1.0' ],
2396 silly audit   'is-extglob': [ '2.1.1' ],
2396 silly audit   'set-function-name': [ '2.0.2' ],
2396 silly audit   '@isaacs/cliui': [ '8.0.2' ],
2396 silly audit   '@pkgjs/parseargs': [ '0.11.0' ],
2396 silly audit   'string-width': [ '5.1.2', '4.2.3' ],
2396 silly audit   'wrap-ansi': [ '8.1.0', '7.0.0' ],
2396 silly audit   argparse: [ '2.0.1' ],
2396 silly audit   'json-buffer': [ '3.0.1' ],
2396 silly audit   'language-subtag-registry': [ '0.3.23' ],
2396 silly audit   'prelude-ls': [ '1.2.1' ],
2396 silly audit   'type-check': [ '0.4.0' ],
2396 silly audit   'p-locate': [ '5.0.0' ],
2396 silly audit   braces: [ '3.0.3' ],
2396 silly audit   picomatch: [ '2.3.1', '4.0.3' ],
2396 silly audit   'fill-range': [ '7.1.1' ],
2396 silly audit   'to-regex-range': [ '5.0.1' ],
2396 silly audit   'brace-expansion': [ '1.1.12', '2.0.2' ],
2396 silly audit   'balanced-match': [ '1.0.2' ],
2396 silly audit   'concat-map': [ '0.0.1' ],
2396 silly audit   '@next/env': [ '14.2.5' ],
2396 silly audit   '@next/swc-darwin-arm64': [ '14.2.5' ],
2396 silly audit   '@next/swc-darwin-x64': [ '14.2.5' ],
2396 silly audit   '@next/swc-linux-arm64-gnu': [ '14.2.5' ],
2396 silly audit   '@next/swc-linux-arm64-musl': [ '14.2.5' ],
2396 silly audit   '@next/swc-linux-x64-gnu': [ '14.2.5' ],
2396 silly audit   '@next/swc-linux-x64-musl': [ '14.2.5' ],
2396 silly audit   '@next/swc-win32-arm64-msvc': [ '14.2.5' ],
2396 silly audit   '@next/swc-win32-ia32-msvc': [ '14.2.5' ],
2396 silly audit   '@next/swc-win32-x64-msvc': [ '14.2.5' ],
2396 silly audit   '@swc/helpers': [ '0.5.5' ],
2396 silly audit   busboy: [ '1.6.0' ],
2396 silly audit   'graceful-fs': [ '4.2.11' ],
2396 silly audit   'styled-jsx': [ '5.1.1' ],
2396 silly audit   '@swc/counter': [ '0.1.3' ],
2396 silly audit   streamsearch: [ '1.1.0' ],
2396 silly audit   'deep-is': [ '0.1.4' ],
2396 silly audit   'fast-levenshtein': [ '2.0.6' ],
2396 silly audit   'word-wrap': [ '1.2.5' ],
2396 silly audit   'p-limit': [ '3.1.0' ],
2396 silly audit   'yocto-queue': [ '0.1.0' ],
2396 silly audit   callsites: [ '3.1.0' ],
2396 silly audit   'lru-cache': [ '10.4.3' ],
2396 silly audit   nanoid: [ '3.3.11' ],
2396 silly audit   'source-map-js': [ '1.2.1' ],
2396 silly audit   'loose-envify': [ '1.4.0' ],
2396 silly audit   'object-assign': [ '4.1.1' ],
2396 silly audit   'react-is': [ '16.13.1' ],
2396 silly audit   'js-tokens': [ '4.0.0' ],
2396 silly audit   scheduler: [ '0.23.2' ],
2396 silly audit   'path-parse': [ '1.0.7' ],
2396 silly audit   'supports-preserve-symlinks-flag': [ '1.0.0' ],
2396 silly audit   'queue-microtask': [ '1.2.3' ],
2396 silly audit   isarray: [ '2.0.5' ],
2396 silly audit   'shebang-regex': [ '3.0.0' ],
2396 silly audit   'side-channel-list': [ '1.0.0' ],
2396 silly audit   'side-channel-map': [ '1.0.1' ],
2396 silly audit   'side-channel-weakmap': [ '1.0.2' ],
2396 silly audit   eastasianwidth: [ '0.2.0' ],
2396 silly audit   'is-fullwidth-code-point': [ '3.0.0' ],
2396 silly audit   'ansi-regex': [ '5.0.1', '6.2.2' ],
2396 silly audit   'client-only': [ '0.0.1' ],
2396 silly audit   'has-flag': [ '4.0.0' ],
2396 silly audit   '@alloc/quick-lru': [ '5.2.0' ],
2396 silly audit   arg: [ '5.0.2' ],
2396 silly audit   chokidar: [ '3.6.0' ],
2396 silly audit   didyoumean: [ '1.2.2' ],
2396 silly audit   dlv: [ '1.1.3' ],
2396 silly audit   jiti: [ '1.21.7' ],
2396 silly audit   lilconfig: [ '3.1.3' ],
2396 silly audit   'normalize-path': [ '3.0.0' ],
2396 silly audit   'object-hash': [ '3.0.0' ],
2396 silly audit   'postcss-import': [ '15.1.0' ],
2396 silly audit   'postcss-js': [ '4.1.0' ],
2396 silly audit   'postcss-load-config': [ '6.0.1' ],
2396 silly audit   'postcss-nested': [ '6.2.0' ],
2396 silly audit   'postcss-selector-parser': [ '6.1.2' ],
2396 silly audit   sucrase: [ '3.35.0' ],
2396 silly audit   anymatch: [ '3.1.3' ],
2396 silly audit   fsevents: [ '2.3.3' ],
2396 silly audit   'is-binary-path': [ '2.1.0' ],
2396 silly audit   readdirp: [ '3.6.0' ],
2396 silly audit   'binary-extensions': [ '2.3.0' ],
2396 silly audit   'read-cache': [ '1.0.0' ],
2396 silly audit   'camelcase-css': [ '2.0.1' ],
2396 silly audit   cssesc: [ '3.0.0' ],
2396 silly audit   'util-deprecate': [ '1.0.2' ],
2396 silly audit   pify: [ '2.3.0' ],
2396 silly audit   '@jridgewell/gen-mapping': [ '0.3.13' ],
2396 silly audit   commander: [ '4.1.1' ],
2396 silly audit   'lines-and-columns': [ '1.2.4' ],
2396 silly audit   mz: [ '2.7.0' ],
2396 silly audit   pirates: [ '4.0.7' ],
2396 silly audit   'ts-interface-checker': [ '0.1.13' ],
2396 silly audit   '@jridgewell/sourcemap-codec': [ '1.5.5' ],
2396 silly audit   '@jridgewell/trace-mapping': [ '0.3.31' ],
2396 silly audit   '@jridgewell/resolve-uri': [ '3.1.2' ],
2396 silly audit   'any-promise': [ '1.3.0' ],
2396 silly audit   'thenify-all': [ '1.6.0' ],
2396 silly audit   thenify: [ '3.3.1' ],
2396 silly audit   fdir: [ '6.5.0' ],
2396 silly audit   'is-number': [ '7.0.0' ],
2396 silly audit   '@types/json5': [ '0.0.29' ],
2396 silly audit   json5: [ '1.0.2' ],
2396 silly audit   minimist: [ '1.2.8' ],
2396 silly audit   'strip-bom': [ '3.0.0' ],
2396 silly audit   'for-each': [ '0.3.5' ],
2396 silly audit   'reflect.getprototypeof': [ '1.0.10' ],
2396 silly audit   'which-builtin-type': [ '1.2.1' ],
2396 silly audit   'has-bigints': [ '1.1.0' ],
2396 silly audit   'which-boxed-primitive': [ '1.1.1' ],
2396 silly audit   '@unrs/resolver-binding-android-arm-eabi': [ '1.11.1' ],
2396 silly audit   '@unrs/resolver-binding-android-arm64': [ '1.11.1' ],
2396 silly audit   '@unrs/resolver-binding-darwin-arm64': [ '1.11.1' ],
2396 silly audit   '@unrs/resolver-binding-darwin-x64': [ '1.11.1' ],
2396 silly audit   '@unrs/resolver-binding-freebsd-x64': [ '1.11.1' ],
2396 silly audit   '@unrs/resolver-binding-linux-arm-gnueabihf': [ '1.11.1' ],
2396 silly audit   '@unrs/resolver-binding-linux-arm-musleabihf': [ '1.11.1' ],
2396 silly audit   '@unrs/resolver-binding-linux-arm64-gnu': [ '1.11.1' ],
2396 silly audit   '@unrs/resolver-binding-linux-arm64-musl': [ '1.11.1' ],
2396 silly audit   '@unrs/resolver-binding-linux-ppc64-gnu': [ '1.11.1' ],
2396 silly audit   '@unrs/resolver-binding-linux-riscv64-gnu': [ '1.11.1' ],
2396 silly audit   '@unrs/resolver-binding-linux-riscv64-musl': [ '1.11.1' ],
2396 silly audit   '@unrs/resolver-binding-linux-s390x-gnu': [ '1.11.1' ],
2396 silly audit   '@unrs/resolver-binding-linux-x64-gnu': [ '1.11.1' ],
2396 silly audit   '@unrs/resolver-binding-linux-x64-musl': [ '1.11.1' ],
2396 silly audit   '@unrs/resolver-binding-wasm32-wasi': [ '1.11.1' ],
2396 silly audit   '@unrs/resolver-binding-win32-arm64-msvc': [ '1.11.1' ],
2396 silly audit   '@unrs/resolver-binding-win32-ia32-msvc': [ '1.11.1' ],
2396 silly audit   '@unrs/resolver-binding-win32-x64-msvc': [ '1.11.1' ],
2396 silly audit   'napi-postinstall': [ '0.3.4' ],
2396 silly audit   '@napi-rs/wasm-runtime': [ '0.2.12' ],
2396 silly audit   '@emnapi/core': [ '1.7.1' ],
2396 silly audit   '@emnapi/runtime': [ '1.7.1' ],
2396 silly audit   '@tybys/wasm-util': [ '0.10.1' ],
2396 silly audit   '@emnapi/wasi-threads': [ '1.1.0' ],
2396 silly audit   escalade: [ '3.2.0' ],
2396 silly audit   punycode: [ '2.3.1' ],
2396 silly audit   isexe: [ '2.0.0' ],
2396 silly audit   'is-bigint': [ '1.1.0' ],
2396 silly audit   'is-boolean-object': [ '1.2.2' ],
2396 silly audit   'is-number-object': [ '1.1.1' ],
2396 silly audit   'is-async-function': [ '2.1.1' ],
2396 silly audit   'is-finalizationregistry': [ '1.1.1' ],
2396 silly audit   'is-generator-function': [ '1.1.2' ],
2396 silly audit   'which-collection': [ '1.0.2' ],
2396 silly audit   'async-function': [ '1.0.0' ],
2396 silly audit   'generator-function': [ '2.0.1' ],
2396 silly audit   'is-map': [ '2.0.3' ],
2396 silly audit   'is-weakmap': [ '2.0.2' ],
2396 silly audit   'is-weakset': [ '2.0.4' ],
2396 silly audit   'fs.realpath': [ '1.0.0' ],
2396 silly audit   inflight: [ '1.0.6' ],
2396 silly audit   inherits: [ '2.0.4' ],
2396 silly audit   once: [ '1.4.0' ],
2396 silly audit   'path-is-absolute': [ '1.0.1' ],
2396 silly audit   wrappy: [ '1.0.2' ]
2396 silly audit }
2397 http cache wrappy@https://registry.npmjs.org/wrappy/-/wrappy-1.0.2.tgz 0ms (cache hit)
2398 http cache once@https://registry.npmjs.org/once/-/once-1.4.0.tgz 0ms (cache hit)
2399 http cache inherits@https://registry.npmjs.org/inherits/-/inherits-2.0.4.tgz 0ms (cache hit)
2400 http cache path-is-absolute@https://registry.npmjs.org/path-is-absolute/-/path-is-absolute-1.0.1.tgz 0ms (cache hit)
2401 http cache is-weakset@https://registry.npmjs.org/is-weakset/-/is-weakset-2.0.4.tgz 0ms (cache hit)
2402 http cache is-weakmap@https://registry.npmjs.org/is-weakmap/-/is-weakmap-2.0.2.tgz 0ms (cache hit)
2403 http cache fs.realpath@https://registry.npmjs.org/fs.realpath/-/fs.realpath-1.0.0.tgz 0ms (cache hit)
2404 http cache inflight@https://registry.npmjs.org/inflight/-/inflight-1.0.6.tgz 0ms (cache hit)
2405 http cache is-map@https://registry.npmjs.org/is-map/-/is-map-2.0.3.tgz 0ms (cache hit)
2406 http cache generator-function@https://registry.npmjs.org/generator-function/-/generator-function-2.0.1.tgz 0ms (cache hit)
2407 http cache async-function@https://registry.npmjs.org/async-function/-/async-function-1.0.0.tgz 0ms (cache hit)
2408 http cache is-generator-function@https://registry.npmjs.org/is-generator-function/-/is-generator-function-1.1.2.tgz 0ms (cache hit)
2409 http cache is-finalizationregistry@https://registry.npmjs.org/is-finalizationregistry/-/is-finalizationregistry-1.1.1.tgz 0ms (cache hit)
2410 http cache is-number-object@https://registry.npmjs.org/is-number-object/-/is-number-object-1.1.1.tgz 0ms (cache hit)
2411 http cache which-collection@https://registry.npmjs.org/which-collection/-/which-collection-1.0.2.tgz 0ms (cache hit)
2412 http cache is-boolean-object@https://registry.npmjs.org/is-boolean-object/-/is-boolean-object-1.2.2.tgz 0ms (cache hit)
2413 http cache is-bigint@https://registry.npmjs.org/is-bigint/-/is-bigint-1.1.0.tgz 0ms (cache hit)
2414 http cache punycode@https://registry.npmjs.org/punycode/-/punycode-2.3.1.tgz 0ms (cache hit)
2415 http cache isexe@https://registry.npmjs.org/isexe/-/isexe-2.0.0.tgz 0ms (cache hit)
2416 http cache is-async-function@https://registry.npmjs.org/is-async-function/-/is-async-function-2.1.1.tgz 0ms (cache hit)
2417 http cache which-boxed-primitive@https://registry.npmjs.org/which-boxed-primitive/-/which-boxed-primitive-1.1.1.tgz 0ms (cache hit)
2418 http cache has-bigints@https://registry.npmjs.org/has-bigints/-/has-bigints-1.1.0.tgz 0ms (cache hit)
2419 http cache @unrs/resolver-binding-darwin-arm64@https://registry.npmjs.org/@unrs/resolver-binding-darwin-arm64/-/resolver-binding-darwin-arm64-1.11.1.tgz 0ms (cache hit)
2420 http cache napi-postinstall@https://registry.npmjs.org/napi-postinstall/-/napi-postinstall-0.3.4.tgz 0ms (cache hit)
2421 http cache which-builtin-type@https://registry.npmjs.org/which-builtin-type/-/which-builtin-type-1.2.1.tgz 0ms (cache hit)
2422 http cache for-each@https://registry.npmjs.org/for-each/-/for-each-0.3.5.tgz 0ms (cache hit)
2423 http cache strip-bom@https://registry.npmjs.org/strip-bom/-/strip-bom-3.0.0.tgz 0ms (cache hit)
2424 http cache reflect.getprototypeof@https://registry.npmjs.org/reflect.getprototypeof/-/reflect.getprototypeof-1.0.10.tgz 0ms (cache hit)
2425 http cache json5@https://registry.npmjs.org/json5/-/json5-1.0.2.tgz 0ms (cache hit)
2426 http cache thenify@https://registry.npmjs.org/thenify/-/thenify-3.3.1.tgz 0ms (cache hit)
2427 http cache @types/json5@https://registry.npmjs.org/@types/json5/-/json5-0.0.29.tgz 0ms (cache hit)
2428 http cache escalade@https://registry.npmjs.org/escalade/-/escalade-3.2.0.tgz 0ms (cache hit)
2429 http cache minimist@https://registry.npmjs.org/minimist/-/minimist-1.2.8.tgz 0ms (cache hit)
2430 http cache is-number@https://registry.npmjs.org/is-number/-/is-number-7.0.0.tgz 0ms (cache hit)
2431 http cache any-promise@https://registry.npmjs.org/any-promise/-/any-promise-1.3.0.tgz 0ms (cache hit)
2432 http cache ts-interface-checker@https://registry.npmjs.org/ts-interface-checker/-/ts-interface-checker-0.1.13.tgz 0ms (cache hit)
2433 http cache thenify-all@https://registry.npmjs.org/thenify-all/-/thenify-all-1.6.0.tgz 0ms (cache hit)
2434 http cache @jridgewell/sourcemap-codec@https://registry.npmjs.org/@jridgewell/sourcemap-codec/-/sourcemap-codec-1.5.5.tgz 0ms (cache hit)
2435 http cache pirates@https://registry.npmjs.org/pirates/-/pirates-4.0.7.tgz 0ms (cache hit)
2436 http cache lines-and-columns@https://registry.npmjs.org/lines-and-columns/-/lines-and-columns-1.2.4.tgz 0ms (cache hit)
2437 http cache @jridgewell/trace-mapping@https://registry.npmjs.org/@jridgewell/trace-mapping/-/trace-mapping-0.3.31.tgz 0ms (cache hit)
2438 http cache mz@https://registry.npmjs.org/mz/-/mz-2.7.0.tgz 0ms (cache hit)
2439 http cache commander@https://registry.npmjs.org/commander/-/commander-4.1.1.tgz 0ms (cache hit)
2440 http cache @jridgewell/gen-mapping@https://registry.npmjs.org/@jridgewell/gen-mapping/-/gen-mapping-0.3.13.tgz 0ms (cache hit)
2441 http cache pify@https://registry.npmjs.org/pify/-/pify-2.3.0.tgz 0ms (cache hit)
2442 http cache cssesc@https://registry.npmjs.org/cssesc/-/cssesc-3.0.0.tgz 0ms (cache hit)
2443 http cache util-deprecate@https://registry.npmjs.org/util-deprecate/-/util-deprecate-1.0.2.tgz 0ms (cache hit)
2444 http cache camelcase-css@https://registry.npmjs.org/camelcase-css/-/camelcase-css-2.0.1.tgz 0ms (cache hit)
2445 http cache read-cache@https://registry.npmjs.org/read-cache/-/read-cache-1.0.0.tgz 0ms (cache hit)
2446 http cache binary-extensions@https://registry.npmjs.org/binary-extensions/-/binary-extensions-2.3.0.tgz 0ms (cache hit)
2447 http cache anymatch@https://registry.npmjs.org/anymatch/-/anymatch-3.1.3.tgz 0ms (cache hit)
2448 http cache @jridgewell/resolve-uri@https://registry.npmjs.org/@jridgewell/resolve-uri/-/resolve-uri-3.1.2.tgz 0ms (cache hit)
2449 http cache fsevents@https://registry.npmjs.org/fsevents/-/fsevents-2.3.3.tgz 0ms (cache hit)
2450 http cache readdirp@https://registry.npmjs.org/readdirp/-/readdirp-3.6.0.tgz 0ms (cache hit)
2451 http cache postcss-js@https://registry.npmjs.org/postcss-js/-/postcss-js-4.1.0.tgz 0ms (cache hit)
2452 http cache object-hash@https://registry.npmjs.org/object-hash/-/object-hash-3.0.0.tgz 0ms (cache hit)
2453 http cache sucrase@https://registry.npmjs.org/sucrase/-/sucrase-3.35.0.tgz 0ms (cache hit)
2454 http cache is-binary-path@https://registry.npmjs.org/is-binary-path/-/is-binary-path-2.1.0.tgz 0ms (cache hit)
2455 http cache postcss-load-config@https://registry.npmjs.org/postcss-load-config/-/postcss-load-config-6.0.1.tgz 0ms (cache hit)
2456 http cache postcss-selector-parser@https://registry.npmjs.org/postcss-selector-parser/-/postcss-selector-parser-6.1.2.tgz 0ms (cache hit)
2457 http cache normalize-path@https://registry.npmjs.org/normalize-path/-/normalize-path-3.0.0.tgz 0ms (cache hit)
2458 http cache jiti@https://registry.npmjs.org/jiti/-/jiti-1.21.7.tgz 0ms (cache hit)
2459 http cache dlv@https://registry.npmjs.org/dlv/-/dlv-1.1.3.tgz 0ms (cache hit)
2460 http cache postcss-nested@https://registry.npmjs.org/postcss-nested/-/postcss-nested-6.2.0.tgz 0ms (cache hit)
2461 http cache @alloc/quick-lru@https://registry.npmjs.org/@alloc/quick-lru/-/quick-lru-5.2.0.tgz 0ms (cache hit)
2462 http cache arg@https://registry.npmjs.org/arg/-/arg-5.0.2.tgz 0ms (cache hit)
2463 http cache lilconfig@https://registry.npmjs.org/lilconfig/-/lilconfig-3.1.3.tgz 0ms (cache hit)
2464 http cache client-only@https://registry.npmjs.org/client-only/-/client-only-0.0.1.tgz 0ms (cache hit)
2465 http cache has-flag@https://registry.npmjs.org/has-flag/-/has-flag-4.0.0.tgz 0ms (cache hit)
2466 http cache eastasianwidth@https://registry.npmjs.org/eastasianwidth/-/eastasianwidth-0.2.0.tgz 0ms (cache hit)
2467 http cache side-channel-weakmap@https://registry.npmjs.org/side-channel-weakmap/-/side-channel-weakmap-1.0.2.tgz 0ms (cache hit)
2468 http cache ansi-regex@https://registry.npmjs.org/ansi-regex/-/ansi-regex-5.0.1.tgz 0ms (cache hit)
2469 http cache didyoumean@https://registry.npmjs.org/didyoumean/-/didyoumean-1.2.2.tgz 0ms (cache hit)
2470 http cache is-fullwidth-code-point@https://registry.npmjs.org/is-fullwidth-code-point/-/is-fullwidth-code-point-3.0.0.tgz 0ms (cache hit)
2471 http cache side-channel-map@https://registry.npmjs.org/side-channel-map/-/side-channel-map-1.0.1.tgz 0ms (cache hit)
2472 http cache side-channel-list@https://registry.npmjs.org/side-channel-list/-/side-channel-list-1.0.0.tgz 0ms (cache hit)
2473 http cache isarray@https://registry.npmjs.org/isarray/-/isarray-2.0.5.tgz 0ms (cache hit)
2474 http cache chokidar@https://registry.npmjs.org/chokidar/-/chokidar-3.6.0.tgz 0ms (cache hit)
2475 http cache queue-microtask@https://registry.npmjs.org/queue-microtask/-/queue-microtask-1.2.3.tgz 0ms (cache hit)
2476 http cache supports-preserve-symlinks-flag@https://registry.npmjs.org/supports-preserve-symlinks-flag/-/supports-preserve-symlinks-flag-1.0.0.tgz 0ms (cache hit)
2477 http cache scheduler@https://registry.npmjs.org/scheduler/-/scheduler-0.23.2.tgz 0ms (cache hit)
2478 http cache loose-envify@https://registry.npmjs.org/loose-envify/-/loose-envify-1.4.0.tgz 0ms (cache hit)
2479 http cache object-assign@https://registry.npmjs.org/object-assign/-/object-assign-4.1.1.tgz 0ms (cache hit)
2480 http cache js-tokens@https://registry.npmjs.org/js-tokens/-/js-tokens-4.0.0.tgz 0ms (cache hit)
2481 http cache react-is@https://registry.npmjs.org/react-is/-/react-is-16.13.1.tgz 0ms (cache hit)
2482 http cache path-parse@https://registry.npmjs.org/path-parse/-/path-parse-1.0.7.tgz 0ms (cache hit)
2483 http cache lru-cache@https://registry.npmjs.org/lru-cache/-/lru-cache-10.4.3.tgz 0ms (cache hit)
2484 http cache postcss-import@https://registry.npmjs.org/postcss-import/-/postcss-import-15.1.0.tgz 0ms (cache hit)
2485 http cache callsites@https://registry.npmjs.org/callsites/-/callsites-3.1.0.tgz 0ms (cache hit)
2486 http cache source-map-js@https://registry.npmjs.org/source-map-js/-/source-map-js-1.2.1.tgz 0ms (cache hit)
2487 http cache nanoid@https://registry.npmjs.org/nanoid/-/nanoid-3.3.11.tgz 0ms (cache hit)
2488 http cache yocto-queue@https://registry.npmjs.org/yocto-queue/-/yocto-queue-0.1.0.tgz 0ms (cache hit)
2489 http cache p-limit@https://registry.npmjs.org/p-limit/-/p-limit-3.1.0.tgz 0ms (cache hit)
2490 http cache word-wrap@https://registry.npmjs.org/word-wrap/-/word-wrap-1.2.5.tgz 0ms (cache hit)
2491 http cache @swc/counter@https://registry.npmjs.org/@swc/counter/-/counter-0.1.3.tgz 0ms (cache hit)
2492 http cache streamsearch@https://registry.npmjs.org/streamsearch/-/streamsearch-1.1.0.tgz 0ms (cache hit)
2493 http cache fast-levenshtein@https://registry.npmjs.org/fast-levenshtein/-/fast-levenshtein-2.0.6.tgz 0ms (cache hit)
2494 http cache deep-is@https://registry.npmjs.org/deep-is/-/deep-is-0.1.4.tgz 0ms (cache hit)
2495 http cache styled-jsx@https://registry.npmjs.org/styled-jsx/-/styled-jsx-5.1.1.tgz 0ms (cache hit)
2496 http cache busboy@https://registry.npmjs.org/busboy/-/busboy-1.6.0.tgz 0ms (cache hit)
2497 http cache graceful-fs@https://registry.npmjs.org/graceful-fs/-/graceful-fs-4.2.11.tgz 0ms (cache hit)
2498 http cache @next/env@https://registry.npmjs.org/@next/env/-/env-14.2.5.tgz 0ms (cache hit)
2499 http cache @swc/helpers@https://registry.npmjs.org/@swc/helpers/-/helpers-0.5.5.tgz 0ms (cache hit)
2500 http cache balanced-match@https://registry.npmjs.org/balanced-match/-/balanced-match-1.0.2.tgz 0ms (cache hit)
2501 http cache to-regex-range@https://registry.npmjs.org/to-regex-range/-/to-regex-range-5.0.1.tgz 0ms (cache hit)
2502 http cache concat-map@https://registry.npmjs.org/concat-map/-/concat-map-0.0.1.tgz 0ms (cache hit)
2503 http cache @next/swc-darwin-arm64@https://registry.npmjs.org/@next/swc-darwin-arm64/-/swc-darwin-arm64-14.2.5.tgz 0ms (cache hit)
2504 http cache shebang-regex@https://registry.npmjs.org/shebang-regex/-/shebang-regex-3.0.0.tgz 0ms (cache hit)
2505 http cache brace-expansion@https://registry.npmjs.org/brace-expansion/-/brace-expansion-1.1.12.tgz 0ms (cache hit)
2506 http cache picomatch@https://registry.npmjs.org/picomatch/-/picomatch-2.3.1.tgz 0ms (cache hit)
2507 http cache p-locate@https://registry.npmjs.org/p-locate/-/p-locate-5.0.0.tgz 0ms (cache hit)
2508 http cache fill-range@https://registry.npmjs.org/fill-range/-/fill-range-7.1.1.tgz 0ms (cache hit)
2509 http cache type-check@https://registry.npmjs.org/type-check/-/type-check-0.4.0.tgz 0ms (cache hit)
2510 http cache language-subtag-registry@https://registry.npmjs.org/language-subtag-registry/-/language-subtag-registry-0.3.23.tgz 0ms (cache hit)
2511 http cache prelude-ls@https://registry.npmjs.org/prelude-ls/-/prelude-ls-1.2.1.tgz 0ms (cache hit)
2512 http cache argparse@https://registry.npmjs.org/argparse/-/argparse-2.0.1.tgz 0ms (cache hit)
2513 http cache wrap-ansi-cjs@https://registry.npmjs.org/wrap-ansi/-/wrap-ansi-7.0.0.tgz 0ms (cache hit)
2514 http cache wrap-ansi@https://registry.npmjs.org/wrap-ansi/-/wrap-ansi-8.1.0.tgz 0ms (cache hit)
2515 http cache json-buffer@https://registry.npmjs.org/json-buffer/-/json-buffer-3.0.1.tgz 0ms (cache hit)
2516 http cache strip-ansi-cjs@https://registry.npmjs.org/strip-ansi/-/strip-ansi-6.0.1.tgz 0ms (cache hit)
2517 http cache string-width-cjs@https://registry.npmjs.org/string-width/-/string-width-4.2.3.tgz 0ms (cache hit)
2518 http cache @isaacs/cliui@https://registry.npmjs.org/@isaacs/cliui/-/cliui-8.0.2.tgz 0ms (cache hit)
2519 http cache string-width@https://registry.npmjs.org/string-width/-/string-width-5.1.2.tgz 0ms (cache hit)
2520 http cache @pkgjs/parseargs@https://registry.npmjs.org/@pkgjs/parseargs/-/parseargs-0.11.0.tgz 0ms (cache hit)
2521 http cache side-channel@https://registry.npmjs.org/side-channel/-/side-channel-1.1.0.tgz 0ms (cache hit)
2522 http cache braces@https://registry.npmjs.org/braces/-/braces-3.0.3.tgz 0ms (cache hit)
2523 http cache micromatch@https://registry.npmjs.org/micromatch/-/micromatch-4.0.8.tgz 0ms (cache hit)
2524 http cache set-function-name@https://registry.npmjs.org/set-function-name/-/set-function-name-2.0.2.tgz 0ms (cache hit)
2525 http cache is-extglob@https://registry.npmjs.org/is-extglob/-/is-extglob-2.1.1.tgz 0ms (cache hit)
2526 http cache slash@https://registry.npmjs.org/slash/-/slash-3.0.0.tgz 0ms (cache hit)
2527 http cache dir-glob@https://registry.npmjs.org/dir-glob/-/dir-glob-3.0.1.tgz 0ms (cache hit)
2528 http cache path-type@https://registry.npmjs.org/path-type/-/path-type-4.0.0.tgz 0ms (cache hit)
2529 http cache fast-glob@https://registry.npmjs.org/fast-glob/-/fast-glob-3.3.3.tgz 0ms (cache hit)
2530 http cache resolve-from@https://registry.npmjs.org/resolve-from/-/resolve-from-4.0.0.tgz 0ms (cache hit)
2531 http cache merge2@https://registry.npmjs.org/merge2/-/merge2-1.4.1.tgz 0ms (cache hit)
2532 http cache parent-module@https://registry.npmjs.org/parent-module/-/parent-module-1.0.1.tgz 0ms (cache hit)
2533 http cache type-fest@https://registry.npmjs.org/type-fest/-/type-fest-0.20.2.tgz 0ms (cache hit)
2534 http cache array-union@https://registry.npmjs.org/array-union/-/array-union-2.1.0.tgz 0ms (cache hit)
2535 http cache path-scurry@https://registry.npmjs.org/path-scurry/-/path-scurry-1.11.1.tgz 0ms (cache hit)
2536 http cache minipass@https://registry.npmjs.org/minipass/-/minipass-7.1.2.tgz 0ms (cache hit)
2537 http cache foreground-child@https://registry.npmjs.org/foreground-child/-/foreground-child-3.3.1.tgz 0ms (cache hit)
2538 http cache dunder-proto@https://registry.npmjs.org/dunder-proto/-/dunder-proto-1.0.1.tgz 0ms (cache hit)
2539 http cache jackspeak@https://registry.npmjs.org/jackspeak/-/jackspeak-2.3.6.tgz 0ms (cache hit)
2540 http cache signal-exit@https://registry.npmjs.org/signal-exit/-/signal-exit-4.1.0.tgz 0ms (cache hit)
2541 http cache functions-have-names@https://registry.npmjs.org/functions-have-names/-/functions-have-names-1.2.3.tgz 0ms (cache hit)
2542 http cache flatted@https://registry.npmjs.org/flatted/-/flatted-3.3.3.tgz 0ms (cache hit)
2543 http cache path-exists@https://registry.npmjs.org/path-exists/-/path-exists-4.0.0.tgz 0ms (cache hit)
2544 http cache resolve-pkg-maps@https://registry.npmjs.org/resolve-pkg-maps/-/resolve-pkg-maps-1.0.0.tgz 0ms (cache hit)
2545 http cache flat-cache@https://registry.npmjs.org/flat-cache/-/flat-cache-3.2.0.tgz 0ms (cache hit)
2546 http cache reusify@https://registry.npmjs.org/reusify/-/reusify-1.1.0.tgz 0ms (cache hit)
2547 http cache keyv@https://registry.npmjs.org/keyv/-/keyv-4.5.4.tgz 0ms (cache hit)
2548 http cache locate-path@https://registry.npmjs.org/locate-path/-/locate-path-6.0.0.tgz 0ms (cache hit)
2549 http cache rimraf@https://registry.npmjs.org/rimraf/-/rimraf-3.0.2.tgz 0ms (cache hit)
2550 http cache acorn-jsx@https://registry.npmjs.org/acorn-jsx/-/acorn-jsx-5.3.2.tgz 0ms (cache hit)
2551 http cache acorn@https://registry.npmjs.org/acorn/-/acorn-8.15.0.tgz 0ms (cache hit)
2552 http cache iterator.prototype@https://registry.npmjs.org/iterator.prototype/-/iterator.prototype-1.1.5.tgz 0ms (cache hit)
2553 http cache esrecurse@https://registry.npmjs.org/esrecurse/-/esrecurse-4.3.0.tgz 0ms (cache hit)
2554 http cache string.prototype.matchall@https://registry.npmjs.org/string.prototype.matchall/-/string.prototype.matchall-4.0.12.tgz 0ms (cache hit)
2555 http cache string.prototype.repeat@https://registry.npmjs.org/string.prototype.repeat/-/string.prototype.repeat-1.0.0.tgz 0ms (cache hit)
2556 http cache object.entries@https://registry.npmjs.org/object.entries/-/object.entries-1.1.9.tgz 0ms (cache hit)
2557 http cache array.prototype.findlast@https://registry.npmjs.org/array.prototype.findlast/-/array.prototype.findlast-1.2.5.tgz 0ms (cache hit)
2558 http cache array.prototype.tosorted@https://registry.npmjs.org/array.prototype.tosorted/-/array.prototype.tosorted-1.1.4.tgz 0ms (cache hit)
2559 http cache estraverse@https://registry.npmjs.org/estraverse/-/estraverse-5.3.0.tgz 0ms (cache hit)
2560 http cache prop-types@https://registry.npmjs.org/prop-types/-/prop-types-15.8.1.tgz 0ms (cache hit)
2561 http cache es-iterator-helpers@https://registry.npmjs.org/es-iterator-helpers/-/es-iterator-helpers-1.2.1.tgz 0ms (cache hit)
2562 http cache jsx-ast-utils@https://registry.npmjs.org/jsx-ast-utils/-/jsx-ast-utils-3.3.5.tgz 0ms (cache hit)
2563 http cache string.prototype.includes@https://registry.npmjs.org/string.prototype.includes/-/string.prototype.includes-2.0.1.tgz 0ms (cache hit)
2564 http cache axobject-query@https://registry.npmjs.org/axobject-query/-/axobject-query-4.1.0.tgz 0ms (cache hit)
2565 http cache axe-core@https://registry.npmjs.org/axe-core/-/axe-core-4.11.0.tgz 0ms (cache hit)
2566 http cache language-tags@https://registry.npmjs.org/language-tags/-/language-tags-1.0.9.tgz 0ms (cache hit)
2567 http cache ast-types-flow@https://registry.npmjs.org/ast-types-flow/-/ast-types-flow-0.0.8.tgz 0ms (cache hit)
2568 http cache aria-query@https://registry.npmjs.org/aria-query/-/aria-query-5.3.2.tgz 0ms (cache hit)
2569 http cache is-symbol@https://registry.npmjs.org/is-symbol/-/is-symbol-1.1.1.tgz 0ms (cache hit)
2570 http cache damerau-levenshtein@https://registry.npmjs.org/damerau-levenshtein/-/damerau-levenshtein-1.0.8.tgz 0ms (cache hit)
2571 http cache possible-typed-array-names@https://registry.npmjs.org/possible-typed-array-names/-/possible-typed-array-names-1.1.0.tgz 0ms (cache hit)
2572 http cache has-tostringtag@https://registry.npmjs.org/has-tostringtag/-/has-tostringtag-1.0.2.tgz 0ms (cache hit)
2573 http cache unbox-primitive@https://registry.npmjs.org/unbox-primitive/-/unbox-primitive-1.1.0.tgz 0ms (cache hit)
2574 http cache emoji-regex@https://registry.npmjs.org/emoji-regex/-/emoji-regex-9.2.2.tgz 0ms (cache hit)
2575 http cache which-typed-array@https://registry.npmjs.org/which-typed-array/-/which-typed-array-1.1.19.tgz 0ms (cache hit)
2576 http cache typed-array-buffer@https://registry.npmjs.org/typed-array-buffer/-/typed-array-buffer-1.0.3.tgz 0ms (cache hit)
2577 http cache typed-array-byte-length@https://registry.npmjs.org/typed-array-byte-length/-/typed-array-byte-length-1.0.3.tgz 0ms (cache hit)
2578 http cache is-date-object@https://registry.npmjs.org/is-date-object/-/is-date-object-1.1.0.tgz 0ms (cache hit)
2579 http cache string.prototype.trimstart@https://registry.npmjs.org/string.prototype.trimstart/-/string.prototype.trimstart-1.0.8.tgz 0ms (cache hit)
2580 http cache string.prototype.trim@https://registry.npmjs.org/string.prototype.trim/-/string.prototype.trim-1.2.10.tgz 0ms (cache hit)
2581 http cache stop-iteration-iterator@https://registry.npmjs.org/stop-iteration-iterator/-/stop-iteration-iterator-1.1.0.tgz 0ms (cache hit)
2582 http cache set-proto@https://registry.npmjs.org/set-proto/-/set-proto-1.0.0.tgz 0ms (cache hit)
2583 http cache safe-regex-test@https://registry.npmjs.org/safe-regex-test/-/safe-regex-test-1.1.0.tgz 0ms (cache hit)
2584 http cache typed-array-byte-offset@https://registry.npmjs.org/typed-array-byte-offset/-/typed-array-byte-offset-1.0.4.tgz 0ms (cache hit)
2585 http cache safe-array-concat@https://registry.npmjs.org/safe-array-concat/-/safe-array-concat-1.1.3.tgz 0ms (cache hit)
2586 http cache safe-push-apply@https://registry.npmjs.org/safe-push-apply/-/safe-push-apply-1.0.0.tgz 0ms (cache hit)
2587 http cache regexp.prototype.flags@https://registry.npmjs.org/regexp.prototype.flags/-/regexp.prototype.flags-1.5.4.tgz 0ms (cache hit)
2588 http cache object.assign@https://registry.npmjs.org/object.assign/-/object.assign-4.1.7.tgz 0ms (cache hit)
2589 http cache is-weakref@https://registry.npmjs.org/is-weakref/-/is-weakref-1.1.1.tgz 0ms (cache hit)
2590 http cache object-inspect@https://registry.npmjs.org/object-inspect/-/object-inspect-1.13.4.tgz 0ms (cache hit)
2591 http cache own-keys@https://registry.npmjs.org/own-keys/-/own-keys-1.0.1.tgz 0ms (cache hit)
2592 http cache is-typed-array@https://registry.npmjs.org/is-typed-array/-/is-typed-array-1.1.15.tgz 0ms (cache hit)
2593 http cache is-regex@https://registry.npmjs.org/is-regex/-/is-regex-1.2.1.tgz 0ms (cache hit)
2594 http cache is-set@https://registry.npmjs.org/is-set/-/is-set-2.0.3.tgz 0ms (cache hit)
2595 http cache is-data-view@https://registry.npmjs.org/is-data-view/-/is-data-view-1.0.2.tgz 0ms (cache hit)
2596 http cache typed-array-length@https://registry.npmjs.org/typed-array-length/-/typed-array-length-1.0.7.tgz 0ms (cache hit)
2597 http cache is-shared-array-buffer@https://registry.npmjs.org/is-shared-array-buffer/-/is-shared-array-buffer-1.0.4.tgz 0ms (cache hit)
2598 http cache is-negative-zero@https://registry.npmjs.org/is-negative-zero/-/is-negative-zero-2.0.3.tgz 0ms (cache hit)
2599 http cache is-callable@https://registry.npmjs.org/is-callable/-/is-callable-1.2.7.tgz 0ms (cache hit)
2600 http cache is-array-buffer@https://registry.npmjs.org/is-array-buffer/-/is-array-buffer-3.0.5.tgz 0ms (cache hit)
2601 http cache has-symbols@https://registry.npmjs.org/has-symbols/-/has-symbols-1.1.0.tgz 0ms (cache hit)
2602 http cache globalthis@https://registry.npmjs.org/globalthis/-/globalthis-1.0.4.tgz 0ms (cache hit)
2603 http cache has-proto@https://registry.npmjs.org/has-proto/-/has-proto-1.2.0.tgz 0ms (cache hit)
2604 http cache internal-slot@https://registry.npmjs.org/internal-slot/-/internal-slot-1.1.0.tgz 0ms (cache hit)
2605 http cache function.prototype.name@https://registry.npmjs.org/function.prototype.name/-/function.prototype.name-1.1.8.tgz 0ms (cache hit)
2606 http cache get-symbol-description@https://registry.npmjs.org/get-symbol-description/-/get-symbol-description-1.1.0.tgz 0ms (cache hit)
2607 http cache es-to-primitive@https://registry.npmjs.org/es-to-primitive/-/es-to-primitive-1.3.0.tgz 0ms (cache hit)
2608 http cache es-set-tostringtag@https://registry.npmjs.org/es-set-tostringtag/-/es-set-tostringtag-2.1.0.tgz 0ms (cache hit)
2609 http cache data-view-byte-length@https://registry.npmjs.org/data-view-byte-length/-/data-view-byte-length-1.0.2.tgz 0ms (cache hit)
2610 http cache data-view-byte-offset@https://registry.npmjs.org/data-view-byte-offset/-/data-view-byte-offset-1.0.1.tgz 0ms (cache hit)
2611 http cache get-proto@https://registry.npmjs.org/get-proto/-/get-proto-1.0.1.tgz 0ms (cache hit)
2612 http cache available-typed-arrays@https://registry.npmjs.org/available-typed-arrays/-/available-typed-arrays-1.0.7.tgz 0ms (cache hit)
2613 http cache array-buffer-byte-length@https://registry.npmjs.org/array-buffer-byte-length/-/array-buffer-byte-length-1.0.2.tgz 0ms (cache hit)
2614 http cache data-view-buffer@https://registry.npmjs.org/data-view-buffer/-/data-view-buffer-1.0.2.tgz 0ms (cache hit)
2615 http cache object-keys@https://registry.npmjs.org/object-keys/-/object-keys-1.1.1.tgz 0ms (cache hit)
2616 http cache arraybuffer.prototype.slice@https://registry.npmjs.org/arraybuffer.prototype.slice/-/arraybuffer.prototype.slice-1.0.4.tgz 0ms (cache hit)
2617 http cache has-property-descriptors@https://registry.npmjs.org/has-property-descriptors/-/has-property-descriptors-1.0.2.tgz 0ms (cache hit)
2618 http cache define-data-property@https://registry.npmjs.org/define-data-property/-/define-data-property-1.1.4.tgz 0ms (cache hit)
2619 http cache es-define-property@https://registry.npmjs.org/es-define-property/-/es-define-property-1.0.1.tgz 0ms (cache hit)
2620 http cache set-function-length@https://registry.npmjs.org/set-function-length/-/set-function-length-1.2.2.tgz 0ms (cache hit)
2621 http cache gopd@https://registry.npmjs.org/gopd/-/gopd-1.2.0.tgz 0ms (cache hit)
2622 http cache call-bind-apply-helpers@https://registry.npmjs.org/call-bind-apply-helpers/-/call-bind-apply-helpers-1.0.2.tgz 0ms (cache hit)
2623 http cache es-shim-unscopables@https://registry.npmjs.org/es-shim-unscopables/-/es-shim-unscopables-1.1.0.tgz 0ms (cache hit)
2624 http cache function-bind@https://registry.npmjs.org/function-bind/-/function-bind-1.1.2.tgz 0ms (cache hit)
2625 http cache math-intrinsics@https://registry.npmjs.org/math-intrinsics/-/math-intrinsics-1.1.0.tgz 0ms (cache hit)
2626 http cache is-string@https://registry.npmjs.org/is-string/-/is-string-1.1.1.tgz 0ms (cache hit)
2627 http cache es-object-atoms@https://registry.npmjs.org/es-object-atoms/-/es-object-atoms-1.1.1.tgz 0ms (cache hit)
2628 http cache es-errors@https://registry.npmjs.org/es-errors/-/es-errors-1.3.0.tgz 0ms (cache hit)
2629 http cache define-properties@https://registry.npmjs.org/define-properties/-/define-properties-1.2.1.tgz 0ms (cache hit)
2630 http cache get-intrinsic@https://registry.npmjs.org/get-intrinsic/-/get-intrinsic-1.3.0.tgz 0ms (cache hit)
2631 http cache call-bind@https://registry.npmjs.org/call-bind/-/call-bind-1.0.8.tgz 0ms (cache hit)
2632 http cache tsconfig-paths@https://registry.npmjs.org/tsconfig-paths/-/tsconfig-paths-3.15.0.tgz 0ms (cache hit)
2633 http cache object.values@https://registry.npmjs.org/object.values/-/object.values-1.2.1.tgz 0ms (cache hit)
2634 http cache es-abstract@https://registry.npmjs.org/es-abstract/-/es-abstract-1.24.0.tgz 0ms (cache hit)
2635 http cache call-bound@https://registry.npmjs.org/call-bound/-/call-bound-1.0.4.tgz 0ms (cache hit)
2636 http cache string.prototype.trimend@https://registry.npmjs.org/string.prototype.trimend/-/string.prototype.trimend-1.0.9.tgz 0ms (cache hit)
2637 http cache hasown@https://registry.npmjs.org/hasown/-/hasown-2.0.2.tgz 0ms (cache hit)
2638 http cache array.prototype.flatmap@https://registry.npmjs.org/array.prototype.flatmap/-/array.prototype.flatmap-1.3.3.tgz 0ms (cache hit)
2639 http cache array.prototype.findlastindex@https://registry.npmjs.org/array.prototype.findlastindex/-/array.prototype.findlastindex-1.2.6.tgz 0ms (cache hit)
2640 http cache object.groupby@https://registry.npmjs.org/object.groupby/-/object.groupby-1.0.3.tgz 0ms (cache hit)
2641 http cache array-includes@https://registry.npmjs.org/array-includes/-/array-includes-3.1.9.tgz 0ms (cache hit)
2642 http cache @rtsao/scc@https://registry.npmjs.org/@rtsao/scc/-/scc-1.1.0.tgz 0ms (cache hit)
2643 http cache unrs-resolver@https://registry.npmjs.org/unrs-resolver/-/unrs-resolver-1.11.1.tgz 0ms (cache hit)
2644 http cache array.prototype.flat@https://registry.npmjs.org/array.prototype.flat/-/array.prototype.flat-1.3.3.tgz 0ms (cache hit)
2645 http cache tinyglobby@https://registry.npmjs.org/tinyglobby/-/tinyglobby-0.2.15.tgz 0ms (cache hit)
2646 http cache eslint-module-utils@https://registry.npmjs.org/eslint-module-utils/-/eslint-module-utils-2.12.1.tgz 0ms (cache hit)
2647 http cache stable-hash@https://registry.npmjs.org/stable-hash/-/stable-hash-0.0.5.tgz 0ms (cache hit)
2648 http cache is-bun-module@https://registry.npmjs.org/is-bun-module/-/is-bun-module-2.0.0.tgz 0ms (cache hit)
2649 http cache resolve@https://registry.npmjs.org/resolve/-/resolve-1.22.11.tgz 0ms (cache hit)
2650 http cache @nolyfill/is-core-module@https://registry.npmjs.org/@nolyfill/is-core-module/-/is-core-module-1.0.39.tgz 0ms (cache hit)
2651 http cache ts-api-utils@https://registry.npmjs.org/ts-api-utils/-/ts-api-utils-1.4.3.tgz 0ms (cache hit)
2652 http cache is-core-module@https://registry.npmjs.org/is-core-module/-/is-core-module-2.16.1.tgz 0ms (cache hit)
2653 http cache semver@https://registry.npmjs.org/semver/-/semver-7.7.3.tgz 0ms (cache hit)
2654 http cache globby@https://registry.npmjs.org/globby/-/globby-11.1.0.tgz 0ms (cache hit)
2655 http cache @typescript-eslint/types@https://registry.npmjs.org/@typescript-eslint/types/-/types-7.2.0.tgz 0ms (cache hit)
2656 http cache get-tsconfig@https://registry.npmjs.org/get-tsconfig/-/get-tsconfig-4.13.0.tgz 0ms (cache hit)
2657 http cache @typescript-eslint/typescript-estree@https://registry.npmjs.org/@typescript-eslint/typescript-estree/-/typescript-estree-7.2.0.tgz 0ms (cache hit)
2658 http cache @typescript-eslint/visitor-keys@https://registry.npmjs.org/@typescript-eslint/visitor-keys/-/visitor-keys-7.2.0.tgz 0ms (cache hit)
2659 http cache object.fromentries@https://registry.npmjs.org/object.fromentries/-/object.fromentries-2.0.8.tgz 0ms (cache hit)
2660 http cache eslint-plugin-react-hooks@https://registry.npmjs.org/eslint-plugin-react-hooks/-/eslint-plugin-react-hooks-5.0.0-canary-7118f5dd7-20230705.tgz 0ms (cache hit)
2661 http cache glob@https://registry.npmjs.org/glob/-/glob-10.3.10.tgz 0ms (cache hit)
2662 http cache eslint-plugin-react@https://registry.npmjs.org/eslint-plugin-react/-/eslint-plugin-react-7.37.5.tgz 0ms (cache hit)
2663 http cache eslint-plugin-jsx-a11y@https://registry.npmjs.org/eslint-plugin-jsx-a11y/-/eslint-plugin-jsx-a11y-6.10.2.tgz 0ms (cache hit)
2664 http cache eslint-import-resolver-typescript@https://registry.npmjs.org/eslint-import-resolver-typescript/-/eslint-import-resolver-typescript-3.10.1.tgz 0ms (cache hit)
2665 http cache eslint-plugin-import@https://registry.npmjs.org/eslint-plugin-import/-/eslint-plugin-import-2.32.0.tgz 0ms (cache hit)
2666 http cache @rushstack/eslint-patch@https://registry.npmjs.org/@rushstack/eslint-patch/-/eslint-patch-1.15.0.tgz 0ms (cache hit)
2667 http cache @typescript-eslint/parser@https://registry.npmjs.org/@typescript-eslint/parser/-/parser-7.2.0.tgz 0ms (cache hit)
2668 http cache @next/eslint-plugin-next@https://registry.npmjs.org/@next/eslint-plugin-next/-/eslint-plugin-next-14.2.5.tgz 0ms (cache hit)
2669 http cache which@https://registry.npmjs.org/which/-/which-2.0.2.tgz 0ms (cache hit)
2670 http cache shebang-command@https://registry.npmjs.org/shebang-command/-/shebang-command-2.0.0.tgz 0ms (cache hit)
2671 http cache eslint-import-resolver-node@https://registry.npmjs.org/eslint-import-resolver-node/-/eslint-import-resolver-node-0.3.9.tgz 0ms (cache hit)
2672 http cache path-key@https://registry.npmjs.org/path-key/-/path-key-3.1.1.tgz 0ms (cache hit)
2673 http cache color-name@https://registry.npmjs.org/color-name/-/color-name-1.1.4.tgz 0ms (cache hit)
2674 http cache ms@https://registry.npmjs.org/ms/-/ms-2.1.3.tgz 0ms (cache hit)
2675 http cache color-convert@https://registry.npmjs.org/color-convert/-/color-convert-2.0.1.tgz 0ms (cache hit)
2676 http cache supports-color@https://registry.npmjs.org/supports-color/-/supports-color-7.2.0.tgz 0ms (cache hit)
2677 http cache ansi-styles@https://registry.npmjs.org/ansi-styles/-/ansi-styles-4.3.0.tgz 0ms (cache hit)
2678 http cache json-schema-traverse@https://registry.npmjs.org/json-schema-traverse/-/json-schema-traverse-0.4.1.tgz 0ms (cache hit)
2679 http cache @typescript-eslint/scope-manager@https://registry.npmjs.org/@typescript-eslint/scope-manager/-/scope-manager-7.2.0.tgz 0ms (cache hit)
2680 http cache fast-json-stable-stringify@https://registry.npmjs.org/fast-json-stable-stringify/-/fast-json-stable-stringify-2.1.0.tgz 0ms (cache hit)
2681 http cache run-parallel@https://registry.npmjs.org/run-parallel/-/run-parallel-1.2.0.tgz 0ms (cache hit)
2682 http cache @nodelib/fs.stat@https://registry.npmjs.org/@nodelib/fs.stat/-/fs.stat-2.0.5.tgz 0ms (cache hit)
2683 http cache uri-js@https://registry.npmjs.org/uri-js/-/uri-js-4.4.1.tgz 0ms (cache hit)
2684 http cache fastq@https://registry.npmjs.org/fastq/-/fastq-1.19.1.tgz 0ms (cache hit)
2685 http cache @humanwhocodes/object-schema@https://registry.npmjs.org/@humanwhocodes/object-schema/-/object-schema-2.0.3.tgz 0ms (cache hit)
2686 http cache strip-json-comments@https://registry.npmjs.org/strip-json-comments/-/strip-json-comments-3.1.1.tgz 0ms (cache hit)
2687 http cache strip-ansi@https://registry.npmjs.org/strip-ansi/-/strip-ansi-6.0.1.tgz 0ms (cache hit)
2688 http cache import-fresh@https://registry.npmjs.org/import-fresh/-/import-fresh-3.3.1.tgz 0ms (cache hit)
2689 http cache optionator@https://registry.npmjs.org/optionator/-/optionator-0.9.4.tgz 0ms (cache hit)
2690 http cache @nodelib/fs.scandir@https://registry.npmjs.org/@nodelib/fs.scandir/-/fs.scandir-2.1.5.tgz 0ms (cache hit)
2691 http cache natural-compare@https://registry.npmjs.org/natural-compare/-/natural-compare-1.4.0.tgz 0ms (cache hit)
2692 http cache lodash.merge@https://registry.npmjs.org/lodash.merge/-/lodash.merge-4.6.2.tgz 0ms (cache hit)
2693 http cache minimatch@https://registry.npmjs.org/minimatch/-/minimatch-3.1.2.tgz 0ms (cache hit)
2694 http cache json-stable-stringify-without-jsonify@https://registry.npmjs.org/json-stable-stringify-without-jsonify/-/json-stable-stringify-without-jsonify-1.0.1.tgz 0ms (cache hit)
2695 http cache js-yaml@https://registry.npmjs.org/js-yaml/-/js-yaml-4.1.1.tgz 0ms (cache hit)
2696 http cache is-path-inside@https://registry.npmjs.org/is-path-inside/-/is-path-inside-3.0.3.tgz 0ms (cache hit)
2697 http cache text-table@https://registry.npmjs.org/text-table/-/text-table-0.2.0.tgz 0ms (cache hit)
2698 http cache is-glob@https://registry.npmjs.org/is-glob/-/is-glob-4.0.3.tgz 0ms (cache hit)
2699 http cache globals@https://registry.npmjs.org/globals/-/globals-13.24.0.tgz 0ms (cache hit)
2700 http cache graphemer@https://registry.npmjs.org/graphemer/-/graphemer-1.4.0.tgz 0ms (cache hit)
2701 http cache glob-parent@https://registry.npmjs.org/glob-parent/-/glob-parent-6.0.2.tgz 0ms (cache hit)
2702 http cache ignore@https://registry.npmjs.org/ignore/-/ignore-5.3.2.tgz 0ms (cache hit)
2703 http cache file-entry-cache@https://registry.npmjs.org/file-entry-cache/-/file-entry-cache-6.0.1.tgz 0ms (cache hit)
2704 http cache find-up@https://registry.npmjs.org/find-up/-/find-up-5.0.0.tgz 0ms (cache hit)
2705 http cache fast-deep-equal@https://registry.npmjs.org/fast-deep-equal/-/fast-deep-equal-3.1.3.tgz 0ms (cache hit)
2706 http cache esutils@https://registry.npmjs.org/esutils/-/esutils-2.0.3.tgz 0ms (cache hit)
2707 http cache eslint-visitor-keys@https://registry.npmjs.org/eslint-visitor-keys/-/eslint-visitor-keys-3.4.3.tgz 0ms (cache hit)
2708 http cache espree@https://registry.npmjs.org/espree/-/espree-9.6.1.tgz 0ms (cache hit)
2709 http cache esquery@https://registry.npmjs.org/esquery/-/esquery-1.6.0.tgz 0ms (cache hit)
2710 http cache levn@https://registry.npmjs.org/levn/-/levn-0.4.1.tgz 0ms (cache hit)
2711 http cache eslint-scope@https://registry.npmjs.org/eslint-scope/-/eslint-scope-7.2.2.tgz 0ms (cache hit)
2712 http cache escape-string-regexp@https://registry.npmjs.org/escape-string-regexp/-/escape-string-regexp-4.0.0.tgz 0ms (cache hit)
2713 http cache doctrine@https://registry.npmjs.org/doctrine/-/doctrine-3.0.0.tgz 0ms (cache hit)
2714 http cache debug@https://registry.npmjs.org/debug/-/debug-4.4.3.tgz 0ms (cache hit)
2715 http cache chalk@https://registry.npmjs.org/chalk/-/chalk-4.1.2.tgz 0ms (cache hit)
2716 http cache cross-spawn@https://registry.npmjs.org/cross-spawn/-/cross-spawn-7.0.6.tgz 0ms (cache hit)
2717 http cache ajv@https://registry.npmjs.org/ajv/-/ajv-6.12.6.tgz 0ms (cache hit)
2718 http cache @ungap/structured-clone@https://registry.npmjs.org/@ungap/structured-clone/-/structured-clone-1.3.0.tgz 0ms (cache hit)
2719 http cache @humanwhocodes/config-array@https://registry.npmjs.org/@humanwhocodes/config-array/-/config-array-0.13.0.tgz 0ms (cache hit)
2720 http cache @eslint/js@https://registry.npmjs.org/@eslint/js/-/js-8.57.1.tgz 0ms (cache hit)
2721 http cache @nodelib/fs.walk@https://registry.npmjs.org/@nodelib/fs.walk/-/fs.walk-1.2.8.tgz 0ms (cache hit)
2722 http cache imurmurhash@https://registry.npmjs.org/imurmurhash/-/imurmurhash-0.1.4.tgz 0ms (cache hit)
2723 http cache @eslint/eslintrc@https://registry.npmjs.org/@eslint/eslintrc/-/eslintrc-2.1.4.tgz 0ms (cache hit)
2724 http cache @eslint-community/eslint-utils@https://registry.npmjs.org/@eslint-community/eslint-utils/-/eslint-utils-4.9.0.tgz 0ms (cache hit)
2725 http cache node-releases@https://registry.npmjs.org/node-releases/-/node-releases-2.0.27.tgz 0ms (cache hit)
2726 http cache update-browserslist-db@https://registry.npmjs.org/update-browserslist-db/-/update-browserslist-db-1.1.4.tgz 0ms (cache hit)
2727 http cache baseline-browser-mapping@https://registry.npmjs.org/baseline-browser-mapping/-/baseline-browser-mapping-2.8.28.tgz 0ms (cache hit)
2728 http cache @humanwhocodes/module-importer@https://registry.npmjs.org/@humanwhocodes/module-importer/-/module-importer-1.0.1.tgz 0ms (cache hit)
2729 http cache electron-to-chromium@https://registry.npmjs.org/electron-to-chromium/-/electron-to-chromium-1.5.254.tgz 0ms (cache hit)
2730 http cache postcss-value-parser@https://registry.npmjs.org/postcss-value-parser/-/postcss-value-parser-4.2.0.tgz 0ms (cache hit)
2731 http cache fraction.js@https://registry.npmjs.org/fraction.js/-/fraction.js-5.3.4.tgz 0ms (cache hit)
2732 http cache normalize-range@https://registry.npmjs.org/normalize-range/-/normalize-range-0.1.2.tgz 0ms (cache hit)
2733 http cache caniuse-lite@https://registry.npmjs.org/caniuse-lite/-/caniuse-lite-1.0.30001755.tgz 0ms (cache hit)
2734 http cache picocolors@https://registry.npmjs.org/picocolors/-/picocolors-1.1.1.tgz 0ms (cache hit)
2735 http cache @types/prop-types@https://registry.npmjs.org/@types/prop-types/-/prop-types-15.7.15.tgz 0ms (cache hit)
2736 http cache browserslist@https://registry.npmjs.org/browserslist/-/browserslist-4.28.0.tgz 0ms (cache hit)
2737 http cache csstype@https://registry.npmjs.org/csstype/-/csstype-3.2.2.tgz 0ms (cache hit)
2738 http cache undici-types@https://registry.npmjs.org/undici-types/-/undici-types-6.21.0.tgz 0ms (cache hit)
2739 http cache ws@https://registry.npmjs.org/ws/-/ws-8.18.3.tgz 0ms (cache hit)
2740 http cache @types/phoenix@https://registry.npmjs.org/@types/phoenix/-/phoenix-1.6.6.tgz 0ms (cache hit)
2741 http cache @supabase/realtime-js@https://registry.npmjs.org/@supabase/realtime-js/-/realtime-js-2.81.1.tgz 0ms (cache hit)
2742 http cache tslib@https://registry.npmjs.org/tslib/-/tslib-2.8.1.tgz 0ms (cache hit)
2743 http cache @supabase/postgrest-js@https://registry.npmjs.org/@supabase/postgrest-js/-/postgrest-js-2.81.1.tgz 0ms (cache hit)
2744 http cache @supabase/storage-js@https://registry.npmjs.org/@supabase/storage-js/-/storage-js-2.81.1.tgz 0ms (cache hit)
2745 http cache typescript@https://registry.npmjs.org/typescript/-/typescript-5.9.3.tgz 0ms (cache hit)
2746 http cache @types/ws@https://registry.npmjs.org/@types/ws/-/ws-8.18.1.tgz 0ms (cache hit)
2747 http cache @eslint-community/regexpp@https://registry.npmjs.org/@eslint-community/regexpp/-/regexpp-4.12.2.tgz 0ms (cache hit)
2748 http cache @supabase/auth-js@https://registry.npmjs.org/@supabase/auth-js/-/auth-js-2.81.1.tgz 0ms (cache hit)
2749 http cache tailwindcss@https://registry.npmjs.org/tailwindcss/-/tailwindcss-3.4.18.tgz 0ms (cache hit)
2750 http cache @supabase/functions-js@https://registry.npmjs.org/@supabase/functions-js/-/functions-js-2.81.1.tgz 0ms (cache hit)
2751 http cache next@https://registry.npmjs.org/next/-/next-14.2.5.tgz 0ms (cache hit)
2752 http cache postcss@https://registry.npmjs.org/postcss/-/postcss-8.5.6.tgz 0ms (cache hit)
2753 http cache react@https://registry.npmjs.org/react/-/react-18.3.1.tgz 0ms (cache hit)
2754 http cache eslint-config-next@https://registry.npmjs.org/eslint-config-next/-/eslint-config-next-14.2.5.tgz 0ms (cache hit)
2755 http cache react-dom@https://registry.npmjs.org/react-dom/-/react-dom-18.3.1.tgz 0ms (cache hit)
2756 http cache @types/react@https://registry.npmjs.org/@types/react/-/react-18.3.26.tgz 0ms (cache hit)
2757 http cache @types/react-dom@https://registry.npmjs.org/@types/react-dom/-/react-dom-18.3.7.tgz 0ms (cache hit)
2758 http cache @types/node@https://registry.npmjs.org/@types/node/-/node-20.19.25.tgz 0ms (cache hit)
2759 http cache glob-parent@https://registry.npmjs.org/glob-parent/-/glob-parent-5.1.2.tgz 0ms (cache hit)
2760 http cache eslint@https://registry.npmjs.org/eslint/-/eslint-8.57.1.tgz 0ms (cache hit)
2761 http cache autoprefixer@https://registry.npmjs.org/autoprefixer/-/autoprefixer-10.4.22.tgz 0ms (cache hit)
2762 http cache ansi-regex@https://registry.npmjs.org/ansi-regex/-/ansi-regex-6.2.2.tgz 0ms (cache hit)
2763 http cache ansi-styles@https://registry.npmjs.org/ansi-styles/-/ansi-styles-6.2.3.tgz 0ms (cache hit)
2764 http cache @supabase/supabase-js@https://registry.npmjs.org/@supabase/supabase-js/-/supabase-js-2.81.1.tgz 0ms (cache hit)
2765 http cache strip-ansi@https://registry.npmjs.org/strip-ansi/-/strip-ansi-7.1.2.tgz 0ms (cache hit)
2766 http cache emoji-regex@https://registry.npmjs.org/emoji-regex/-/emoji-regex-8.0.0.tgz 0ms (cache hit)
2767 http cache ansi-regex@https://registry.npmjs.org/ansi-regex/-/ansi-regex-6.2.2.tgz 0ms (cache hit)
2768 http cache strip-ansi@https://registry.npmjs.org/strip-ansi/-/strip-ansi-7.1.2.tgz 0ms (cache hit)
2769 http cache strip-ansi@https://registry.npmjs.org/strip-ansi/-/strip-ansi-7.1.2.tgz 0ms (cache hit)
2770 http cache glob@https://registry.npmjs.org/glob/-/glob-7.2.3.tgz 0ms (cache hit)
2771 http cache string-width@https://registry.npmjs.org/string-width/-/string-width-4.2.3.tgz 0ms (cache hit)
2772 http cache glob-parent@https://registry.npmjs.org/glob-parent/-/glob-parent-5.1.2.tgz 0ms (cache hit)
2773 http cache debug@https://registry.npmjs.org/debug/-/debug-3.2.7.tgz 0ms (cache hit)
2774 http cache emoji-regex@https://registry.npmjs.org/emoji-regex/-/emoji-regex-8.0.0.tgz 0ms (cache hit)
2775 http cache picomatch@https://registry.npmjs.org/picomatch/-/picomatch-4.0.3.tgz 0ms (cache hit)
2776 http cache brace-expansion@https://registry.npmjs.org/brace-expansion/-/brace-expansion-2.0.2.tgz 0ms (cache hit)
2777 http cache fdir@https://registry.npmjs.org/fdir/-/fdir-6.5.0.tgz 0ms (cache hit)
2778 http cache ansi-regex@https://registry.npmjs.org/ansi-regex/-/ansi-regex-6.2.2.tgz 0ms (cache hit)
2779 http cache minimatch@https://registry.npmjs.org/minimatch/-/minimatch-9.0.5.tgz 0ms (cache hit)
2780 http cache brace-expansion@https://registry.npmjs.org/brace-expansion/-/brace-expansion-2.0.2.tgz 0ms (cache hit)
2781 http cache semver@https://registry.npmjs.org/semver/-/semver-6.3.1.tgz 0ms (cache hit)
2782 http cache minimatch@https://registry.npmjs.org/minimatch/-/minimatch-9.0.3.tgz 0ms (cache hit)
2783 http cache doctrine@https://registry.npmjs.org/doctrine/-/doctrine-2.1.0.tgz 0ms (cache hit)
2784 http cache debug@https://registry.npmjs.org/debug/-/debug-3.2.7.tgz 0ms (cache hit)
2785 http cache resolve@https://registry.npmjs.org/resolve/-/resolve-2.0.0-next.5.tgz 0ms (cache hit)
2786 http cache semver@https://registry.npmjs.org/semver/-/semver-6.3.1.tgz 0ms (cache hit)
2787 http cache debug@https://registry.npmjs.org/debug/-/debug-3.2.7.tgz 0ms (cache hit)
2788 silly tarball no local data for wrappy@https://registry.npmjs.org/wrappy/-/wrappy-1.0.2.tgz. Extracting by manifest.
2789 silly tarball no local data for once@https://registry.npmjs.org/once/-/once-1.4.0.tgz. Extracting by manifest.
2790 silly tarball no local data for inherits@https://registry.npmjs.org/inherits/-/inherits-2.0.4.tgz. Extracting by manifest.
2791 silly tarball no local data for path-is-absolute@https://registry.npmjs.org/path-is-absolute/-/path-is-absolute-1.0.1.tgz. Extracting by manifest.
2792 silly tarball no local data for is-weakset@https://registry.npmjs.org/is-weakset/-/is-weakset-2.0.4.tgz. Extracting by manifest.
2793 silly tarball no local data for is-weakmap@https://registry.npmjs.org/is-weakmap/-/is-weakmap-2.0.2.tgz. Extracting by manifest.
2794 silly tarball no local data for fs.realpath@https://registry.npmjs.org/fs.realpath/-/fs.realpath-1.0.0.tgz. Extracting by manifest.
2795 silly tarball no local data for inflight@https://registry.npmjs.org/inflight/-/inflight-1.0.6.tgz. Extracting by manifest.
2796 silly tarball no local data for is-map@https://registry.npmjs.org/is-map/-/is-map-2.0.3.tgz. Extracting by manifest.
2797 silly tarball no local data for generator-function@https://registry.npmjs.org/generator-function/-/generator-function-2.0.1.tgz. Extracting by manifest.
2798 silly tarball no local data for async-function@https://registry.npmjs.org/async-function/-/async-function-1.0.0.tgz. Extracting by manifest.
2799 silly tarball no local data for is-generator-function@https://registry.npmjs.org/is-generator-function/-/is-generator-function-1.1.2.tgz. Extracting by manifest.
2800 silly tarball no local data for is-finalizationregistry@https://registry.npmjs.org/is-finalizationregistry/-/is-finalizationregistry-1.1.1.tgz. Extracting by manifest.
2801 silly tarball no local data for is-number-object@https://registry.npmjs.org/is-number-object/-/is-number-object-1.1.1.tgz. Extracting by manifest.
2802 silly tarball no local data for which-collection@https://registry.npmjs.org/which-collection/-/which-collection-1.0.2.tgz. Extracting by manifest.
2803 silly tarball no local data for is-boolean-object@https://registry.npmjs.org/is-boolean-object/-/is-boolean-object-1.2.2.tgz. Extracting by manifest.
2804 silly tarball no local data for is-bigint@https://registry.npmjs.org/is-bigint/-/is-bigint-1.1.0.tgz. Extracting by manifest.
2805 silly tarball no local data for punycode@https://registry.npmjs.org/punycode/-/punycode-2.3.1.tgz. Extracting by manifest.
2806 http cache doctrine@https://registry.npmjs.org/doctrine/-/doctrine-2.1.0.tgz 0ms (cache hit)
2807 silly tarball no local data for isexe@https://registry.npmjs.org/isexe/-/isexe-2.0.0.tgz. Extracting by manifest.
2808 silly tarball no local data for is-async-function@https://registry.npmjs.org/is-async-function/-/is-async-function-2.1.1.tgz. Extracting by manifest.
2809 silly tarball no local data for which-boxed-primitive@https://registry.npmjs.org/which-boxed-primitive/-/which-boxed-primitive-1.1.1.tgz. Extracting by manifest.
2810 silly tarball no local data for has-bigints@https://registry.npmjs.org/has-bigints/-/has-bigints-1.1.0.tgz. Extracting by manifest.
2811 silly tarball no local data for @unrs/resolver-binding-darwin-arm64@https://registry.npmjs.org/@unrs/resolver-binding-darwin-arm64/-/resolver-binding-darwin-arm64-1.11.1.tgz. Extracting by manifest.
2812 silly tarball no local data for napi-postinstall@https://registry.npmjs.org/napi-postinstall/-/napi-postinstall-0.3.4.tgz. Extracting by manifest.
2813 silly tarball no local data for which-builtin-type@https://registry.npmjs.org/which-builtin-type/-/which-builtin-type-1.2.1.tgz. Extracting by manifest.
2814 silly tarball no local data for for-each@https://registry.npmjs.org/for-each/-/for-each-0.3.5.tgz. Extracting by manifest.
2815 silly tarball no local data for strip-bom@https://registry.npmjs.org/strip-bom/-/strip-bom-3.0.0.tgz. Extracting by manifest.
2816 silly tarball no local data for reflect.getprototypeof@https://registry.npmjs.org/reflect.getprototypeof/-/reflect.getprototypeof-1.0.10.tgz. Extracting by manifest.
2817 silly tarball no local data for json5@https://registry.npmjs.org/json5/-/json5-1.0.2.tgz. Extracting by manifest.
2818 silly tarball no local data for thenify@https://registry.npmjs.org/thenify/-/thenify-3.3.1.tgz. Extracting by manifest.
2819 http cache postcss@https://registry.npmjs.org/postcss/-/postcss-8.4.31.tgz 0ms (cache hit)
2820 silly tarball no local data for @types/json5@https://registry.npmjs.org/@types/json5/-/json5-0.0.29.tgz. Extracting by manifest.
2821 silly tarball no local data for escalade@https://registry.npmjs.org/escalade/-/escalade-3.2.0.tgz. Extracting by manifest.
2822 silly tarball no local data for minimist@https://registry.npmjs.org/minimist/-/minimist-1.2.8.tgz. Extracting by manifest.
2823 silly tarball no local data for is-number@https://registry.npmjs.org/is-number/-/is-number-7.0.0.tgz. Extracting by manifest.
2824 silly tarball no local data for any-promise@https://registry.npmjs.org/any-promise/-/any-promise-1.3.0.tgz. Extracting by manifest.
2825 silly tarball no local data for ts-interface-checker@https://registry.npmjs.org/ts-interface-checker/-/ts-interface-checker-0.1.13.tgz. Extracting by manifest.
2826 silly tarball no local data for thenify-all@https://registry.npmjs.org/thenify-all/-/thenify-all-1.6.0.tgz. Extracting by manifest.
2827 silly tarball no local data for @jridgewell/sourcemap-codec@https://registry.npmjs.org/@jridgewell/sourcemap-codec/-/sourcemap-codec-1.5.5.tgz. Extracting by manifest.
2828 silly tarball no local data for pirates@https://registry.npmjs.org/pirates/-/pirates-4.0.7.tgz. Extracting by manifest.
2829 silly tarball no local data for lines-and-columns@https://registry.npmjs.org/lines-and-columns/-/lines-and-columns-1.2.4.tgz. Extracting by manifest.
2830 silly tarball no local data for @jridgewell/trace-mapping@https://registry.npmjs.org/@jridgewell/trace-mapping/-/trace-mapping-0.3.31.tgz. Extracting by manifest.
2831 silly tarball no local data for mz@https://registry.npmjs.org/mz/-/mz-2.7.0.tgz. Extracting by manifest.
2832 silly tarball no local data for commander@https://registry.npmjs.org/commander/-/commander-4.1.1.tgz. Extracting by manifest.
2833 silly tarball no local data for @jridgewell/gen-mapping@https://registry.npmjs.org/@jridgewell/gen-mapping/-/gen-mapping-0.3.13.tgz. Extracting by manifest.
2834 silly tarball no local data for pify@https://registry.npmjs.org/pify/-/pify-2.3.0.tgz. Extracting by manifest.
2835 silly tarball no local data for cssesc@https://registry.npmjs.org/cssesc/-/cssesc-3.0.0.tgz. Extracting by manifest.
2836 silly tarball no local data for util-deprecate@https://registry.npmjs.org/util-deprecate/-/util-deprecate-1.0.2.tgz. Extracting by manifest.
2837 silly tarball no local data for camelcase-css@https://registry.npmjs.org/camelcase-css/-/camelcase-css-2.0.1.tgz. Extracting by manifest.
2838 silly tarball no local data for read-cache@https://registry.npmjs.org/read-cache/-/read-cache-1.0.0.tgz. Extracting by manifest.
2839 silly tarball no local data for binary-extensions@https://registry.npmjs.org/binary-extensions/-/binary-extensions-2.3.0.tgz. Extracting by manifest.
2840 silly tarball no local data for anymatch@https://registry.npmjs.org/anymatch/-/anymatch-3.1.3.tgz. Extracting by manifest.
2841 silly tarball no local data for @jridgewell/resolve-uri@https://registry.npmjs.org/@jridgewell/resolve-uri/-/resolve-uri-3.1.2.tgz. Extracting by manifest.
2842 silly tarball no local data for fsevents@https://registry.npmjs.org/fsevents/-/fsevents-2.3.3.tgz. Extracting by manifest.
2843 silly tarball no local data for readdirp@https://registry.npmjs.org/readdirp/-/readdirp-3.6.0.tgz. Extracting by manifest.
2844 silly tarball no local data for postcss-js@https://registry.npmjs.org/postcss-js/-/postcss-js-4.1.0.tgz. Extracting by manifest.
2845 silly tarball no local data for object-hash@https://registry.npmjs.org/object-hash/-/object-hash-3.0.0.tgz. Extracting by manifest.
2846 silly tarball no local data for sucrase@https://registry.npmjs.org/sucrase/-/sucrase-3.35.0.tgz. Extracting by manifest.
2847 silly tarball no local data for is-binary-path@https://registry.npmjs.org/is-binary-path/-/is-binary-path-2.1.0.tgz. Extracting by manifest.
2848 silly tarball no local data for postcss-load-config@https://registry.npmjs.org/postcss-load-config/-/postcss-load-config-6.0.1.tgz. Extracting by manifest.
2849 silly tarball no local data for postcss-selector-parser@https://registry.npmjs.org/postcss-selector-parser/-/postcss-selector-parser-6.1.2.tgz. Extracting by manifest.
2850 silly tarball no local data for normalize-path@https://registry.npmjs.org/normalize-path/-/normalize-path-3.0.0.tgz. Extracting by manifest.
2851 silly tarball no local data for jiti@https://registry.npmjs.org/jiti/-/jiti-1.21.7.tgz. Extracting by manifest.
2852 silly tarball no local data for dlv@https://registry.npmjs.org/dlv/-/dlv-1.1.3.tgz. Extracting by manifest.
2853 silly tarball no local data for postcss-nested@https://registry.npmjs.org/postcss-nested/-/postcss-nested-6.2.0.tgz. Extracting by manifest.
2854 silly tarball no local data for @alloc/quick-lru@https://registry.npmjs.org/@alloc/quick-lru/-/quick-lru-5.2.0.tgz. Extracting by manifest.
2855 silly tarball no local data for arg@https://registry.npmjs.org/arg/-/arg-5.0.2.tgz. Extracting by manifest.
2856 silly tarball no local data for lilconfig@https://registry.npmjs.org/lilconfig/-/lilconfig-3.1.3.tgz. Extracting by manifest.
2857 silly tarball no local data for client-only@https://registry.npmjs.org/client-only/-/client-only-0.0.1.tgz. Extracting by manifest.
2858 silly tarball no local data for has-flag@https://registry.npmjs.org/has-flag/-/has-flag-4.0.0.tgz. Extracting by manifest.
2859 silly tarball no local data for eastasianwidth@https://registry.npmjs.org/eastasianwidth/-/eastasianwidth-0.2.0.tgz. Extracting by manifest.
2860 silly tarball no local data for side-channel-weakmap@https://registry.npmjs.org/side-channel-weakmap/-/side-channel-weakmap-1.0.2.tgz. Extracting by manifest.
2861 silly tarball no local data for ansi-regex@https://registry.npmjs.org/ansi-regex/-/ansi-regex-5.0.1.tgz. Extracting by manifest.
2862 silly tarball no local data for didyoumean@https://registry.npmjs.org/didyoumean/-/didyoumean-1.2.2.tgz. Extracting by manifest.
2863 silly tarball no local data for is-fullwidth-code-point@https://registry.npmjs.org/is-fullwidth-code-point/-/is-fullwidth-code-point-3.0.0.tgz. Extracting by manifest.
2864 silly tarball no local data for side-channel-map@https://registry.npmjs.org/side-channel-map/-/side-channel-map-1.0.1.tgz. Extracting by manifest.
2865 silly tarball no local data for side-channel-list@https://registry.npmjs.org/side-channel-list/-/side-channel-list-1.0.0.tgz. Extracting by manifest.
2866 silly tarball no local data for isarray@https://registry.npmjs.org/isarray/-/isarray-2.0.5.tgz. Extracting by manifest.
2867 silly tarball no local data for chokidar@https://registry.npmjs.org/chokidar/-/chokidar-3.6.0.tgz. Extracting by manifest.
2868 silly tarball no local data for queue-microtask@https://registry.npmjs.org/queue-microtask/-/queue-microtask-1.2.3.tgz. Extracting by manifest.
2869 silly tarball no local data for supports-preserve-symlinks-flag@https://registry.npmjs.org/supports-preserve-symlinks-flag/-/supports-preserve-symlinks-flag-1.0.0.tgz. Extracting by manifest.
2870 silly tarball no local data for scheduler@https://registry.npmjs.org/scheduler/-/scheduler-0.23.2.tgz. Extracting by manifest.
2871 silly tarball no local data for loose-envify@https://registry.npmjs.org/loose-envify/-/loose-envify-1.4.0.tgz. Extracting by manifest.
2872 silly tarball no local data for object-assign@https://registry.npmjs.org/object-assign/-/object-assign-4.1.1.tgz. Extracting by manifest.
2873 silly tarball no local data for js-tokens@https://registry.npmjs.org/js-tokens/-/js-tokens-4.0.0.tgz. Extracting by manifest.
2874 silly tarball no local data for react-is@https://registry.npmjs.org/react-is/-/react-is-16.13.1.tgz. Extracting by manifest.
2875 silly tarball no local data for path-parse@https://registry.npmjs.org/path-parse/-/path-parse-1.0.7.tgz. Extracting by manifest.
2876 silly tarball no local data for lru-cache@https://registry.npmjs.org/lru-cache/-/lru-cache-10.4.3.tgz. Extracting by manifest.
2877 silly tarball no local data for postcss-import@https://registry.npmjs.org/postcss-import/-/postcss-import-15.1.0.tgz. Extracting by manifest.
2878 silly tarball no local data for callsites@https://registry.npmjs.org/callsites/-/callsites-3.1.0.tgz. Extracting by manifest.
2879 silly tarball no local data for source-map-js@https://registry.npmjs.org/source-map-js/-/source-map-js-1.2.1.tgz. Extracting by manifest.
2880 silly tarball no local data for nanoid@https://registry.npmjs.org/nanoid/-/nanoid-3.3.11.tgz. Extracting by manifest.
2881 silly tarball no local data for yocto-queue@https://registry.npmjs.org/yocto-queue/-/yocto-queue-0.1.0.tgz. Extracting by manifest.
2882 silly tarball no local data for p-limit@https://registry.npmjs.org/p-limit/-/p-limit-3.1.0.tgz. Extracting by manifest.
2883 silly tarball no local data for word-wrap@https://registry.npmjs.org/word-wrap/-/word-wrap-1.2.5.tgz. Extracting by manifest.
2884 silly tarball no local data for @swc/counter@https://registry.npmjs.org/@swc/counter/-/counter-0.1.3.tgz. Extracting by manifest.
2885 silly tarball no local data for streamsearch@https://registry.npmjs.org/streamsearch/-/streamsearch-1.1.0.tgz. Extracting by manifest.
2886 silly tarball no local data for fast-levenshtein@https://registry.npmjs.org/fast-levenshtein/-/fast-levenshtein-2.0.6.tgz. Extracting by manifest.
2887 silly tarball no local data for deep-is@https://registry.npmjs.org/deep-is/-/deep-is-0.1.4.tgz. Extracting by manifest.
2888 silly tarball no local data for styled-jsx@https://registry.npmjs.org/styled-jsx/-/styled-jsx-5.1.1.tgz. Extracting by manifest.
2889 silly tarball no local data for busboy@https://registry.npmjs.org/busboy/-/busboy-1.6.0.tgz. Extracting by manifest.
2890 silly tarball no local data for graceful-fs@https://registry.npmjs.org/graceful-fs/-/graceful-fs-4.2.11.tgz. Extracting by manifest.
2891 silly tarball no local data for @next/env@https://registry.npmjs.org/@next/env/-/env-14.2.5.tgz. Extracting by manifest.
2892 silly tarball no local data for @swc/helpers@https://registry.npmjs.org/@swc/helpers/-/helpers-0.5.5.tgz. Extracting by manifest.
2893 silly tarball no local data for balanced-match@https://registry.npmjs.org/balanced-match/-/balanced-match-1.0.2.tgz. Extracting by manifest.
2894 silly tarball no local data for to-regex-range@https://registry.npmjs.org/to-regex-range/-/to-regex-range-5.0.1.tgz. Extracting by manifest.
2895 silly tarball no local data for concat-map@https://registry.npmjs.org/concat-map/-/concat-map-0.0.1.tgz. Extracting by manifest.
2896 silly tarball no local data for @next/swc-darwin-arm64@https://registry.npmjs.org/@next/swc-darwin-arm64/-/swc-darwin-arm64-14.2.5.tgz. Extracting by manifest.
2897 silly tarball no local data for shebang-regex@https://registry.npmjs.org/shebang-regex/-/shebang-regex-3.0.0.tgz. Extracting by manifest.
2898 silly tarball no local data for brace-expansion@https://registry.npmjs.org/brace-expansion/-/brace-expansion-1.1.12.tgz. Extracting by manifest.
2899 silly tarball no local data for picomatch@https://registry.npmjs.org/picomatch/-/picomatch-2.3.1.tgz. Extracting by manifest.
2900 silly tarball no local data for p-locate@https://registry.npmjs.org/p-locate/-/p-locate-5.0.0.tgz. Extracting by manifest.
2901 silly tarball no local data for fill-range@https://registry.npmjs.org/fill-range/-/fill-range-7.1.1.tgz. Extracting by manifest.
2902 silly tarball no local data for type-check@https://registry.npmjs.org/type-check/-/type-check-0.4.0.tgz. Extracting by manifest.
2903 silly tarball no local data for language-subtag-registry@https://registry.npmjs.org/language-subtag-registry/-/language-subtag-registry-0.3.23.tgz. Extracting by manifest.
2904 silly tarball no local data for prelude-ls@https://registry.npmjs.org/prelude-ls/-/prelude-ls-1.2.1.tgz. Extracting by manifest.
2905 silly tarball no local data for argparse@https://registry.npmjs.org/argparse/-/argparse-2.0.1.tgz. Extracting by manifest.
2906 silly tarball no local data for wrap-ansi-cjs@https://registry.npmjs.org/wrap-ansi/-/wrap-ansi-7.0.0.tgz. Extracting by manifest.
2907 silly tarball no local data for wrap-ansi@https://registry.npmjs.org/wrap-ansi/-/wrap-ansi-8.1.0.tgz. Extracting by manifest.
2908 silly tarball no local data for json-buffer@https://registry.npmjs.org/json-buffer/-/json-buffer-3.0.1.tgz. Extracting by manifest.
2909 silly tarball no local data for strip-ansi-cjs@https://registry.npmjs.org/strip-ansi/-/strip-ansi-6.0.1.tgz. Extracting by manifest.
2910 silly tarball no local data for string-width-cjs@https://registry.npmjs.org/string-width/-/string-width-4.2.3.tgz. Extracting by manifest.
2911 silly tarball no local data for @isaacs/cliui@https://registry.npmjs.org/@isaacs/cliui/-/cliui-8.0.2.tgz. Extracting by manifest.
2912 silly tarball no local data for string-width@https://registry.npmjs.org/string-width/-/string-width-5.1.2.tgz. Extracting by manifest.
2913 silly tarball no local data for @pkgjs/parseargs@https://registry.npmjs.org/@pkgjs/parseargs/-/parseargs-0.11.0.tgz. Extracting by manifest.
2914 silly tarball no local data for side-channel@https://registry.npmjs.org/side-channel/-/side-channel-1.1.0.tgz. Extracting by manifest.
2915 silly tarball no local data for braces@https://registry.npmjs.org/braces/-/braces-3.0.3.tgz. Extracting by manifest.
2916 silly tarball no local data for micromatch@https://registry.npmjs.org/micromatch/-/micromatch-4.0.8.tgz. Extracting by manifest.
2917 silly tarball no local data for set-function-name@https://registry.npmjs.org/set-function-name/-/set-function-name-2.0.2.tgz. Extracting by manifest.
2918 silly tarball no local data for is-extglob@https://registry.npmjs.org/is-extglob/-/is-extglob-2.1.1.tgz. Extracting by manifest.
2919 silly tarball no local data for slash@https://registry.npmjs.org/slash/-/slash-3.0.0.tgz. Extracting by manifest.
2920 silly tarball no local data for dir-glob@https://registry.npmjs.org/dir-glob/-/dir-glob-3.0.1.tgz. Extracting by manifest.
2921 silly tarball no local data for path-type@https://registry.npmjs.org/path-type/-/path-type-4.0.0.tgz. Extracting by manifest.
2922 silly tarball no local data for fast-glob@https://registry.npmjs.org/fast-glob/-/fast-glob-3.3.3.tgz. Extracting by manifest.
2923 silly tarball no local data for resolve-from@https://registry.npmjs.org/resolve-from/-/resolve-from-4.0.0.tgz. Extracting by manifest.
2924 silly tarball no local data for merge2@https://registry.npmjs.org/merge2/-/merge2-1.4.1.tgz. Extracting by manifest.
2925 silly tarball no local data for parent-module@https://registry.npmjs.org/parent-module/-/parent-module-1.0.1.tgz. Extracting by manifest.
2926 silly tarball no local data for type-fest@https://registry.npmjs.org/type-fest/-/type-fest-0.20.2.tgz. Extracting by manifest.
2927 silly tarball no local data for array-union@https://registry.npmjs.org/array-union/-/array-union-2.1.0.tgz. Extracting by manifest.
2928 silly tarball no local data for path-scurry@https://registry.npmjs.org/path-scurry/-/path-scurry-1.11.1.tgz. Extracting by manifest.
2929 silly tarball no local data for minipass@https://registry.npmjs.org/minipass/-/minipass-7.1.2.tgz. Extracting by manifest.
2930 silly tarball no local data for foreground-child@https://registry.npmjs.org/foreground-child/-/foreground-child-3.3.1.tgz. Extracting by manifest.
2931 silly tarball no local data for dunder-proto@https://registry.npmjs.org/dunder-proto/-/dunder-proto-1.0.1.tgz. Extracting by manifest.
2932 silly tarball no local data for jackspeak@https://registry.npmjs.org/jackspeak/-/jackspeak-2.3.6.tgz. Extracting by manifest.
2933 silly tarball no local data for signal-exit@https://registry.npmjs.org/signal-exit/-/signal-exit-4.1.0.tgz. Extracting by manifest.
2934 silly tarball no local data for functions-have-names@https://registry.npmjs.org/functions-have-names/-/functions-have-names-1.2.3.tgz. Extracting by manifest.
2935 silly tarball no local data for flatted@https://registry.npmjs.org/flatted/-/flatted-3.3.3.tgz. Extracting by manifest.
2936 silly tarball no local data for path-exists@https://registry.npmjs.org/path-exists/-/path-exists-4.0.0.tgz. Extracting by manifest.
2937 silly tarball no local data for resolve-pkg-maps@https://registry.npmjs.org/resolve-pkg-maps/-/resolve-pkg-maps-1.0.0.tgz. Extracting by manifest.
2938 silly tarball no local data for flat-cache@https://registry.npmjs.org/flat-cache/-/flat-cache-3.2.0.tgz. Extracting by manifest.
2939 silly tarball no local data for reusify@https://registry.npmjs.org/reusify/-/reusify-1.1.0.tgz. Extracting by manifest.
2940 silly tarball no local data for keyv@https://registry.npmjs.org/keyv/-/keyv-4.5.4.tgz. Extracting by manifest.
2941 silly tarball no local data for locate-path@https://registry.npmjs.org/locate-path/-/locate-path-6.0.0.tgz. Extracting by manifest.
2942 silly tarball no local data for rimraf@https://registry.npmjs.org/rimraf/-/rimraf-3.0.2.tgz. Extracting by manifest.
2943 silly tarball no local data for acorn-jsx@https://registry.npmjs.org/acorn-jsx/-/acorn-jsx-5.3.2.tgz. Extracting by manifest.
2944 silly tarball no local data for acorn@https://registry.npmjs.org/acorn/-/acorn-8.15.0.tgz. Extracting by manifest.
2945 silly tarball no local data for iterator.prototype@https://registry.npmjs.org/iterator.prototype/-/iterator.prototype-1.1.5.tgz. Extracting by manifest.
2946 silly tarball no local data for esrecurse@https://registry.npmjs.org/esrecurse/-/esrecurse-4.3.0.tgz. Extracting by manifest.
2947 silly tarball no local data for string.prototype.matchall@https://registry.npmjs.org/string.prototype.matchall/-/string.prototype.matchall-4.0.12.tgz. Extracting by manifest.
2948 silly tarball no local data for string.prototype.repeat@https://registry.npmjs.org/string.prototype.repeat/-/string.prototype.repeat-1.0.0.tgz. Extracting by manifest.
2949 silly tarball no local data for object.entries@https://registry.npmjs.org/object.entries/-/object.entries-1.1.9.tgz. Extracting by manifest.
2950 silly tarball no local data for array.prototype.findlast@https://registry.npmjs.org/array.prototype.findlast/-/array.prototype.findlast-1.2.5.tgz. Extracting by manifest.
2951 silly tarball no local data for array.prototype.tosorted@https://registry.npmjs.org/array.prototype.tosorted/-/array.prototype.tosorted-1.1.4.tgz. Extracting by manifest.
2952 silly tarball no local data for estraverse@https://registry.npmjs.org/estraverse/-/estraverse-5.3.0.tgz. Extracting by manifest.
2953 silly tarball no local data for prop-types@https://registry.npmjs.org/prop-types/-/prop-types-15.8.1.tgz. Extracting by manifest.
2954 silly tarball no local data for es-iterator-helpers@https://registry.npmjs.org/es-iterator-helpers/-/es-iterator-helpers-1.2.1.tgz. Extracting by manifest.
2955 silly tarball no local data for jsx-ast-utils@https://registry.npmjs.org/jsx-ast-utils/-/jsx-ast-utils-3.3.5.tgz. Extracting by manifest.
2956 silly tarball no local data for string.prototype.includes@https://registry.npmjs.org/string.prototype.includes/-/string.prototype.includes-2.0.1.tgz. Extracting by manifest.
2957 silly tarball no local data for axobject-query@https://registry.npmjs.org/axobject-query/-/axobject-query-4.1.0.tgz. Extracting by manifest.
2958 silly tarball no local data for axe-core@https://registry.npmjs.org/axe-core/-/axe-core-4.11.0.tgz. Extracting by manifest.
2959 silly tarball no local data for language-tags@https://registry.npmjs.org/language-tags/-/language-tags-1.0.9.tgz. Extracting by manifest.
2960 silly tarball no local data for ast-types-flow@https://registry.npmjs.org/ast-types-flow/-/ast-types-flow-0.0.8.tgz. Extracting by manifest.
2961 silly tarball no local data for aria-query@https://registry.npmjs.org/aria-query/-/aria-query-5.3.2.tgz. Extracting by manifest.
2962 silly tarball no local data for is-symbol@https://registry.npmjs.org/is-symbol/-/is-symbol-1.1.1.tgz. Extracting by manifest.
2963 silly tarball no local data for damerau-levenshtein@https://registry.npmjs.org/damerau-levenshtein/-/damerau-levenshtein-1.0.8.tgz. Extracting by manifest.
2964 silly tarball no local data for possible-typed-array-names@https://registry.npmjs.org/possible-typed-array-names/-/possible-typed-array-names-1.1.0.tgz. Extracting by manifest.
2965 silly tarball no local data for has-tostringtag@https://registry.npmjs.org/has-tostringtag/-/has-tostringtag-1.0.2.tgz. Extracting by manifest.
2966 silly tarball no local data for unbox-primitive@https://registry.npmjs.org/unbox-primitive/-/unbox-primitive-1.1.0.tgz. Extracting by manifest.
2967 silly tarball no local data for emoji-regex@https://registry.npmjs.org/emoji-regex/-/emoji-regex-9.2.2.tgz. Extracting by manifest.
2968 silly tarball no local data for which-typed-array@https://registry.npmjs.org/which-typed-array/-/which-typed-array-1.1.19.tgz. Extracting by manifest.
2969 silly tarball no local data for typed-array-buffer@https://registry.npmjs.org/typed-array-buffer/-/typed-array-buffer-1.0.3.tgz. Extracting by manifest.
2970 silly tarball no local data for typed-array-byte-length@https://registry.npmjs.org/typed-array-byte-length/-/typed-array-byte-length-1.0.3.tgz. Extracting by manifest.
2971 silly tarball no local data for is-date-object@https://registry.npmjs.org/is-date-object/-/is-date-object-1.1.0.tgz. Extracting by manifest.
2972 silly tarball no local data for string.prototype.trimstart@https://registry.npmjs.org/string.prototype.trimstart/-/string.prototype.trimstart-1.0.8.tgz. Extracting by manifest.
2973 silly tarball no local data for string.prototype.trim@https://registry.npmjs.org/string.prototype.trim/-/string.prototype.trim-1.2.10.tgz. Extracting by manifest.
2974 silly tarball no local data for stop-iteration-iterator@https://registry.npmjs.org/stop-iteration-iterator/-/stop-iteration-iterator-1.1.0.tgz. Extracting by manifest.
2975 silly tarball no local data for set-proto@https://registry.npmjs.org/set-proto/-/set-proto-1.0.0.tgz. Extracting by manifest.
2976 silly tarball no local data for safe-regex-test@https://registry.npmjs.org/safe-regex-test/-/safe-regex-test-1.1.0.tgz. Extracting by manifest.
2977 silly tarball no local data for typed-array-byte-offset@https://registry.npmjs.org/typed-array-byte-offset/-/typed-array-byte-offset-1.0.4.tgz. Extracting by manifest.
2978 silly tarball no local data for safe-array-concat@https://registry.npmjs.org/safe-array-concat/-/safe-array-concat-1.1.3.tgz. Extracting by manifest.
2979 silly tarball no local data for safe-push-apply@https://registry.npmjs.org/safe-push-apply/-/safe-push-apply-1.0.0.tgz. Extracting by manifest.
2980 silly tarball no local data for regexp.prototype.flags@https://registry.npmjs.org/regexp.prototype.flags/-/regexp.prototype.flags-1.5.4.tgz. Extracting by manifest.
2981 silly tarball no local data for object.assign@https://registry.npmjs.org/object.assign/-/object.assign-4.1.7.tgz. Extracting by manifest.
2982 silly tarball no local data for is-weakref@https://registry.npmjs.org/is-weakref/-/is-weakref-1.1.1.tgz. Extracting by manifest.
2983 silly tarball no local data for object-inspect@https://registry.npmjs.org/object-inspect/-/object-inspect-1.13.4.tgz. Extracting by manifest.
2984 silly tarball no local data for own-keys@https://registry.npmjs.org/own-keys/-/own-keys-1.0.1.tgz. Extracting by manifest.
2985 silly tarball no local data for is-typed-array@https://registry.npmjs.org/is-typed-array/-/is-typed-array-1.1.15.tgz. Extracting by manifest.
2986 silly tarball no local data for is-regex@https://registry.npmjs.org/is-regex/-/is-regex-1.2.1.tgz. Extracting by manifest.
2987 silly tarball no local data for is-set@https://registry.npmjs.org/is-set/-/is-set-2.0.3.tgz. Extracting by manifest.
2988 silly tarball no local data for is-data-view@https://registry.npmjs.org/is-data-view/-/is-data-view-1.0.2.tgz. Extracting by manifest.
2989 silly tarball no local data for typed-array-length@https://registry.npmjs.org/typed-array-length/-/typed-array-length-1.0.7.tgz. Extracting by manifest.
2990 silly tarball no local data for is-shared-array-buffer@https://registry.npmjs.org/is-shared-array-buffer/-/is-shared-array-buffer-1.0.4.tgz. Extracting by manifest.
2991 silly tarball no local data for is-negative-zero@https://registry.npmjs.org/is-negative-zero/-/is-negative-zero-2.0.3.tgz. Extracting by manifest.
2992 silly tarball no local data for is-callable@https://registry.npmjs.org/is-callable/-/is-callable-1.2.7.tgz. Extracting by manifest.
2993 silly tarball no local data for is-array-buffer@https://registry.npmjs.org/is-array-buffer/-/is-array-buffer-3.0.5.tgz. Extracting by manifest.
2994 silly tarball no local data for has-symbols@https://registry.npmjs.org/has-symbols/-/has-symbols-1.1.0.tgz. Extracting by manifest.
2995 silly tarball no local data for globalthis@https://registry.npmjs.org/globalthis/-/globalthis-1.0.4.tgz. Extracting by manifest.
2996 silly tarball no local data for has-proto@https://registry.npmjs.org/has-proto/-/has-proto-1.2.0.tgz. Extracting by manifest.
2997 silly tarball no local data for internal-slot@https://registry.npmjs.org/internal-slot/-/internal-slot-1.1.0.tgz. Extracting by manifest.
2998 silly tarball no local data for function.prototype.name@https://registry.npmjs.org/function.prototype.name/-/function.prototype.name-1.1.8.tgz. Extracting by manifest.
2999 silly tarball no local data for get-symbol-description@https://registry.npmjs.org/get-symbol-description/-/get-symbol-description-1.1.0.tgz. Extracting by manifest.
3000 silly tarball no local data for es-to-primitive@https://registry.npmjs.org/es-to-primitive/-/es-to-primitive-1.3.0.tgz. Extracting by manifest.
3001 silly tarball no local data for es-set-tostringtag@https://registry.npmjs.org/es-set-tostringtag/-/es-set-tostringtag-2.1.0.tgz. Extracting by manifest.
3002 silly tarball no local data for data-view-byte-length@https://registry.npmjs.org/data-view-byte-length/-/data-view-byte-length-1.0.2.tgz. Extracting by manifest.
3003 silly tarball no local data for data-view-byte-offset@https://registry.npmjs.org/data-view-byte-offset/-/data-view-byte-offset-1.0.1.tgz. Extracting by manifest.
3004 silly tarball no local data for get-proto@https://registry.npmjs.org/get-proto/-/get-proto-1.0.1.tgz. Extracting by manifest.
3005 silly tarball no local data for available-typed-arrays@https://registry.npmjs.org/available-typed-arrays/-/available-typed-arrays-1.0.7.tgz. Extracting by manifest.
3006 silly tarball no local data for array-buffer-byte-length@https://registry.npmjs.org/array-buffer-byte-length/-/array-buffer-byte-length-1.0.2.tgz. Extracting by manifest.
3007 silly tarball no local data for data-view-buffer@https://registry.npmjs.org/data-view-buffer/-/data-view-buffer-1.0.2.tgz. Extracting by manifest.
3008 silly tarball no local data for object-keys@https://registry.npmjs.org/object-keys/-/object-keys-1.1.1.tgz. Extracting by manifest.
3009 silly tarball no local data for arraybuffer.prototype.slice@https://registry.npmjs.org/arraybuffer.prototype.slice/-/arraybuffer.prototype.slice-1.0.4.tgz. Extracting by manifest.
3010 silly tarball no local data for has-property-descriptors@https://registry.npmjs.org/has-property-descriptors/-/has-property-descriptors-1.0.2.tgz. Extracting by manifest.
3011 silly tarball no local data for define-data-property@https://registry.npmjs.org/define-data-property/-/define-data-property-1.1.4.tgz. Extracting by manifest.
3012 silly tarball no local data for es-define-property@https://registry.npmjs.org/es-define-property/-/es-define-property-1.0.1.tgz. Extracting by manifest.
3013 silly tarball no local data for set-function-length@https://registry.npmjs.org/set-function-length/-/set-function-length-1.2.2.tgz. Extracting by manifest.
3014 silly tarball no local data for gopd@https://registry.npmjs.org/gopd/-/gopd-1.2.0.tgz. Extracting by manifest.
3015 silly tarball no local data for call-bind-apply-helpers@https://registry.npmjs.org/call-bind-apply-helpers/-/call-bind-apply-helpers-1.0.2.tgz. Extracting by manifest.
3016 silly tarball no local data for es-shim-unscopables@https://registry.npmjs.org/es-shim-unscopables/-/es-shim-unscopables-1.1.0.tgz. Extracting by manifest.
3017 silly tarball no local data for function-bind@https://registry.npmjs.org/function-bind/-/function-bind-1.1.2.tgz. Extracting by manifest.
3018 silly tarball no local data for math-intrinsics@https://registry.npmjs.org/math-intrinsics/-/math-intrinsics-1.1.0.tgz. Extracting by manifest.
3019 silly tarball no local data for is-string@https://registry.npmjs.org/is-string/-/is-string-1.1.1.tgz. Extracting by manifest.
3020 silly tarball no local data for es-object-atoms@https://registry.npmjs.org/es-object-atoms/-/es-object-atoms-1.1.1.tgz. Extracting by manifest.
3021 silly tarball no local data for es-errors@https://registry.npmjs.org/es-errors/-/es-errors-1.3.0.tgz. Extracting by manifest.
3022 silly tarball no local data for define-properties@https://registry.npmjs.org/define-properties/-/define-properties-1.2.1.tgz. Extracting by manifest.
3023 silly tarball no local data for get-intrinsic@https://registry.npmjs.org/get-intrinsic/-/get-intrinsic-1.3.0.tgz. Extracting by manifest.
3024 silly tarball no local data for call-bind@https://registry.npmjs.org/call-bind/-/call-bind-1.0.8.tgz. Extracting by manifest.
3025 silly tarball no local data for tsconfig-paths@https://registry.npmjs.org/tsconfig-paths/-/tsconfig-paths-3.15.0.tgz. Extracting by manifest.
3026 silly tarball no local data for object.values@https://registry.npmjs.org/object.values/-/object.values-1.2.1.tgz. Extracting by manifest.
3027 silly tarball no local data for es-abstract@https://registry.npmjs.org/es-abstract/-/es-abstract-1.24.0.tgz. Extracting by manifest.
3028 silly tarball no local data for call-bound@https://registry.npmjs.org/call-bound/-/call-bound-1.0.4.tgz. Extracting by manifest.
3029 silly tarball no local data for string.prototype.trimend@https://registry.npmjs.org/string.prototype.trimend/-/string.prototype.trimend-1.0.9.tgz. Extracting by manifest.
3030 silly tarball no local data for hasown@https://registry.npmjs.org/hasown/-/hasown-2.0.2.tgz. Extracting by manifest.
3031 silly tarball no local data for array.prototype.flatmap@https://registry.npmjs.org/array.prototype.flatmap/-/array.prototype.flatmap-1.3.3.tgz. Extracting by manifest.
3032 silly tarball no local data for array.prototype.findlastindex@https://registry.npmjs.org/array.prototype.findlastindex/-/array.prototype.findlastindex-1.2.6.tgz. Extracting by manifest.
3033 silly tarball no local data for object.groupby@https://registry.npmjs.org/object.groupby/-/object.groupby-1.0.3.tgz. Extracting by manifest.
3034 silly tarball no local data for array-includes@https://registry.npmjs.org/array-includes/-/array-includes-3.1.9.tgz. Extracting by manifest.
3035 silly tarball no local data for @rtsao/scc@https://registry.npmjs.org/@rtsao/scc/-/scc-1.1.0.tgz. Extracting by manifest.
3036 silly tarball no local data for unrs-resolver@https://registry.npmjs.org/unrs-resolver/-/unrs-resolver-1.11.1.tgz. Extracting by manifest.
3037 silly tarball no local data for array.prototype.flat@https://registry.npmjs.org/array.prototype.flat/-/array.prototype.flat-1.3.3.tgz. Extracting by manifest.
3038 silly tarball no local data for tinyglobby@https://registry.npmjs.org/tinyglobby/-/tinyglobby-0.2.15.tgz. Extracting by manifest.
3039 silly tarball no local data for eslint-module-utils@https://registry.npmjs.org/eslint-module-utils/-/eslint-module-utils-2.12.1.tgz. Extracting by manifest.
3040 silly tarball no local data for stable-hash@https://registry.npmjs.org/stable-hash/-/stable-hash-0.0.5.tgz. Extracting by manifest.
3041 silly tarball no local data for is-bun-module@https://registry.npmjs.org/is-bun-module/-/is-bun-module-2.0.0.tgz. Extracting by manifest.
3042 silly tarball no local data for resolve@https://registry.npmjs.org/resolve/-/resolve-1.22.11.tgz. Extracting by manifest.
3043 silly tarball no local data for @nolyfill/is-core-module@https://registry.npmjs.org/@nolyfill/is-core-module/-/is-core-module-1.0.39.tgz. Extracting by manifest.
3044 silly tarball no local data for ts-api-utils@https://registry.npmjs.org/ts-api-utils/-/ts-api-utils-1.4.3.tgz. Extracting by manifest.
3045 silly tarball no local data for is-core-module@https://registry.npmjs.org/is-core-module/-/is-core-module-2.16.1.tgz. Extracting by manifest.
3046 silly tarball no local data for semver@https://registry.npmjs.org/semver/-/semver-7.7.3.tgz. Extracting by manifest.
3047 silly tarball no local data for globby@https://registry.npmjs.org/globby/-/globby-11.1.0.tgz. Extracting by manifest.
3048 silly tarball no local data for @typescript-eslint/types@https://registry.npmjs.org/@typescript-eslint/types/-/types-7.2.0.tgz. Extracting by manifest.
3049 silly tarball no local data for get-tsconfig@https://registry.npmjs.org/get-tsconfig/-/get-tsconfig-4.13.0.tgz. Extracting by manifest.
3050 silly tarball no local data for @typescript-eslint/typescript-estree@https://registry.npmjs.org/@typescript-eslint/typescript-estree/-/typescript-estree-7.2.0.tgz. Extracting by manifest.
3051 silly tarball no local data for @typescript-eslint/visitor-keys@https://registry.npmjs.org/@typescript-eslint/visitor-keys/-/visitor-keys-7.2.0.tgz. Extracting by manifest.
3052 silly tarball no local data for object.fromentries@https://registry.npmjs.org/object.fromentries/-/object.fromentries-2.0.8.tgz. Extracting by manifest.
3053 silly tarball no local data for eslint-plugin-react-hooks@https://registry.npmjs.org/eslint-plugin-react-hooks/-/eslint-plugin-react-hooks-5.0.0-canary-7118f5dd7-20230705.tgz. Extracting by manifest.
3054 silly tarball no local data for glob@https://registry.npmjs.org/glob/-/glob-10.3.10.tgz. Extracting by manifest.
3055 silly tarball no local data for eslint-plugin-react@https://registry.npmjs.org/eslint-plugin-react/-/eslint-plugin-react-7.37.5.tgz. Extracting by manifest.
3056 silly tarball no local data for eslint-plugin-jsx-a11y@https://registry.npmjs.org/eslint-plugin-jsx-a11y/-/eslint-plugin-jsx-a11y-6.10.2.tgz. Extracting by manifest.
3057 silly tarball no local data for eslint-import-resolver-typescript@https://registry.npmjs.org/eslint-import-resolver-typescript/-/eslint-import-resolver-typescript-3.10.1.tgz. Extracting by manifest.
3058 silly tarball no local data for eslint-plugin-import@https://registry.npmjs.org/eslint-plugin-import/-/eslint-plugin-import-2.32.0.tgz. Extracting by manifest.
3059 silly tarball no local data for @rushstack/eslint-patch@https://registry.npmjs.org/@rushstack/eslint-patch/-/eslint-patch-1.15.0.tgz. Extracting by manifest.
3060 silly tarball no local data for @typescript-eslint/parser@https://registry.npmjs.org/@typescript-eslint/parser/-/parser-7.2.0.tgz. Extracting by manifest.
3061 silly tarball no local data for @next/eslint-plugin-next@https://registry.npmjs.org/@next/eslint-plugin-next/-/eslint-plugin-next-14.2.5.tgz. Extracting by manifest.
3062 silly tarball no local data for which@https://registry.npmjs.org/which/-/which-2.0.2.tgz. Extracting by manifest.
3063 silly tarball no local data for shebang-command@https://registry.npmjs.org/shebang-command/-/shebang-command-2.0.0.tgz. Extracting by manifest.
3064 silly tarball no local data for eslint-import-resolver-node@https://registry.npmjs.org/eslint-import-resolver-node/-/eslint-import-resolver-node-0.3.9.tgz. Extracting by manifest.
3065 silly tarball no local data for path-key@https://registry.npmjs.org/path-key/-/path-key-3.1.1.tgz. Extracting by manifest.
3066 silly tarball no local data for color-name@https://registry.npmjs.org/color-name/-/color-name-1.1.4.tgz. Extracting by manifest.
3067 silly tarball no local data for ms@https://registry.npmjs.org/ms/-/ms-2.1.3.tgz. Extracting by manifest.
3068 silly tarball no local data for color-convert@https://registry.npmjs.org/color-convert/-/color-convert-2.0.1.tgz. Extracting by manifest.
3069 silly tarball no local data for supports-color@https://registry.npmjs.org/supports-color/-/supports-color-7.2.0.tgz. Extracting by manifest.
3070 silly tarball no local data for ansi-styles@https://registry.npmjs.org/ansi-styles/-/ansi-styles-4.3.0.tgz. Extracting by manifest.
3071 silly tarball no local data for json-schema-traverse@https://registry.npmjs.org/json-schema-traverse/-/json-schema-traverse-0.4.1.tgz. Extracting by manifest.
3072 silly tarball no local data for @typescript-eslint/scope-manager@https://registry.npmjs.org/@typescript-eslint/scope-manager/-/scope-manager-7.2.0.tgz. Extracting by manifest.
3073 silly tarball no local data for fast-json-stable-stringify@https://registry.npmjs.org/fast-json-stable-stringify/-/fast-json-stable-stringify-2.1.0.tgz. Extracting by manifest.
3074 silly tarball no local data for run-parallel@https://registry.npmjs.org/run-parallel/-/run-parallel-1.2.0.tgz. Extracting by manifest.
3075 silly tarball no local data for @nodelib/fs.stat@https://registry.npmjs.org/@nodelib/fs.stat/-/fs.stat-2.0.5.tgz. Extracting by manifest.
3076 silly tarball no local data for uri-js@https://registry.npmjs.org/uri-js/-/uri-js-4.4.1.tgz. Extracting by manifest.
3077 silly tarball no local data for fastq@https://registry.npmjs.org/fastq/-/fastq-1.19.1.tgz. Extracting by manifest.
3078 silly tarball no local data for @humanwhocodes/object-schema@https://registry.npmjs.org/@humanwhocodes/object-schema/-/object-schema-2.0.3.tgz. Extracting by manifest.
3079 silly tarball no local data for strip-json-comments@https://registry.npmjs.org/strip-json-comments/-/strip-json-comments-3.1.1.tgz. Extracting by manifest.
3080 silly tarball no local data for strip-ansi@https://registry.npmjs.org/strip-ansi/-/strip-ansi-6.0.1.tgz. Extracting by manifest.
3081 silly tarball no local data for import-fresh@https://registry.npmjs.org/import-fresh/-/import-fresh-3.3.1.tgz. Extracting by manifest.
3082 silly tarball no local data for optionator@https://registry.npmjs.org/optionator/-/optionator-0.9.4.tgz. Extracting by manifest.
3083 silly tarball no local data for @nodelib/fs.scandir@https://registry.npmjs.org/@nodelib/fs.scandir/-/fs.scandir-2.1.5.tgz. Extracting by manifest.
3084 silly tarball no local data for natural-compare@https://registry.npmjs.org/natural-compare/-/natural-compare-1.4.0.tgz. Extracting by manifest.
3085 silly tarball no local data for lodash.merge@https://registry.npmjs.org/lodash.merge/-/lodash.merge-4.6.2.tgz. Extracting by manifest.
3086 silly tarball no local data for minimatch@https://registry.npmjs.org/minimatch/-/minimatch-3.1.2.tgz. Extracting by manifest.
3087 silly tarball no local data for json-stable-stringify-without-jsonify@https://registry.npmjs.org/json-stable-stringify-without-jsonify/-/json-stable-stringify-without-jsonify-1.0.1.tgz. Extracting by manifest.
3088 silly tarball no local data for js-yaml@https://registry.npmjs.org/js-yaml/-/js-yaml-4.1.1.tgz. Extracting by manifest.
3089 silly tarball no local data for is-path-inside@https://registry.npmjs.org/is-path-inside/-/is-path-inside-3.0.3.tgz. Extracting by manifest.
3090 silly tarball no local data for text-table@https://registry.npmjs.org/text-table/-/text-table-0.2.0.tgz. Extracting by manifest.
3091 silly tarball no local data for is-glob@https://registry.npmjs.org/is-glob/-/is-glob-4.0.3.tgz. Extracting by manifest.
3092 silly tarball no local data for globals@https://registry.npmjs.org/globals/-/globals-13.24.0.tgz. Extracting by manifest.
3093 silly tarball no local data for graphemer@https://registry.npmjs.org/graphemer/-/graphemer-1.4.0.tgz. Extracting by manifest.
3094 silly tarball no local data for glob-parent@https://registry.npmjs.org/glob-parent/-/glob-parent-6.0.2.tgz. Extracting by manifest.
3095 silly tarball no local data for ignore@https://registry.npmjs.org/ignore/-/ignore-5.3.2.tgz. Extracting by manifest.
3096 silly tarball no local data for file-entry-cache@https://registry.npmjs.org/file-entry-cache/-/file-entry-cache-6.0.1.tgz. Extracting by manifest.
3097 silly tarball no local data for find-up@https://registry.npmjs.org/find-up/-/find-up-5.0.0.tgz. Extracting by manifest.
3098 silly tarball no local data for fast-deep-equal@https://registry.npmjs.org/fast-deep-equal/-/fast-deep-equal-3.1.3.tgz. Extracting by manifest.
3099 silly tarball no local data for esutils@https://registry.npmjs.org/esutils/-/esutils-2.0.3.tgz. Extracting by manifest.
3100 silly tarball no local data for eslint-visitor-keys@https://registry.npmjs.org/eslint-visitor-keys/-/eslint-visitor-keys-3.4.3.tgz. Extracting by manifest.
3101 silly tarball no local data for espree@https://registry.npmjs.org/espree/-/espree-9.6.1.tgz. Extracting by manifest.
3102 silly tarball no local data for esquery@https://registry.npmjs.org/esquery/-/esquery-1.6.0.tgz. Extracting by manifest.
3103 silly tarball no local data for levn@https://registry.npmjs.org/levn/-/levn-0.4.1.tgz. Extracting by manifest.
3104 silly tarball no local data for eslint-scope@https://registry.npmjs.org/eslint-scope/-/eslint-scope-7.2.2.tgz. Extracting by manifest.
3105 silly tarball no local data for escape-string-regexp@https://registry.npmjs.org/escape-string-regexp/-/escape-string-regexp-4.0.0.tgz. Extracting by manifest.
3106 silly tarball no local data for doctrine@https://registry.npmjs.org/doctrine/-/doctrine-3.0.0.tgz. Extracting by manifest.
3107 silly tarball no local data for debug@https://registry.npmjs.org/debug/-/debug-4.4.3.tgz. Extracting by manifest.
3108 silly tarball no local data for chalk@https://registry.npmjs.org/chalk/-/chalk-4.1.2.tgz. Extracting by manifest.
3109 silly tarball no local data for cross-spawn@https://registry.npmjs.org/cross-spawn/-/cross-spawn-7.0.6.tgz. Extracting by manifest.
3110 silly tarball no local data for ajv@https://registry.npmjs.org/ajv/-/ajv-6.12.6.tgz. Extracting by manifest.
3111 silly tarball no local data for @ungap/structured-clone@https://registry.npmjs.org/@ungap/structured-clone/-/structured-clone-1.3.0.tgz. Extracting by manifest.
3112 silly tarball no local data for @humanwhocodes/config-array@https://registry.npmjs.org/@humanwhocodes/config-array/-/config-array-0.13.0.tgz. Extracting by manifest.
3113 silly tarball no local data for @eslint/js@https://registry.npmjs.org/@eslint/js/-/js-8.57.1.tgz. Extracting by manifest.
3114 silly tarball no local data for @nodelib/fs.walk@https://registry.npmjs.org/@nodelib/fs.walk/-/fs.walk-1.2.8.tgz. Extracting by manifest.
3115 silly tarball no local data for imurmurhash@https://registry.npmjs.org/imurmurhash/-/imurmurhash-0.1.4.tgz. Extracting by manifest.
3116 silly tarball no local data for @eslint/eslintrc@https://registry.npmjs.org/@eslint/eslintrc/-/eslintrc-2.1.4.tgz. Extracting by manifest.
3117 silly tarball no local data for @eslint-community/eslint-utils@https://registry.npmjs.org/@eslint-community/eslint-utils/-/eslint-utils-4.9.0.tgz. Extracting by manifest.
3118 silly tarball no local data for node-releases@https://registry.npmjs.org/node-releases/-/node-releases-2.0.27.tgz. Extracting by manifest.
3119 silly tarball no local data for update-browserslist-db@https://registry.npmjs.org/update-browserslist-db/-/update-browserslist-db-1.1.4.tgz. Extracting by manifest.
3120 silly tarball no local data for baseline-browser-mapping@https://registry.npmjs.org/baseline-browser-mapping/-/baseline-browser-mapping-2.8.28.tgz. Extracting by manifest.
3121 silly tarball no local data for @humanwhocodes/module-importer@https://registry.npmjs.org/@humanwhocodes/module-importer/-/module-importer-1.0.1.tgz. Extracting by manifest.
3122 silly tarball no local data for electron-to-chromium@https://registry.npmjs.org/electron-to-chromium/-/electron-to-chromium-1.5.254.tgz. Extracting by manifest.
3123 silly tarball no local data for postcss-value-parser@https://registry.npmjs.org/postcss-value-parser/-/postcss-value-parser-4.2.0.tgz. Extracting by manifest.
3124 silly tarball no local data for fraction.js@https://registry.npmjs.org/fraction.js/-/fraction.js-5.3.4.tgz. Extracting by manifest.
3125 silly tarball no local data for normalize-range@https://registry.npmjs.org/normalize-range/-/normalize-range-0.1.2.tgz. Extracting by manifest.
3126 silly tarball no local data for caniuse-lite@https://registry.npmjs.org/caniuse-lite/-/caniuse-lite-1.0.30001755.tgz. Extracting by manifest.
3127 silly tarball no local data for picocolors@https://registry.npmjs.org/picocolors/-/picocolors-1.1.1.tgz. Extracting by manifest.
3128 silly tarball no local data for @types/prop-types@https://registry.npmjs.org/@types/prop-types/-/prop-types-15.7.15.tgz. Extracting by manifest.
3129 silly tarball no local data for browserslist@https://registry.npmjs.org/browserslist/-/browserslist-4.28.0.tgz. Extracting by manifest.
3130 silly tarball no local data for csstype@https://registry.npmjs.org/csstype/-/csstype-3.2.2.tgz. Extracting by manifest.
3131 silly tarball no local data for undici-types@https://registry.npmjs.org/undici-types/-/undici-types-6.21.0.tgz. Extracting by manifest.
3132 silly tarball no local data for ws@https://registry.npmjs.org/ws/-/ws-8.18.3.tgz. Extracting by manifest.
3133 silly tarball no local data for @types/phoenix@https://registry.npmjs.org/@types/phoenix/-/phoenix-1.6.6.tgz. Extracting by manifest.
3134 silly tarball no local data for @supabase/realtime-js@https://registry.npmjs.org/@supabase/realtime-js/-/realtime-js-2.81.1.tgz. Extracting by manifest.
3135 silly tarball no local data for tslib@https://registry.npmjs.org/tslib/-/tslib-2.8.1.tgz. Extracting by manifest.
3136 silly tarball no local data for @supabase/postgrest-js@https://registry.npmjs.org/@supabase/postgrest-js/-/postgrest-js-2.81.1.tgz. Extracting by manifest.
3137 silly tarball no local data for @supabase/storage-js@https://registry.npmjs.org/@supabase/storage-js/-/storage-js-2.81.1.tgz. Extracting by manifest.
3138 silly tarball no local data for typescript@https://registry.npmjs.org/typescript/-/typescript-5.9.3.tgz. Extracting by manifest.
3139 silly tarball no local data for @types/ws@https://registry.npmjs.org/@types/ws/-/ws-8.18.1.tgz. Extracting by manifest.
3140 silly tarball no local data for @eslint-community/regexpp@https://registry.npmjs.org/@eslint-community/regexpp/-/regexpp-4.12.2.tgz. Extracting by manifest.
3141 silly tarball no local data for @supabase/auth-js@https://registry.npmjs.org/@supabase/auth-js/-/auth-js-2.81.1.tgz. Extracting by manifest.
3142 silly tarball no local data for tailwindcss@https://registry.npmjs.org/tailwindcss/-/tailwindcss-3.4.18.tgz. Extracting by manifest.
3143 silly tarball no local data for @supabase/functions-js@https://registry.npmjs.org/@supabase/functions-js/-/functions-js-2.81.1.tgz. Extracting by manifest.
3144 silly tarball no local data for next@https://registry.npmjs.org/next/-/next-14.2.5.tgz. Extracting by manifest.
3145 silly tarball no local data for postcss@https://registry.npmjs.org/postcss/-/postcss-8.5.6.tgz. Extracting by manifest.
3146 silly tarball no local data for react@https://registry.npmjs.org/react/-/react-18.3.1.tgz. Extracting by manifest.
3147 silly tarball no local data for eslint-config-next@https://registry.npmjs.org/eslint-config-next/-/eslint-config-next-14.2.5.tgz. Extracting by manifest.
3148 silly tarball no local data for react-dom@https://registry.npmjs.org/react-dom/-/react-dom-18.3.1.tgz. Extracting by manifest.
3149 silly tarball no local data for @types/react@https://registry.npmjs.org/@types/react/-/react-18.3.26.tgz. Extracting by manifest.
3150 silly tarball no local data for @types/react-dom@https://registry.npmjs.org/@types/react-dom/-/react-dom-18.3.7.tgz. Extracting by manifest.
3151 silly tarball no local data for @types/node@https://registry.npmjs.org/@types/node/-/node-20.19.25.tgz. Extracting by manifest.
3152 silly tarball no local data for glob-parent@https://registry.npmjs.org/glob-parent/-/glob-parent-5.1.2.tgz. Extracting by manifest.
3153 silly tarball no local data for eslint@https://registry.npmjs.org/eslint/-/eslint-8.57.1.tgz. Extracting by manifest.
3154 silly tarball no local data for autoprefixer@https://registry.npmjs.org/autoprefixer/-/autoprefixer-10.4.22.tgz. Extracting by manifest.
3155 silly tarball no local data for ansi-regex@https://registry.npmjs.org/ansi-regex/-/ansi-regex-6.2.2.tgz. Extracting by manifest.
3156 silly tarball no local data for ansi-styles@https://registry.npmjs.org/ansi-styles/-/ansi-styles-6.2.3.tgz. Extracting by manifest.
3157 silly tarball no local data for @supabase/supabase-js@https://registry.npmjs.org/@supabase/supabase-js/-/supabase-js-2.81.1.tgz. Extracting by manifest.
3158 silly tarball no local data for strip-ansi@https://registry.npmjs.org/strip-ansi/-/strip-ansi-7.1.2.tgz. Extracting by manifest.
3159 silly tarball no local data for emoji-regex@https://registry.npmjs.org/emoji-regex/-/emoji-regex-8.0.0.tgz. Extracting by manifest.
3160 silly tarball no local data for ansi-regex@https://registry.npmjs.org/ansi-regex/-/ansi-regex-6.2.2.tgz. Extracting by manifest.
3161 silly tarball no local data for strip-ansi@https://registry.npmjs.org/strip-ansi/-/strip-ansi-7.1.2.tgz. Extracting by manifest.
3162 silly tarball no local data for strip-ansi@https://registry.npmjs.org/strip-ansi/-/strip-ansi-7.1.2.tgz. Extracting by manifest.
3163 silly tarball no local data for glob@https://registry.npmjs.org/glob/-/glob-7.2.3.tgz. Extracting by manifest.
3164 silly tarball no local data for string-width@https://registry.npmjs.org/string-width/-/string-width-4.2.3.tgz. Extracting by manifest.
3165 silly tarball no local data for glob-parent@https://registry.npmjs.org/glob-parent/-/glob-parent-5.1.2.tgz. Extracting by manifest.
3166 silly tarball no local data for debug@https://registry.npmjs.org/debug/-/debug-3.2.7.tgz. Extracting by manifest.
3167 silly tarball no local data for emoji-regex@https://registry.npmjs.org/emoji-regex/-/emoji-regex-8.0.0.tgz. Extracting by manifest.
3168 silly tarball no local data for picomatch@https://registry.npmjs.org/picomatch/-/picomatch-4.0.3.tgz. Extracting by manifest.
3169 silly tarball no local data for brace-expansion@https://registry.npmjs.org/brace-expansion/-/brace-expansion-2.0.2.tgz. Extracting by manifest.
3170 silly tarball no local data for fdir@https://registry.npmjs.org/fdir/-/fdir-6.5.0.tgz. Extracting by manifest.
3171 silly tarball no local data for ansi-regex@https://registry.npmjs.org/ansi-regex/-/ansi-regex-6.2.2.tgz. Extracting by manifest.
3172 silly tarball no local data for minimatch@https://registry.npmjs.org/minimatch/-/minimatch-9.0.5.tgz. Extracting by manifest.
3173 silly tarball no local data for brace-expansion@https://registry.npmjs.org/brace-expansion/-/brace-expansion-2.0.2.tgz. Extracting by manifest.
3174 silly tarball no local data for semver@https://registry.npmjs.org/semver/-/semver-6.3.1.tgz. Extracting by manifest.
3175 silly tarball no local data for minimatch@https://registry.npmjs.org/minimatch/-/minimatch-9.0.3.tgz. Extracting by manifest.
3176 silly tarball no local data for doctrine@https://registry.npmjs.org/doctrine/-/doctrine-2.1.0.tgz. Extracting by manifest.
3177 silly tarball no local data for debug@https://registry.npmjs.org/debug/-/debug-3.2.7.tgz. Extracting by manifest.
3178 silly tarball no local data for resolve@https://registry.npmjs.org/resolve/-/resolve-2.0.0-next.5.tgz. Extracting by manifest.
3179 silly tarball no local data for semver@https://registry.npmjs.org/semver/-/semver-6.3.1.tgz. Extracting by manifest.
3180 silly tarball no local data for debug@https://registry.npmjs.org/debug/-/debug-3.2.7.tgz. Extracting by manifest.
3181 silly tarball no local data for doctrine@https://registry.npmjs.org/doctrine/-/doctrine-2.1.0.tgz. Extracting by manifest.
3182 silly tarball no local data for postcss@https://registry.npmjs.org/postcss/-/postcss-8.4.31.tgz. Extracting by manifest.
3183 http fetch GET 200 https://registry.npmjs.org/is-weakset/-/is-weakset-2.0.4.tgz 87ms (cache miss)
3184 http fetch GET 200 https://registry.npmjs.org/wrappy/-/wrappy-1.0.2.tgz 88ms (cache miss)
3185 http fetch GET 200 https://registry.npmjs.org/once/-/once-1.4.0.tgz 88ms (cache miss)
3186 http fetch GET 200 https://registry.npmjs.org/is-weakmap/-/is-weakmap-2.0.2.tgz 88ms (cache miss)
3187 http fetch GET 200 https://registry.npmjs.org/inherits/-/inherits-2.0.4.tgz 88ms (cache miss)
3188 http fetch GET 200 https://registry.npmjs.org/path-is-absolute/-/path-is-absolute-1.0.1.tgz 88ms (cache miss)
3189 http fetch GET 200 https://registry.npmjs.org/fs.realpath/-/fs.realpath-1.0.0.tgz 88ms (cache miss)
3190 http fetch GET 200 https://registry.npmjs.org/inflight/-/inflight-1.0.6.tgz 88ms (cache miss)
3191 warn deprecated inflight@1.0.6: This module is not supported, and leaks memory. Do not use it. Check out lru-cache if you want a good and tested way to coalesce async requests by a key value, which is much more comprehensive and powerful.
3192 http fetch GET 200 https://registry.npmjs.org/is-boolean-object/-/is-boolean-object-1.2.2.tgz 102ms (cache miss)
3193 http fetch GET 200 https://registry.npmjs.org/is-bigint/-/is-bigint-1.1.0.tgz 103ms (cache miss)
3194 http fetch GET 200 https://registry.npmjs.org/isexe/-/isexe-2.0.0.tgz 103ms (cache miss)
3195 http fetch GET 200 https://registry.npmjs.org/punycode/-/punycode-2.3.1.tgz 103ms (cache miss)
3196 http fetch GET 200 https://registry.npmjs.org/is-async-function/-/is-async-function-2.1.1.tgz 108ms (cache miss)
3197 http fetch GET 200 https://registry.npmjs.org/which-collection/-/which-collection-1.0.2.tgz 108ms (cache miss)
3198 http fetch GET 200 https://registry.npmjs.org/which-boxed-primitive/-/which-boxed-primitive-1.1.1.tgz 109ms (cache miss)
3199 http fetch GET 200 https://registry.npmjs.org/has-bigints/-/has-bigints-1.1.0.tgz 110ms (cache miss)
3200 http fetch GET 200 https://registry.npmjs.org/async-function/-/async-function-1.0.0.tgz 120ms (cache miss)
3201 http fetch GET 200 https://registry.npmjs.org/is-generator-function/-/is-generator-function-1.1.2.tgz 123ms (cache miss)
3202 http fetch GET 200 https://registry.npmjs.org/is-number-object/-/is-number-object-1.1.1.tgz 124ms (cache miss)
3203 http fetch GET 200 https://registry.npmjs.org/generator-function/-/generator-function-2.0.1.tgz 127ms (cache miss)
3204 http fetch GET 200 https://registry.npmjs.org/for-each/-/for-each-0.3.5.tgz 128ms (cache miss)
3205 http fetch GET 200 https://registry.npmjs.org/which-builtin-type/-/which-builtin-type-1.2.1.tgz 129ms (cache miss)
3206 http fetch GET 200 https://registry.npmjs.org/strip-bom/-/strip-bom-3.0.0.tgz 136ms (cache miss)
3207 http fetch GET 200 https://registry.npmjs.org/napi-postinstall/-/napi-postinstall-0.3.4.tgz 136ms (cache miss)
3208 http fetch GET 200 https://registry.npmjs.org/is-map/-/is-map-2.0.3.tgz 138ms (cache miss)
3209 http fetch GET 200 https://registry.npmjs.org/reflect.getprototypeof/-/reflect.getprototypeof-1.0.10.tgz 141ms (cache miss)
3210 http fetch GET 200 https://registry.npmjs.org/thenify/-/thenify-3.3.1.tgz 140ms (cache miss)
3211 http fetch GET 200 https://registry.npmjs.org/json5/-/json5-1.0.2.tgz 152ms (cache miss)
3212 http fetch GET 200 https://registry.npmjs.org/escalade/-/escalade-3.2.0.tgz 152ms (cache miss)
3213 http fetch GET 200 https://registry.npmjs.org/is-finalizationregistry/-/is-finalizationregistry-1.1.1.tgz 155ms (cache miss)
3214 http fetch GET 200 https://registry.npmjs.org/minimist/-/minimist-1.2.8.tgz 154ms (cache miss)
3215 http fetch GET 200 https://registry.npmjs.org/@types/json5/-/json5-0.0.29.tgz 157ms (cache miss)
3216 http fetch GET 200 https://registry.npmjs.org/any-promise/-/any-promise-1.3.0.tgz 160ms (cache miss)
3217 http fetch GET 200 https://registry.npmjs.org/ts-interface-checker/-/ts-interface-checker-0.1.13.tgz 160ms (cache miss)
3218 http fetch GET 200 https://registry.npmjs.org/pirates/-/pirates-4.0.7.tgz 162ms (cache miss)
3219 http fetch GET 200 https://registry.npmjs.org/lines-and-columns/-/lines-and-columns-1.2.4.tgz 172ms (cache miss)
3220 http fetch GET 200 https://registry.npmjs.org/thenify-all/-/thenify-all-1.6.0.tgz 174ms (cache miss)
3221 http fetch GET 200 https://registry.npmjs.org/mz/-/mz-2.7.0.tgz 177ms (cache miss)
3222 http fetch GET 200 https://registry.npmjs.org/commander/-/commander-4.1.1.tgz 188ms (cache miss)
3223 http fetch GET 200 https://registry.npmjs.org/camelcase-css/-/camelcase-css-2.0.1.tgz 192ms (cache miss)
3224 http fetch GET 200 https://registry.npmjs.org/cssesc/-/cssesc-3.0.0.tgz 201ms (cache miss)
3225 http fetch GET 200 https://registry.npmjs.org/@jridgewell/sourcemap-codec/-/sourcemap-codec-1.5.5.tgz 204ms (cache miss)
3226 http fetch GET 200 https://registry.npmjs.org/is-number/-/is-number-7.0.0.tgz 207ms (cache miss)
3227 http fetch GET 200 https://registry.npmjs.org/read-cache/-/read-cache-1.0.0.tgz 208ms (cache miss)
3228 http fetch GET 200 https://registry.npmjs.org/pify/-/pify-2.3.0.tgz 211ms (cache miss)
3229 http fetch GET 200 https://registry.npmjs.org/@jridgewell/trace-mapping/-/trace-mapping-0.3.31.tgz 213ms (cache miss)
3230 http fetch GET 200 https://registry.npmjs.org/@jridgewell/gen-mapping/-/gen-mapping-0.3.13.tgz 215ms (cache miss)
3231 http fetch GET 200 https://registry.npmjs.org/util-deprecate/-/util-deprecate-1.0.2.tgz 217ms (cache miss)
3232 http fetch GET 200 https://registry.npmjs.org/binary-extensions/-/binary-extensions-2.3.0.tgz 222ms (cache miss)
3233 http fetch GET 200 https://registry.npmjs.org/anymatch/-/anymatch-3.1.3.tgz 228ms (cache miss)
3234 http fetch GET 200 https://registry.npmjs.org/fsevents/-/fsevents-2.3.3.tgz 232ms (cache miss)
3235 http fetch GET 200 https://registry.npmjs.org/readdirp/-/readdirp-3.6.0.tgz 235ms (cache miss)
3236 http fetch POST 200 https://registry.npmjs.org/-/npm/v1/security/advisories/bulk 272ms
3237 silly audit report {
3237 silly audit report   next: [
3237 silly audit report     {
3237 silly audit report       id: 1099638,
3237 silly audit report       url: 'https://github.com/advisories/GHSA-gp8f-8m3g-qvj9',
3237 silly audit report       title: 'Next.js Cache Poisoning',
3237 silly audit report       severity: 'high',
3237 silly audit report       vulnerable_versions: '>=14.0.0 <14.2.10',
3237 silly audit report       cwe: [Array],
3237 silly audit report       cvss: [Object]
3237 silly audit report     },
3237 silly audit report     {
3237 silly audit report       id: 1100421,
3237 silly audit report       url: 'https://github.com/advisories/GHSA-g77x-44xx-532m',
3237 silly audit report       title: 'Denial of Service condition in Next.js image optimization',
3237 silly audit report       severity: 'moderate',
3237 silly audit report       vulnerable_versions: '>=10.0.0 <14.2.7',
3237 silly audit report       cwe: [Array],
3237 silly audit report       cvss: [Object]
3237 silly audit report     },
3237 silly audit report     {
3237 silly audit report       id: 1101438,
3237 silly audit report       url: 'https://github.com/advisories/GHSA-7m27-7ghc-44w9',
3237 silly audit report       title: 'Next.js Allows a Denial of Service (DoS) with Server Actions',
3237 silly audit report       severity: 'moderate',
3237 silly audit report       vulnerable_versions: '>=14.0.0 <14.2.21',
3237 silly audit report       cwe: [Array],
3237 silly audit report       cvss: [Object]
3237 silly audit report     },
3237 silly audit report     {
3237 silly audit report       id: 1105461,
3237 silly audit report       url: 'https://github.com/advisories/GHSA-3h52-269p-cp9r',
3237 silly audit report       title: 'Information exposure in Next.js dev server due to lack of origin verification',
3237 silly audit report       severity: 'low',
3237 silly audit report       vulnerable_versions: '>=13.0 <14.2.30',
3237 silly audit report       cwe: [Array],
3237 silly audit report       cvss: [Object]
3237 silly audit report     },
3237 silly audit report     {
3237 silly audit report       id: 1107226,
3237 silly audit report       url: 'https://github.com/advisories/GHSA-g5qg-72qw-gw5v',
3237 silly audit report       title: 'Next.js Affected by Cache Key Confusion for Image Optimization API Routes',
3237 silly audit report       severity: 'moderate',
3237 silly audit report       vulnerable_versions: '>=0.9.9 <14.2.31',
3237 silly audit report       cwe: [Array],
3237 silly audit report       cvss: [Object]
3237 silly audit report     },
3237 silly audit report     {
3237 silly audit report       id: 1107420,
3237 silly audit report       url: 'https://github.com/advisories/GHSA-7gfc-8cq8-jh5f',
3237 silly audit report       title: 'Next.js authorization bypass vulnerability',
3237 silly audit report       severity: 'high',
3237 silly audit report       vulnerable_versions: '>=9.5.5 <14.2.15',
3237 silly audit report       cwe: [Array],
3237 silly audit report       cvss: [Object]
3237 silly audit report     },
3237 silly audit report     {
3237 silly audit report       id: 1107512,
3237 silly audit report       url: 'https://github.com/advisories/GHSA-4342-x723-ch2f',
3237 silly audit report       title: 'Next.js Improper Middleware Redirect Handling Leads to SSRF',
3237 silly audit report       severity: 'moderate',
3237 silly audit report       vulnerable_versions: '>=0.9.9 <14.2.32',
3237 silly audit report       cwe: [Array],
3237 silly audit report       cvss: [Object]
3237 silly audit report     },
3237 silly audit report     {
3237 silly audit report       id: 1107513,
3237 silly audit report       url: 'https://github.com/advisories/GHSA-xv57-4mr9-wg8v',
3237 silly audit report       title: 'Next.js Content Injection Vulnerability for Image Optimization',
3237 silly audit report       severity: 'moderate',
3237 silly audit report       vulnerable_versions: '>=0.9.9 <14.2.31',
3237 silly audit report       cwe: [Array],
3237 silly audit report       cvss: [Object]
3237 silly audit report     },
3237 silly audit report     {
3237 silly audit report       id: 1108291,
3237 silly audit report       url: 'https://github.com/advisories/GHSA-qpjv-v59x-3qc4',
3237 silly audit report       title: 'Next.js Race Condition to Cache Poisoning',
3237 silly audit report       severity: 'low',
3237 silly audit report       vulnerable_versions: '>=0.9.9 <14.2.24',
3237 silly audit report       cwe: [Array],
3237 silly audit report       cvss: [Object]
3237 silly audit report     },
3237 silly audit report     {
3237 silly audit report       id: 1108953,
3237 silly audit report       url: 'https://github.com/advisories/GHSA-f82v-jwr5-mffw',
3237 silly audit report       title: 'Authorization Bypass in Next.js Middleware',
3237 silly audit report       severity: 'critical',
3237 silly audit report       vulnerable_versions: '>=14.0.0 <14.2.25',
3237 silly audit report       cwe: [Array],
3237 silly audit report       cvss: [Object]
3237 silly audit report     }
3237 silly audit report   ]
3237 silly audit report }
3238 silly packumentCache corgi:https://registry.npmjs.org/next cache-miss
3239 http fetch GET 200 https://registry.npmjs.org/postcss-js/-/postcss-js-4.1.0.tgz 243ms (cache miss)
3240 http fetch GET 200 https://registry.npmjs.org/@jridgewell/resolve-uri/-/resolve-uri-3.1.2.tgz 244ms (cache miss)
3241 http fetch GET 200 https://registry.npmjs.org/object-hash/-/object-hash-3.0.0.tgz 268ms (cache miss)
3242 http fetch GET 200 https://registry.npmjs.org/is-binary-path/-/is-binary-path-2.1.0.tgz 270ms (cache miss)
3243 http fetch GET 200 https://registry.npmjs.org/postcss-selector-parser/-/postcss-selector-parser-6.1.2.tgz 279ms (cache miss)
3244 http fetch GET 200 https://registry.npmjs.org/normalize-path/-/normalize-path-3.0.0.tgz 283ms (cache miss)
3245 http fetch GET 200 https://registry.npmjs.org/postcss-load-config/-/postcss-load-config-6.0.1.tgz 285ms (cache miss)
3246 http fetch GET 200 https://registry.npmjs.org/dlv/-/dlv-1.1.3.tgz 295ms (cache miss)
3247 http fetch GET 200 https://registry.npmjs.org/postcss-nested/-/postcss-nested-6.2.0.tgz 299ms (cache miss)
3248 http fetch GET 200 https://registry.npmjs.org/lilconfig/-/lilconfig-3.1.3.tgz 339ms (cache miss)
3249 http fetch GET 200 https://registry.npmjs.org/eastasianwidth/-/eastasianwidth-0.2.0.tgz 340ms (cache miss)
3250 http fetch GET 200 https://registry.npmjs.org/@alloc/quick-lru/-/quick-lru-5.2.0.tgz 341ms (cache miss)
3251 http fetch GET 200 https://registry.npmjs.org/has-flag/-/has-flag-4.0.0.tgz 340ms (cache miss)
3252 http fetch GET 200 https://registry.npmjs.org/side-channel-weakmap/-/side-channel-weakmap-1.0.2.tgz 340ms (cache miss)
3253 http fetch GET 200 https://registry.npmjs.org/client-only/-/client-only-0.0.1.tgz 340ms (cache miss)
3254 http fetch GET 200 https://registry.npmjs.org/didyoumean/-/didyoumean-1.2.2.tgz 340ms (cache miss)
3255 http fetch GET 200 https://registry.npmjs.org/is-fullwidth-code-point/-/is-fullwidth-code-point-3.0.0.tgz 342ms (cache miss)
3256 http fetch GET 200 https://registry.npmjs.org/ansi-regex/-/ansi-regex-5.0.1.tgz 343ms (cache miss)
3257 http fetch GET 200 https://registry.npmjs.org/side-channel-map/-/side-channel-map-1.0.1.tgz 351ms (cache miss)
3258 http fetch GET 200 https://registry.npmjs.org/arg/-/arg-5.0.2.tgz 358ms (cache miss)
3259 http fetch GET 200 https://registry.npmjs.org/side-channel-list/-/side-channel-list-1.0.0.tgz 362ms (cache miss)
3260 http fetch GET 200 https://registry.npmjs.org/isarray/-/isarray-2.0.5.tgz 373ms (cache miss)
3261 http fetch GET 200 https://registry.npmjs.org/queue-microtask/-/queue-microtask-1.2.3.tgz 374ms (cache miss)
3262 http fetch GET 200 https://registry.npmjs.org/supports-preserve-symlinks-flag/-/supports-preserve-symlinks-flag-1.0.0.tgz 375ms (cache miss)
3263 http fetch GET 200 https://registry.npmjs.org/chokidar/-/chokidar-3.6.0.tgz 375ms (cache miss)
3264 http fetch GET 200 https://registry.npmjs.org/scheduler/-/scheduler-0.23.2.tgz 381ms (cache miss)
3265 http fetch GET 200 https://registry.npmjs.org/loose-envify/-/loose-envify-1.4.0.tgz 391ms (cache miss)
3266 http fetch GET 200 https://registry.npmjs.org/object-assign/-/object-assign-4.1.1.tgz 392ms (cache miss)
3267 http fetch GET 200 https://registry.npmjs.org/js-tokens/-/js-tokens-4.0.0.tgz 399ms (cache miss)
3268 http fetch GET 200 https://registry.npmjs.org/react-is/-/react-is-16.13.1.tgz 403ms (cache miss)
3269 http fetch GET 200 https://registry.npmjs.org/path-parse/-/path-parse-1.0.7.tgz 409ms (cache miss)
3270 http fetch GET 200 https://registry.npmjs.org/postcss-import/-/postcss-import-15.1.0.tgz 423ms (cache miss)
3271 http fetch GET 200 https://registry.npmjs.org/source-map-js/-/source-map-js-1.2.1.tgz 431ms (cache miss)
3272 http fetch GET 200 https://registry.npmjs.org/p-limit/-/p-limit-3.1.0.tgz 435ms (cache miss)
3273 http fetch GET 200 https://registry.npmjs.org/yocto-queue/-/yocto-queue-0.1.0.tgz 436ms (cache miss)
3274 http fetch GET 200 https://registry.npmjs.org/word-wrap/-/word-wrap-1.2.5.tgz 447ms (cache miss)
3275 http fetch GET 200 https://registry.npmjs.org/callsites/-/callsites-3.1.0.tgz 448ms (cache miss)
3276 http fetch GET 200 https://registry.npmjs.org/nanoid/-/nanoid-3.3.11.tgz 448ms (cache miss)
3277 http fetch GET 200 https://registry.npmjs.org/sucrase/-/sucrase-3.35.0.tgz 458ms (cache miss)
3278 http fetch GET 200 https://registry.npmjs.org/fast-levenshtein/-/fast-levenshtein-2.0.6.tgz 463ms (cache miss)
3279 http fetch GET 200 https://registry.npmjs.org/streamsearch/-/streamsearch-1.1.0.tgz 463ms (cache miss)
3280 http fetch GET 200 https://registry.npmjs.org/@unrs/resolver-binding-darwin-arm64/-/resolver-binding-darwin-arm64-1.11.1.tgz 470ms (cache miss)
3281 http fetch GET 200 https://registry.npmjs.org/deep-is/-/deep-is-0.1.4.tgz 493ms (cache miss)
3282 http fetch GET 200 https://registry.npmjs.org/busboy/-/busboy-1.6.0.tgz 494ms (cache miss)
3283 http fetch GET 200 https://registry.npmjs.org/graceful-fs/-/graceful-fs-4.2.11.tgz 498ms (cache miss)
3284 http fetch GET 200 https://registry.npmjs.org/@swc/counter/-/counter-0.1.3.tgz 498ms (cache miss)
3285 http fetch GET 200 https://registry.npmjs.org/balanced-match/-/balanced-match-1.0.2.tgz 501ms (cache miss)
3286 http fetch GET 200 https://registry.npmjs.org/to-regex-range/-/to-regex-range-5.0.1.tgz 502ms (cache miss)
3287 http fetch GET 200 https://registry.npmjs.org/concat-map/-/concat-map-0.0.1.tgz 510ms (cache miss)
3288 http fetch GET 200 https://registry.npmjs.org/shebang-regex/-/shebang-regex-3.0.0.tgz 522ms (cache miss)
3289 http fetch GET 200 https://registry.npmjs.org/brace-expansion/-/brace-expansion-1.1.12.tgz 524ms (cache miss)
3290 http fetch GET 200 https://registry.npmjs.org/styled-jsx/-/styled-jsx-5.1.1.tgz 525ms (cache miss)
3291 http fetch GET 200 https://registry.npmjs.org/jiti/-/jiti-1.21.7.tgz 532ms (cache miss)
3292 http fetch GET 200 https://registry.npmjs.org/fill-range/-/fill-range-7.1.1.tgz 533ms (cache miss)
3293 http fetch GET 200 https://registry.npmjs.org/type-check/-/type-check-0.4.0.tgz 534ms (cache miss)
3294 http fetch GET 200 https://registry.npmjs.org/picomatch/-/picomatch-2.3.1.tgz 537ms (cache miss)
3295 http fetch GET 200 https://registry.npmjs.org/prelude-ls/-/prelude-ls-1.2.1.tgz 537ms (cache miss)
3296 http fetch GET 200 https://registry.npmjs.org/wrap-ansi/-/wrap-ansi-7.0.0.tgz 545ms (cache miss)
3297 http fetch GET 200 https://registry.npmjs.org/strip-ansi/-/strip-ansi-6.0.1.tgz 549ms (cache miss)
3298 http fetch GET 200 https://registry.npmjs.org/p-locate/-/p-locate-5.0.0.tgz 551ms (cache miss)
3299 http fetch GET 200 https://registry.npmjs.org/argparse/-/argparse-2.0.1.tgz 550ms (cache miss)
3300 http fetch GET 200 https://registry.npmjs.org/json-buffer/-/json-buffer-3.0.1.tgz 555ms (cache miss)
3301 http fetch GET 200 https://registry.npmjs.org/string-width/-/string-width-4.2.3.tgz 555ms (cache miss)
3302 http fetch GET 200 https://registry.npmjs.org/wrap-ansi/-/wrap-ansi-8.1.0.tgz 561ms (cache miss)
3303 http fetch GET 200 https://registry.npmjs.org/string-width/-/string-width-5.1.2.tgz 563ms (cache miss)
3304 http fetch GET 200 https://registry.npmjs.org/side-channel/-/side-channel-1.1.0.tgz 570ms (cache miss)
3305 http fetch GET 200 https://registry.npmjs.org/@swc/helpers/-/helpers-0.5.5.tgz 575ms (cache miss)
3306 http fetch GET 200 https://registry.npmjs.org/is-extglob/-/is-extglob-2.1.1.tgz 576ms (cache miss)
3307 http fetch GET 200 https://registry.npmjs.org/braces/-/braces-3.0.3.tgz 582ms (cache miss)
3308 http fetch GET 200 https://registry.npmjs.org/micromatch/-/micromatch-4.0.8.tgz 583ms (cache miss)
3309 http fetch GET 200 https://registry.npmjs.org/dir-glob/-/dir-glob-3.0.1.tgz 585ms (cache miss)
3310 http fetch GET 200 https://registry.npmjs.org/set-function-name/-/set-function-name-2.0.2.tgz 588ms (cache miss)
3311 http fetch GET 200 https://registry.npmjs.org/path-type/-/path-type-4.0.0.tgz 593ms (cache miss)
3312 http fetch GET 200 https://registry.npmjs.org/@isaacs/cliui/-/cliui-8.0.2.tgz 594ms (cache miss)
3313 http fetch GET 200 https://registry.npmjs.org/slash/-/slash-3.0.0.tgz 593ms (cache miss)
3314 http fetch GET 200 https://registry.npmjs.org/resolve-from/-/resolve-from-4.0.0.tgz 594ms (cache miss)
3315 http fetch GET 200 https://registry.npmjs.org/language-subtag-registry/-/language-subtag-registry-0.3.23.tgz 595ms (cache miss)
3316 http fetch GET 200 https://registry.npmjs.org/@pkgjs/parseargs/-/parseargs-0.11.0.tgz 600ms (cache miss)
3317 http fetch GET 200 https://registry.npmjs.org/merge2/-/merge2-1.4.1.tgz 601ms (cache miss)
3318 http fetch GET 200 https://registry.npmjs.org/fast-glob/-/fast-glob-3.3.3.tgz 611ms (cache miss)
3319 http fetch GET 200 https://registry.npmjs.org/parent-module/-/parent-module-1.0.1.tgz 613ms (cache miss)
3320 http fetch GET 200 https://registry.npmjs.org/array-union/-/array-union-2.1.0.tgz 621ms (cache miss)
3321 http fetch GET 200 https://registry.npmjs.org/dunder-proto/-/dunder-proto-1.0.1.tgz 631ms (cache miss)
3322 http fetch GET 200 https://registry.npmjs.org/foreground-child/-/foreground-child-3.3.1.tgz 634ms (cache miss)
3323 http fetch GET 200 https://registry.npmjs.org/jackspeak/-/jackspeak-2.3.6.tgz 637ms (cache miss)
3324 http fetch GET 200 https://registry.npmjs.org/type-fest/-/type-fest-0.20.2.tgz 640ms (cache miss)
3325 http fetch GET 200 https://registry.npmjs.org/functions-have-names/-/functions-have-names-1.2.3.tgz 646ms (cache miss)
3326 http fetch GET 200 https://registry.npmjs.org/path-exists/-/path-exists-4.0.0.tgz 651ms (cache miss)
3327 http fetch GET 200 https://registry.npmjs.org/flatted/-/flatted-3.3.3.tgz 652ms (cache miss)
3328 http fetch GET 200 https://registry.npmjs.org/signal-exit/-/signal-exit-4.1.0.tgz 656ms (cache miss)
3329 http fetch GET 200 https://registry.npmjs.org/flat-cache/-/flat-cache-3.2.0.tgz 655ms (cache miss)
3330 http fetch GET 200 https://registry.npmjs.org/resolve-pkg-maps/-/resolve-pkg-maps-1.0.0.tgz 666ms (cache miss)
3331 http fetch GET 200 https://registry.npmjs.org/minipass/-/minipass-7.1.2.tgz 668ms (cache miss)
3332 http fetch GET 200 https://registry.npmjs.org/reusify/-/reusify-1.1.0.tgz 667ms (cache miss)
3333 http fetch GET 200 https://registry.npmjs.org/rimraf/-/rimraf-3.0.2.tgz 667ms (cache miss)
3334 warn deprecated rimraf@3.0.2: Rimraf versions prior to v4 are no longer supported
3335 http fetch GET 200 https://registry.npmjs.org/keyv/-/keyv-4.5.4.tgz 668ms (cache miss)
3336 http fetch GET 200 https://registry.npmjs.org/locate-path/-/locate-path-6.0.0.tgz 668ms (cache miss)
3337 http fetch GET 200 https://registry.npmjs.org/iterator.prototype/-/iterator.prototype-1.1.5.tgz 678ms (cache miss)
3338 http fetch GET 200 https://registry.npmjs.org/esrecurse/-/esrecurse-4.3.0.tgz 678ms (cache miss)
3339 http fetch GET 200 https://registry.npmjs.org/acorn-jsx/-/acorn-jsx-5.3.2.tgz 682ms (cache miss)
3340 http fetch GET 200 https://registry.npmjs.org/path-scurry/-/path-scurry-1.11.1.tgz 686ms (cache miss)
3341 http fetch GET 200 https://registry.npmjs.org/string.prototype.matchall/-/string.prototype.matchall-4.0.12.tgz 687ms (cache miss)
3342 http fetch GET 200 https://registry.npmjs.org/estraverse/-/estraverse-5.3.0.tgz 696ms (cache miss)
3343 http fetch GET 200 https://registry.npmjs.org/string.prototype.repeat/-/string.prototype.repeat-1.0.0.tgz 703ms (cache miss)
3344 http fetch GET 200 https://registry.npmjs.org/prop-types/-/prop-types-15.8.1.tgz 703ms (cache miss)
3345 http fetch GET 200 https://registry.npmjs.org/array.prototype.findlast/-/array.prototype.findlast-1.2.5.tgz 704ms (cache miss)
3346 http fetch GET 200 https://registry.npmjs.org/array.prototype.tosorted/-/array.prototype.tosorted-1.1.4.tgz 708ms (cache miss)
3347 http fetch GET 200 https://registry.npmjs.org/acorn/-/acorn-8.15.0.tgz 709ms (cache miss)
3348 http fetch GET 200 https://registry.npmjs.org/object.entries/-/object.entries-1.1.9.tgz 712ms (cache miss)
3349 http fetch GET 200 https://registry.npmjs.org/string.prototype.includes/-/string.prototype.includes-2.0.1.tgz 728ms (cache miss)
3350 http fetch GET 200 https://registry.npmjs.org/es-iterator-helpers/-/es-iterator-helpers-1.2.1.tgz 730ms (cache miss)
3351 http fetch GET 200 https://registry.npmjs.org/jsx-ast-utils/-/jsx-ast-utils-3.3.5.tgz 737ms (cache miss)
3352 http fetch GET 200 https://registry.npmjs.org/language-tags/-/language-tags-1.0.9.tgz 761ms (cache miss)
3353 http fetch GET 200 https://registry.npmjs.org/is-symbol/-/is-symbol-1.1.1.tgz 764ms (cache miss)
3354 http fetch GET 200 https://registry.npmjs.org/ast-types-flow/-/ast-types-flow-0.0.8.tgz 765ms (cache miss)
3355 http fetch GET 200 https://registry.npmjs.org/damerau-levenshtein/-/damerau-levenshtein-1.0.8.tgz 768ms (cache miss)
3356 http fetch GET 200 https://registry.npmjs.org/axobject-query/-/axobject-query-4.1.0.tgz 779ms (cache miss)
3357 http fetch GET 200 https://registry.npmjs.org/has-tostringtag/-/has-tostringtag-1.0.2.tgz 781ms (cache miss)
3358 http fetch GET 200 https://registry.npmjs.org/possible-typed-array-names/-/possible-typed-array-names-1.1.0.tgz 781ms (cache miss)
3359 http fetch GET 200 https://registry.npmjs.org/aria-query/-/aria-query-5.3.2.tgz 787ms (cache miss)
3360 http fetch GET 200 https://registry.npmjs.org/unbox-primitive/-/unbox-primitive-1.1.0.tgz 791ms (cache miss)
3361 http fetch GET 200 https://registry.npmjs.org/emoji-regex/-/emoji-regex-9.2.2.tgz 792ms (cache miss)
3362 http fetch GET 200 https://registry.npmjs.org/which-typed-array/-/which-typed-array-1.1.19.tgz 802ms (cache miss)
3363 http fetch GET 200 https://registry.npmjs.org/axe-core/-/axe-core-4.11.0.tgz 830ms (cache miss)
3364 http fetch GET 200 https://registry.npmjs.org/stop-iteration-iterator/-/stop-iteration-iterator-1.1.0.tgz 836ms (cache miss)
3365 http fetch GET 200 https://registry.npmjs.org/typed-array-buffer/-/typed-array-buffer-1.0.3.tgz 838ms (cache miss)
3366 http fetch GET 200 https://registry.npmjs.org/typed-array-byte-length/-/typed-array-byte-length-1.0.3.tgz 838ms (cache miss)
3367 http fetch GET 200 https://registry.npmjs.org/string.prototype.trimstart/-/string.prototype.trimstart-1.0.8.tgz 837ms (cache miss)
3368 http fetch GET 200 https://registry.npmjs.org/is-date-object/-/is-date-object-1.1.0.tgz 837ms (cache miss)
3369 http fetch GET 200 https://registry.npmjs.org/string.prototype.trim/-/string.prototype.trim-1.2.10.tgz 860ms (cache miss)
3370 http fetch GET 200 https://registry.npmjs.org/set-proto/-/set-proto-1.0.0.tgz 860ms (cache miss)
3371 http fetch GET 200 https://registry.npmjs.org/safe-push-apply/-/safe-push-apply-1.0.0.tgz 862ms (cache miss)
3372 http fetch GET 200 https://registry.npmjs.org/typed-array-byte-offset/-/typed-array-byte-offset-1.0.4.tgz 863ms (cache miss)
3373 http fetch GET 200 https://registry.npmjs.org/safe-regex-test/-/safe-regex-test-1.1.0.tgz 863ms (cache miss)
3374 http fetch GET 200 https://registry.npmjs.org/safe-array-concat/-/safe-array-concat-1.1.3.tgz 863ms (cache miss)
3375 http fetch GET 200 https://registry.npmjs.org/regexp.prototype.flags/-/regexp.prototype.flags-1.5.4.tgz 863ms (cache miss)
3376 http fetch GET 200 https://registry.npmjs.org/object-inspect/-/object-inspect-1.13.4.tgz 866ms (cache miss)
3377 http fetch GET 200 https://registry.npmjs.org/is-set/-/is-set-2.0.3.tgz 868ms (cache miss)
3378 http fetch GET 200 https://registry.npmjs.org/is-weakref/-/is-weakref-1.1.1.tgz 869ms (cache miss)
3379 http fetch GET 200 https://registry.npmjs.org/own-keys/-/own-keys-1.0.1.tgz 869ms (cache miss)
3380 http fetch GET 200 https://registry.npmjs.org/typed-array-length/-/typed-array-length-1.0.7.tgz 870ms (cache miss)
3381 http fetch GET 200 https://registry.npmjs.org/is-typed-array/-/is-typed-array-1.1.15.tgz 871ms (cache miss)
3382 http fetch GET 200 https://registry.npmjs.org/is-shared-array-buffer/-/is-shared-array-buffer-1.0.4.tgz 877ms (cache miss)
3383 http fetch GET 200 https://registry.npmjs.org/is-data-view/-/is-data-view-1.0.2.tgz 885ms (cache miss)
3384 http fetch GET 200 https://registry.npmjs.org/is-negative-zero/-/is-negative-zero-2.0.3.tgz 885ms (cache miss)
3385 http fetch GET 200 https://registry.npmjs.org/object.assign/-/object.assign-4.1.7.tgz 888ms (cache miss)
3386 http fetch GET 200 https://registry.npmjs.org/is-callable/-/is-callable-1.2.7.tgz 888ms (cache miss)
3387 http fetch GET 200 https://registry.npmjs.org/is-regex/-/is-regex-1.2.1.tgz 888ms (cache miss)
3388 http fetch GET 200 https://registry.npmjs.org/is-array-buffer/-/is-array-buffer-3.0.5.tgz 892ms (cache miss)
3389 http fetch GET 200 https://registry.npmjs.org/globalthis/-/globalthis-1.0.4.tgz 899ms (cache miss)
3390 http fetch GET 200 https://registry.npmjs.org/has-symbols/-/has-symbols-1.1.0.tgz 899ms (cache miss)
3391 http fetch GET 200 https://registry.npmjs.org/internal-slot/-/internal-slot-1.1.0.tgz 900ms (cache miss)
3392 http fetch GET 200 https://registry.npmjs.org/get-symbol-description/-/get-symbol-description-1.1.0.tgz 901ms (cache miss)
3393 http fetch GET 200 https://registry.npmjs.org/function.prototype.name/-/function.prototype.name-1.1.8.tgz 909ms (cache miss)
3394 http fetch GET 200 https://registry.npmjs.org/has-proto/-/has-proto-1.2.0.tgz 910ms (cache miss)
3395 http fetch GET 200 https://registry.npmjs.org/data-view-byte-length/-/data-view-byte-length-1.0.2.tgz 916ms (cache miss)
3396 http fetch GET 200 https://registry.npmjs.org/get-proto/-/get-proto-1.0.1.tgz 918ms (cache miss)
3397 http fetch GET 200 https://registry.npmjs.org/available-typed-arrays/-/available-typed-arrays-1.0.7.tgz 921ms (cache miss)
3398 http fetch GET 200 https://registry.npmjs.org/es-set-tostringtag/-/es-set-tostringtag-2.1.0.tgz 923ms (cache miss)
3399 http fetch GET 200 https://registry.npmjs.org/es-to-primitive/-/es-to-primitive-1.3.0.tgz 924ms (cache miss)
3400 http fetch GET 200 https://registry.npmjs.org/data-view-byte-offset/-/data-view-byte-offset-1.0.1.tgz 926ms (cache miss)
3401 http fetch GET 200 https://registry.npmjs.org/object-keys/-/object-keys-1.1.1.tgz 929ms (cache miss)
3402 http fetch GET 200 https://registry.npmjs.org/data-view-buffer/-/data-view-buffer-1.0.2.tgz 931ms (cache miss)
3403 http fetch GET 200 https://registry.npmjs.org/arraybuffer.prototype.slice/-/arraybuffer.prototype.slice-1.0.4.tgz 934ms (cache miss)
3404 http fetch GET 200 https://registry.npmjs.org/array-buffer-byte-length/-/array-buffer-byte-length-1.0.2.tgz 935ms (cache miss)
3405 http fetch GET 200 https://registry.npmjs.org/has-property-descriptors/-/has-property-descriptors-1.0.2.tgz 940ms (cache miss)
3406 http fetch GET 200 https://registry.npmjs.org/define-data-property/-/define-data-property-1.1.4.tgz 942ms (cache miss)
3407 http fetch GET 200 https://registry.npmjs.org/gopd/-/gopd-1.2.0.tgz 945ms (cache miss)
3408 http fetch GET 200 https://registry.npmjs.org/es-define-property/-/es-define-property-1.0.1.tgz 945ms (cache miss)
3409 http fetch GET 200 https://registry.npmjs.org/set-function-length/-/set-function-length-1.2.2.tgz 950ms (cache miss)
3410 http fetch GET 200 https://registry.npmjs.org/es-shim-unscopables/-/es-shim-unscopables-1.1.0.tgz 950ms (cache miss)
3411 http fetch GET 200 https://registry.npmjs.org/function-bind/-/function-bind-1.1.2.tgz 952ms (cache miss)
3412 http fetch GET 200 https://registry.npmjs.org/call-bind-apply-helpers/-/call-bind-apply-helpers-1.0.2.tgz 953ms (cache miss)
3413 http fetch GET 200 https://registry.npmjs.org/math-intrinsics/-/math-intrinsics-1.1.0.tgz 955ms (cache miss)
3414 http fetch GET 200 https://registry.npmjs.org/is-string/-/is-string-1.1.1.tgz 958ms (cache miss)
3415 http fetch GET 200 https://registry.npmjs.org/es-object-atoms/-/es-object-atoms-1.1.1.tgz 962ms (cache miss)
3416 http fetch GET 200 https://registry.npmjs.org/define-properties/-/define-properties-1.2.1.tgz 963ms (cache miss)
3417 http fetch GET 200 https://registry.npmjs.org/es-errors/-/es-errors-1.3.0.tgz 963ms (cache miss)
3418 http fetch GET 200 https://registry.npmjs.org/call-bind/-/call-bind-1.0.8.tgz 971ms (cache miss)
3419 http fetch GET 200 https://registry.npmjs.org/call-bound/-/call-bound-1.0.4.tgz 976ms (cache miss)
3420 http fetch GET 200 https://registry.npmjs.org/object.values/-/object.values-1.2.1.tgz 986ms (cache miss)
3421 http fetch GET 200 https://registry.npmjs.org/tsconfig-paths/-/tsconfig-paths-3.15.0.tgz 989ms (cache miss)
3422 http fetch GET 200 https://registry.npmjs.org/get-intrinsic/-/get-intrinsic-1.3.0.tgz 990ms (cache miss)
3423 http fetch GET 200 https://registry.npmjs.org/hasown/-/hasown-2.0.2.tgz 989ms (cache miss)
3424 http fetch GET 200 https://registry.npmjs.org/string.prototype.trimend/-/string.prototype.trimend-1.0.9.tgz 991ms (cache miss)
3425 http fetch GET 200 https://registry.npmjs.org/array.prototype.findlastindex/-/array.prototype.findlastindex-1.2.6.tgz 995ms (cache miss)
3426 http fetch GET 200 https://registry.npmjs.org/array.prototype.flatmap/-/array.prototype.flatmap-1.3.3.tgz 999ms (cache miss)
3427 http fetch GET 200 https://registry.npmjs.org/object.groupby/-/object.groupby-1.0.3.tgz 999ms (cache miss)
3428 http fetch GET 200 https://registry.npmjs.org/@rtsao/scc/-/scc-1.1.0.tgz 1007ms (cache miss)
3429 http fetch GET 200 https://registry.npmjs.org/tinyglobby/-/tinyglobby-0.2.15.tgz 1010ms (cache miss)
3430 http fetch GET 200 https://registry.npmjs.org/array.prototype.flat/-/array.prototype.flat-1.3.3.tgz 1017ms (cache miss)
3431 http fetch GET 200 https://registry.npmjs.org/eslint-module-utils/-/eslint-module-utils-2.12.1.tgz 1029ms (cache miss)
3432 http fetch GET 200 https://registry.npmjs.org/unrs-resolver/-/unrs-resolver-1.11.1.tgz 1033ms (cache miss)
3433 http fetch GET 200 https://registry.npmjs.org/stable-hash/-/stable-hash-0.0.5.tgz 1036ms (cache miss)
3434 http fetch GET 200 https://registry.npmjs.org/is-bun-module/-/is-bun-module-2.0.0.tgz 1037ms (cache miss)
3435 http fetch GET 200 https://registry.npmjs.org/@nolyfill/is-core-module/-/is-core-module-1.0.39.tgz 1042ms (cache miss)
3436 http fetch GET 200 https://registry.npmjs.org/is-core-module/-/is-core-module-2.16.1.tgz 1047ms (cache miss)
3437 http fetch GET 200 https://registry.npmjs.org/array-includes/-/array-includes-3.1.9.tgz 1048ms (cache miss)
3438 http fetch GET 200 https://registry.npmjs.org/ts-api-utils/-/ts-api-utils-1.4.3.tgz 1055ms (cache miss)
3439 http fetch GET 200 https://registry.npmjs.org/resolve/-/resolve-1.22.11.tgz 1057ms (cache miss)
3440 http fetch GET 200 https://registry.npmjs.org/globby/-/globby-11.1.0.tgz 1059ms (cache miss)
3441 http fetch GET 200 https://registry.npmjs.org/semver/-/semver-7.7.3.tgz 1070ms (cache miss)
3442 http fetch GET 200 https://registry.npmjs.org/get-tsconfig/-/get-tsconfig-4.13.0.tgz 1082ms (cache miss)
3443 http fetch GET 200 https://registry.npmjs.org/object.fromentries/-/object.fromentries-2.0.8.tgz 1089ms (cache miss)
3444 http fetch GET 200 https://registry.npmjs.org/eslint-plugin-react-hooks/-/eslint-plugin-react-hooks-5.0.0-canary-7118f5dd7-20230705.tgz 1098ms (cache miss)
3445 http fetch GET 200 https://registry.npmjs.org/glob/-/glob-10.3.10.tgz 1125ms (cache miss)
3446 http fetch GET 200 https://registry.npmjs.org/eslint-import-resolver-typescript/-/eslint-import-resolver-typescript-3.10.1.tgz 1149ms (cache miss)
3447 http fetch GET 200 https://registry.npmjs.org/@rushstack/eslint-patch/-/eslint-patch-1.15.0.tgz 1226ms (cache miss)
3448 http fetch GET 200 https://registry.npmjs.org/which/-/which-2.0.2.tgz 1244ms (cache miss)
3449 http fetch GET 200 https://registry.npmjs.org/eslint-plugin-jsx-a11y/-/eslint-plugin-jsx-a11y-6.10.2.tgz 1257ms (cache miss)
3450 http fetch GET 200 https://registry.npmjs.org/shebang-command/-/shebang-command-2.0.0.tgz 1263ms (cache miss)
3451 http fetch GET 200 https://registry.npmjs.org/eslint-import-resolver-node/-/eslint-import-resolver-node-0.3.9.tgz 1287ms (cache miss)
3452 http fetch GET 200 https://registry.npmjs.org/path-key/-/path-key-3.1.1.tgz 1289ms (cache miss)
3453 http fetch GET 200 https://registry.npmjs.org/color-name/-/color-name-1.1.4.tgz 1301ms (cache miss)
3454 http fetch GET 200 https://registry.npmjs.org/ms/-/ms-2.1.3.tgz 1309ms (cache miss)
3455 http fetch GET 200 https://registry.npmjs.org/es-abstract/-/es-abstract-1.24.0.tgz 1319ms (cache miss)
3456 http fetch GET 200 https://registry.npmjs.org/lru-cache/-/lru-cache-10.4.3.tgz 1334ms (cache miss)
3457 http fetch GET 200 https://registry.npmjs.org/supports-color/-/supports-color-7.2.0.tgz 1318ms (cache miss)
3458 http fetch GET 200 https://registry.npmjs.org/ansi-styles/-/ansi-styles-4.3.0.tgz 1328ms (cache miss)
3459 http fetch GET 200 https://registry.npmjs.org/color-convert/-/color-convert-2.0.1.tgz 1328ms (cache miss)
3460 http fetch GET 200 https://registry.npmjs.org/json-schema-traverse/-/json-schema-traverse-0.4.1.tgz 1330ms (cache miss)
3461 http fetch GET 200 https://registry.npmjs.org/eslint-plugin-react/-/eslint-plugin-react-7.37.5.tgz 1342ms (cache miss)
3462 http fetch GET 200 https://registry.npmjs.org/fast-json-stable-stringify/-/fast-json-stable-stringify-2.1.0.tgz 1353ms (cache miss)
3463 http fetch GET 200 https://registry.npmjs.org/run-parallel/-/run-parallel-1.2.0.tgz 1353ms (cache miss)
3464 http fetch GET 200 https://registry.npmjs.org/fastq/-/fastq-1.19.1.tgz 1359ms (cache miss)
3465 http fetch GET 200 https://registry.npmjs.org/@nodelib/fs.stat/-/fs.stat-2.0.5.tgz 1367ms (cache miss)
3466 http fetch GET 200 https://registry.npmjs.org/@humanwhocodes/object-schema/-/object-schema-2.0.3.tgz 1368ms (cache miss)
3467 warn deprecated @humanwhocodes/object-schema@2.0.3: Use @eslint/object-schema instead
3468 http fetch GET 200 https://registry.npmjs.org/strip-json-comments/-/strip-json-comments-3.1.1.tgz 1409ms (cache miss)
3469 http fetch GET 200 https://registry.npmjs.org/uri-js/-/uri-js-4.4.1.tgz 1411ms (cache miss)
3470 http fetch GET 200 https://registry.npmjs.org/strip-ansi/-/strip-ansi-6.0.1.tgz 1411ms (cache miss)
3471 http fetch GET 200 https://registry.npmjs.org/import-fresh/-/import-fresh-3.3.1.tgz 1422ms (cache miss)
3472 http fetch GET 200 https://registry.npmjs.org/optionator/-/optionator-0.9.4.tgz 1422ms (cache miss)
3473 http fetch GET 200 https://registry.npmjs.org/@nodelib/fs.scandir/-/fs.scandir-2.1.5.tgz 1425ms (cache miss)
3474 http fetch GET 200 https://registry.npmjs.org/natural-compare/-/natural-compare-1.4.0.tgz 1451ms (cache miss)
3475 http fetch GET 200 https://registry.npmjs.org/json-stable-stringify-without-jsonify/-/json-stable-stringify-without-jsonify-1.0.1.tgz 1451ms (cache miss)
3476 http fetch GET 200 https://registry.npmjs.org/is-path-inside/-/is-path-inside-3.0.3.tgz 1467ms (cache miss)
3477 http fetch GET 200 https://registry.npmjs.org/lodash.merge/-/lodash.merge-4.6.2.tgz 1469ms (cache miss)
3478 http fetch GET 200 https://registry.npmjs.org/minimatch/-/minimatch-3.1.2.tgz 1480ms (cache miss)
3479 http fetch GET 200 https://registry.npmjs.org/is-glob/-/is-glob-4.0.3.tgz 1491ms (cache miss)
3480 http fetch GET 200 https://registry.npmjs.org/text-table/-/text-table-0.2.0.tgz 1500ms (cache miss)
3481 http fetch GET 200 https://registry.npmjs.org/globals/-/globals-13.24.0.tgz 1502ms (cache miss)
3482 http fetch GET 200 https://registry.npmjs.org/js-yaml/-/js-yaml-4.1.1.tgz 1520ms (cache miss)
3483 http fetch GET 200 https://registry.npmjs.org/ignore/-/ignore-5.3.2.tgz 1537ms (cache miss)
3484 http fetch GET 200 https://registry.npmjs.org/glob-parent/-/glob-parent-6.0.2.tgz 1538ms (cache miss)
3485 http fetch GET 200 https://registry.npmjs.org/find-up/-/find-up-5.0.0.tgz 1551ms (cache miss)
3486 http fetch GET 200 https://registry.npmjs.org/file-entry-cache/-/file-entry-cache-6.0.1.tgz 1551ms (cache miss)
3487 http fetch GET 200 https://registry.npmjs.org/fast-deep-equal/-/fast-deep-equal-3.1.3.tgz 1551ms (cache miss)
3488 http fetch GET 200 https://registry.npmjs.org/esutils/-/esutils-2.0.3.tgz 1588ms (cache miss)
3489 http fetch GET 200 https://registry.npmjs.org/graphemer/-/graphemer-1.4.0.tgz 1595ms (cache miss)
3490 http fetch GET 200 https://registry.npmjs.org/espree/-/espree-9.6.1.tgz 1596ms (cache miss)
3491 http fetch GET 200 https://registry.npmjs.org/levn/-/levn-0.4.1.tgz 1624ms (cache miss)
3492 http fetch GET 200 https://registry.npmjs.org/eslint-visitor-keys/-/eslint-visitor-keys-3.4.3.tgz 1629ms (cache miss)
3493 http fetch GET 200 https://registry.npmjs.org/eslint-plugin-import/-/eslint-plugin-import-2.32.0.tgz 1640ms (cache miss)
3494 http fetch GET 200 https://registry.npmjs.org/esquery/-/esquery-1.6.0.tgz 1640ms (cache miss)
3495 http fetch GET 200 https://registry.npmjs.org/escape-string-regexp/-/escape-string-regexp-4.0.0.tgz 1641ms (cache miss)
3496 http fetch GET 200 https://registry.npmjs.org/eslint-scope/-/eslint-scope-7.2.2.tgz 1644ms (cache miss)
3497 http fetch GET 200 https://registry.npmjs.org/doctrine/-/doctrine-3.0.0.tgz 1645ms (cache miss)
3498 http fetch GET 200 https://registry.npmjs.org/debug/-/debug-4.4.3.tgz 1647ms (cache miss)
3499 http fetch GET 200 https://registry.npmjs.org/chalk/-/chalk-4.1.2.tgz 1662ms (cache miss)
3500 http fetch GET 200 https://registry.npmjs.org/cross-spawn/-/cross-spawn-7.0.6.tgz 1664ms (cache miss)
3501 http fetch GET 200 https://registry.npmjs.org/@typescript-eslint/types/-/types-7.2.0.tgz 1671ms (cache miss)
3502 http fetch GET 200 https://registry.npmjs.org/@ungap/structured-clone/-/structured-clone-1.3.0.tgz 1686ms (cache miss)
3503 http fetch GET 200 https://registry.npmjs.org/@eslint/js/-/js-8.57.1.tgz 1686ms (cache miss)
3504 http fetch GET 200 https://registry.npmjs.org/@nodelib/fs.walk/-/fs.walk-1.2.8.tgz 1703ms (cache miss)
3505 http fetch GET 200 https://registry.npmjs.org/@humanwhocodes/config-array/-/config-array-0.13.0.tgz 1704ms (cache miss)
3506 warn deprecated @humanwhocodes/config-array@0.13.0: Use @eslint/config-array instead
3507 http fetch GET 200 https://registry.npmjs.org/imurmurhash/-/imurmurhash-0.1.4.tgz 1709ms (cache miss)
3508 http fetch GET 200 https://registry.npmjs.org/@typescript-eslint/parser/-/parser-7.2.0.tgz 1717ms (cache miss)
3509 http fetch GET 200 https://registry.npmjs.org/@next/eslint-plugin-next/-/eslint-plugin-next-14.2.5.tgz 1721ms (cache miss)
3510 http fetch GET 200 https://registry.npmjs.org/@eslint/eslintrc/-/eslintrc-2.1.4.tgz 1734ms (cache miss)
3511 http fetch GET 200 https://registry.npmjs.org/update-browserslist-db/-/update-browserslist-db-1.1.4.tgz 1749ms (cache miss)
3512 http fetch GET 200 https://registry.npmjs.org/node-releases/-/node-releases-2.0.27.tgz 1751ms (cache miss)
3513 http fetch GET 200 https://registry.npmjs.org/postcss-value-parser/-/postcss-value-parser-4.2.0.tgz 1766ms (cache miss)
3514 http fetch GET 200 https://registry.npmjs.org/@humanwhocodes/module-importer/-/module-importer-1.0.1.tgz 1769ms (cache miss)
3515 http fetch GET 200 https://registry.npmjs.org/electron-to-chromium/-/electron-to-chromium-1.5.254.tgz 1776ms (cache miss)
3516 http fetch GET 200 https://registry.npmjs.org/fraction.js/-/fraction.js-5.3.4.tgz 1783ms (cache miss)
3517 http fetch GET 200 https://registry.npmjs.org/normalize-range/-/normalize-range-0.1.2.tgz 1791ms (cache miss)
3518 http fetch GET 200 https://registry.npmjs.org/baseline-browser-mapping/-/baseline-browser-mapping-2.8.28.tgz 1793ms (cache miss)
3519 http fetch GET 200 https://registry.npmjs.org/picocolors/-/picocolors-1.1.1.tgz 1819ms (cache miss)
3520 http fetch GET 200 https://registry.npmjs.org/@typescript-eslint/visitor-keys/-/visitor-keys-7.2.0.tgz 1838ms (cache miss)
3521 http fetch GET 200 https://registry.npmjs.org/@typescript-eslint/typescript-estree/-/typescript-estree-7.2.0.tgz 1843ms (cache miss)
3522 http fetch GET 200 https://registry.npmjs.org/browserslist/-/browserslist-4.28.0.tgz 1865ms (cache miss)
3523 http fetch GET 200 https://registry.npmjs.org/@types/prop-types/-/prop-types-15.7.15.tgz 1867ms (cache miss)
3524 http fetch GET 200 https://registry.npmjs.org/undici-types/-/undici-types-6.21.0.tgz 1876ms (cache miss)
3525 http fetch GET 200 https://registry.npmjs.org/ws/-/ws-8.18.3.tgz 1907ms (cache miss)
3526 http fetch GET 200 https://registry.npmjs.org/@types/phoenix/-/phoenix-1.6.6.tgz 1921ms (cache miss)
3527 http fetch GET 200 https://registry.npmjs.org/tslib/-/tslib-2.8.1.tgz 1925ms (cache miss)
3528 http fetch GET 200 https://registry.npmjs.org/@supabase/postgrest-js/-/postgrest-js-2.81.1.tgz 1946ms (cache miss)
3529 http fetch GET 200 https://registry.npmjs.org/@types/ws/-/ws-8.18.1.tgz 1983ms (cache miss)
3530 http fetch GET 200 https://registry.npmjs.org/@eslint-community/eslint-utils/-/eslint-utils-4.9.0.tgz 1989ms (cache miss)
3531 http fetch GET 200 https://registry.npmjs.org/ajv/-/ajv-6.12.6.tgz 1990ms (cache miss)
3532 http fetch GET 200 https://registry.npmjs.org/caniuse-lite/-/caniuse-lite-1.0.30001755.tgz 2046ms (cache miss)
3533 http fetch GET 200 https://registry.npmjs.org/@next/env/-/env-14.2.5.tgz 2093ms (cache miss)
3534 http fetch GET 200 https://registry.npmjs.org/@eslint-community/regexpp/-/regexpp-4.12.2.tgz 2073ms (cache miss)
3535 http fetch GET 200 https://registry.npmjs.org/@typescript-eslint/scope-manager/-/scope-manager-7.2.0.tgz 2104ms (cache miss)
3536 http fetch GET 200 https://registry.npmjs.org/eslint-config-next/-/eslint-config-next-14.2.5.tgz 2112ms (cache miss)
3537 http fetch GET 200 https://registry.npmjs.org/@types/react-dom/-/react-dom-18.3.7.tgz 2197ms (cache miss)
3538 http fetch GET 200 https://registry.npmjs.org/react/-/react-18.3.1.tgz 2208ms (cache miss)
3539 http fetch GET 200 https://registry.npmjs.org/@types/react/-/react-18.3.26.tgz 2221ms (cache miss)
3540 http fetch GET 200 https://registry.npmjs.org/postcss/-/postcss-8.5.6.tgz 2225ms (cache miss)
3541 http fetch GET 200 https://registry.npmjs.org/@supabase/storage-js/-/storage-js-2.81.1.tgz 2240ms (cache miss)
3542 http fetch GET 200 https://registry.npmjs.org/glob-parent/-/glob-parent-5.1.2.tgz 2301ms (cache miss)
3543 http fetch GET 200 https://registry.npmjs.org/ansi-regex/-/ansi-regex-6.2.2.tgz 2322ms (cache miss)
3544 http fetch GET 200 https://registry.npmjs.org/autoprefixer/-/autoprefixer-10.4.22.tgz 2341ms (cache miss)
3545 http fetch GET 200 https://registry.npmjs.org/ansi-styles/-/ansi-styles-6.2.3.tgz 2356ms (cache miss)
3546 http fetch GET 200 https://registry.npmjs.org/emoji-regex/-/emoji-regex-8.0.0.tgz 2421ms (cache miss)
3547 http fetch GET 200 https://registry.npmjs.org/strip-ansi/-/strip-ansi-7.1.2.tgz 2421ms (cache miss)
3548 http fetch GET 200 https://registry.npmjs.org/strip-ansi/-/strip-ansi-7.1.2.tgz 2511ms (cache miss)
3549 http fetch GET 200 https://registry.npmjs.org/strip-ansi/-/strip-ansi-7.1.2.tgz 2521ms (cache miss)
3550 http fetch GET 200 https://registry.npmjs.org/@supabase/realtime-js/-/realtime-js-2.81.1.tgz 2604ms (cache miss)
3551 http fetch GET 200 https://registry.npmjs.org/@supabase/functions-js/-/functions-js-2.81.1.tgz 2618ms (cache miss)
3552 http fetch GET 200 https://registry.npmjs.org/@supabase/auth-js/-/auth-js-2.81.1.tgz 2619ms (cache miss)
3553 http fetch GET 200 https://registry.npmjs.org/@types/node/-/node-20.19.25.tgz 2619ms (cache miss)
3554 http fetch GET 200 https://registry.npmjs.org/string-width/-/string-width-4.2.3.tgz 2624ms (cache miss)
3555 http fetch GET 200 https://registry.npmjs.org/ansi-regex/-/ansi-regex-6.2.2.tgz 2625ms (cache miss)
3556 http fetch GET 200 https://registry.npmjs.org/glob/-/glob-7.2.3.tgz 2637ms (cache miss)
3557 warn deprecated glob@7.2.3: Glob versions prior to v9 are no longer supported
3558 http fetch GET 200 https://registry.npmjs.org/emoji-regex/-/emoji-regex-8.0.0.tgz 2703ms (cache miss)
3559 http fetch GET 200 https://registry.npmjs.org/debug/-/debug-3.2.7.tgz 2706ms (cache miss)
3560 http fetch GET 200 https://registry.npmjs.org/picomatch/-/picomatch-4.0.3.tgz 2717ms (cache miss)
3561 http fetch GET 200 https://registry.npmjs.org/brace-expansion/-/brace-expansion-2.0.2.tgz 2720ms (cache miss)
3562 http fetch GET 200 https://registry.npmjs.org/glob-parent/-/glob-parent-5.1.2.tgz 2738ms (cache miss)
3563 http fetch GET 200 https://registry.npmjs.org/fdir/-/fdir-6.5.0.tgz 2738ms (cache miss)
3564 http fetch GET 200 https://registry.npmjs.org/ansi-regex/-/ansi-regex-6.2.2.tgz 2741ms (cache miss)
3565 http fetch GET 200 https://registry.npmjs.org/@supabase/supabase-js/-/supabase-js-2.81.1.tgz 2786ms (cache miss)
3566 http fetch GET 200 https://registry.npmjs.org/brace-expansion/-/brace-expansion-2.0.2.tgz 2789ms (cache miss)
3567 http fetch GET 200 https://registry.npmjs.org/minimatch/-/minimatch-9.0.5.tgz 2804ms (cache miss)
3568 http fetch GET 200 https://registry.npmjs.org/semver/-/semver-6.3.1.tgz 2818ms (cache miss)
3569 http fetch GET 200 https://registry.npmjs.org/minimatch/-/minimatch-9.0.3.tgz 2833ms (cache miss)
3570 http fetch GET 200 https://registry.npmjs.org/csstype/-/csstype-3.2.2.tgz 2863ms (cache miss)
3571 http fetch GET 200 https://registry.npmjs.org/doctrine/-/doctrine-2.1.0.tgz 2884ms (cache miss)
3572 http fetch GET 200 https://registry.npmjs.org/semver/-/semver-6.3.1.tgz 2899ms (cache miss)
3573 http fetch GET 200 https://registry.npmjs.org/debug/-/debug-3.2.7.tgz 2900ms (cache miss)
3574 http fetch GET 200 https://registry.npmjs.org/resolve/-/resolve-2.0.0-next.5.tgz 2908ms (cache miss)
3575 http fetch GET 200 https://registry.npmjs.org/doctrine/-/doctrine-2.1.0.tgz 2907ms (cache miss)
3576 http fetch GET 200 https://registry.npmjs.org/postcss/-/postcss-8.4.31.tgz 2925ms (cache miss)
3577 http fetch GET 200 https://registry.npmjs.org/debug/-/debug-3.2.7.tgz 3028ms (cache miss)
3578 http fetch GET 200 https://registry.npmjs.org/next 3338ms (cache miss)
3579 silly packumentCache corgi:https://registry.npmjs.org/next set size:undefined disposed:false
3580 http fetch GET 200 https://registry.npmjs.org/react-dom/-/react-dom-18.3.1.tgz 3957ms (cache miss)
3581 http fetch GET 200 https://registry.npmjs.org/eslint/-/eslint-8.57.1.tgz 3971ms (cache miss)
3582 warn deprecated eslint@8.57.1: This version is no longer supported. Please see https://eslint.org/version-support for other options.
3583 http fetch GET 200 https://registry.npmjs.org/tailwindcss/-/tailwindcss-3.4.18.tgz 3979ms (cache miss)
3584 http fetch GET 200 https://registry.npmjs.org/typescript/-/typescript-5.9.3.tgz 5752ms (cache miss)
3585 http fetch GET 200 https://registry.npmjs.org/next/-/next-14.2.5.tgz 8768ms (cache miss)
3586 http fetch GET 200 https://registry.npmjs.org/@next/swc-darwin-arm64/-/swc-darwin-arm64-14.2.5.tgz 13842ms (cache miss)
3587 info run fsevents@2.3.3 install node_modules/fsevents node-gyp rebuild
3588 info run fsevents@2.3.3 install { code: 1, signal: null }
3589 verbose reify failed optional dependency /Users/sagar/Desktop/Everything else/Startup/ripple-MVP/node_modules/fsevents
3590 silly reify mark deleted [
3590 silly reify   '/Users/sagar/Desktop/Everything else/Startup/ripple-MVP/node_modules/fsevents'
3590 silly reify ]
3591 info run unrs-resolver@1.11.1 postinstall node_modules/unrs-resolver napi-postinstall unrs-resolver 1.11.1 check
3592 info run unrs-resolver@1.11.1 postinstall { code: 0, signal: null }
3593 silly ADD node_modules/wrappy
3594 silly ADD node_modules/path-is-absolute
3595 silly ADD node_modules/once
3596 silly ADD node_modules/inherits
3597 silly ADD node_modules/inflight
3598 silly ADD node_modules/fs.realpath
3599 silly ADD node_modules/is-weakset
3600 silly ADD node_modules/is-weakmap
3601 silly ADD node_modules/is-map
3602 silly ADD node_modules/generator-function
3603 silly ADD node_modules/async-function
3604 silly ADD node_modules/which-collection
3605 silly ADD node_modules/is-generator-function
3606 silly ADD node_modules/is-finalizationregistry
3607 silly ADD node_modules/is-async-function
3608 silly ADD node_modules/is-number-object
3609 silly ADD node_modules/is-boolean-object
3610 silly ADD node_modules/is-bigint
3611 silly ADD node_modules/isexe
3612 silly ADD node_modules/punycode
3613 silly ADD node_modules/escalade
3614 silly ADD node_modules/napi-postinstall
3615 silly ADD node_modules/@unrs/resolver-binding-darwin-arm64
3616 silly ADD node_modules/which-boxed-primitive
3617 silly ADD node_modules/has-bigints
3618 silly ADD node_modules/which-builtin-type
3619 silly ADD node_modules/reflect.getprototypeof
3620 silly ADD node_modules/for-each
3621 silly ADD node_modules/strip-bom
3622 silly ADD node_modules/minimist
3623 silly ADD node_modules/json5
3624 silly ADD node_modules/@types/json5
3625 silly ADD node_modules/is-number
3626 silly ADD node_modules/thenify
3627 silly ADD node_modules/thenify-all
3628 silly ADD node_modules/any-promise
3629 silly ADD node_modules/@jridgewell/resolve-uri
3630 silly ADD node_modules/@jridgewell/trace-mapping
3631 silly ADD node_modules/@jridgewell/sourcemap-codec
3632 silly ADD node_modules/ts-interface-checker
3633 silly ADD node_modules/pirates
3634 silly ADD node_modules/mz
3635 silly ADD node_modules/lines-and-columns
3636 silly ADD node_modules/commander
3637 silly ADD node_modules/@jridgewell/gen-mapping
3638 silly ADD node_modules/pify
3639 silly ADD node_modules/util-deprecate
3640 silly ADD node_modules/cssesc
3641 silly ADD node_modules/camelcase-css
3642 silly ADD node_modules/read-cache
3643 silly ADD node_modules/binary-extensions
3644 silly ADD node_modules/readdirp
3645 silly ADD node_modules/is-binary-path
3646 silly ADD
3647 silly ADD node_modules/anymatch
3648 silly ADD node_modules/sucrase
3649 silly ADD node_modules/postcss-selector-parser
3650 silly ADD node_modules/postcss-nested
3651 silly ADD node_modules/postcss-load-config
3652 silly ADD node_modules/postcss-js
3653 silly ADD node_modules/postcss-import
3654 silly ADD node_modules/object-hash
3655 silly ADD node_modules/normalize-path
3656 silly ADD node_modules/lilconfig
3657 silly ADD node_modules/jiti
3658 silly ADD node_modules/dlv
3659 silly ADD node_modules/didyoumean
3660 silly ADD node_modules/chokidar
3661 silly ADD node_modules/chokidar/node_modules/glob-parent
3662 silly ADD node_modules/arg
3663 silly ADD node_modules/@alloc/quick-lru
3664 silly ADD node_modules/has-flag
3665 silly ADD node_modules/client-only
3666 silly ADD node_modules/ansi-regex
3667 silly ADD node_modules/is-fullwidth-code-point
3668 silly ADD node_modules/eastasianwidth
3669 silly ADD node_modules/side-channel-weakmap
3670 silly ADD node_modules/side-channel-map
3671 silly ADD node_modules/side-channel-list
3672 silly ADD node_modules/shebang-regex
3673 silly ADD node_modules/isarray
3674 silly ADD node_modules/queue-microtask
3675 silly ADD node_modules/supports-preserve-symlinks-flag
3676 silly ADD node_modules/path-parse
3677 silly ADD node_modules/scheduler
3678 silly ADD node_modules/js-tokens
3679 silly ADD node_modules/react-is
3680 silly ADD node_modules/object-assign
3681 silly ADD node_modules/loose-envify
3682 silly ADD node_modules/source-map-js
3683 silly ADD node_modules/nanoid
3684 silly ADD node_modules/lru-cache
3685 silly ADD node_modules/callsites
3686 silly ADD node_modules/yocto-queue
3687 silly ADD node_modules/p-limit
3688 silly ADD node_modules/word-wrap
3689 silly ADD node_modules/fast-levenshtein
3690 silly ADD node_modules/deep-is
3691 silly ADD node_modules/streamsearch
3692 silly ADD node_modules/@swc/counter
3693 silly ADD node_modules/styled-jsx
3694 silly ADD node_modules/graceful-fs
3695 silly ADD node_modules/busboy
3696 silly ADD node_modules/@swc/helpers
3697 silly ADD node_modules/@next/swc-darwin-arm64
3698 silly ADD node_modules/@next/env
3699 silly ADD node_modules/concat-map
3700 silly ADD node_modules/balanced-match
3701 silly ADD node_modules/brace-expansion
3702 silly ADD node_modules/to-regex-range
3703 silly ADD node_modules/fill-range
3704 silly ADD node_modules/picomatch
3705 silly ADD node_modules/braces
3706 silly ADD node_modules/p-locate
3707 silly ADD node_modules/type-check
3708 silly ADD node_modules/prelude-ls
3709 silly ADD node_modules/language-subtag-registry
3710 silly ADD node_modules/json-buffer
3711 silly ADD node_modules/argparse
3712 silly ADD node_modules/wrap-ansi-cjs
3713 silly ADD node_modules/wrap-ansi-cjs/node_modules/emoji-regex
3714 silly ADD node_modules/wrap-ansi-cjs/node_modules/string-width
3715 silly ADD node_modules/wrap-ansi
3716 silly ADD node_modules/wrap-ansi/node_modules/ansi-regex
3717 silly ADD node_modules/wrap-ansi/node_modules/strip-ansi
3718 silly ADD node_modules/wrap-ansi/node_modules/ansi-styles
3719 silly ADD node_modules/strip-ansi-cjs
3720 silly ADD node_modules/string-width-cjs
3721 silly ADD node_modules/string-width-cjs/node_modules/emoji-regex
3722 silly ADD node_modules/string-width
3723 silly ADD node_modules/string-width/node_modules/ansi-regex
3724 silly ADD node_modules/string-width/node_modules/strip-ansi
3725 silly ADD node_modules/@pkgjs/parseargs
3726 silly ADD node_modules/@isaacs/cliui
3727 silly ADD node_modules/@isaacs/cliui/node_modules/ansi-regex
3728 silly ADD node_modules/@isaacs/cliui/node_modules/strip-ansi
3729 silly ADD node_modules/set-function-name
3730 silly ADD node_modules/is-extglob
3731 silly ADD node_modules/side-channel
3732 silly ADD node_modules/resolve-from
3733 silly ADD node_modules/parent-module
3734 silly ADD node_modules/micromatch
3735 silly ADD node_modules/path-type
3736 silly ADD node_modules/slash
3737 silly ADD node_modules/merge2
3738 silly ADD node_modules/fast-glob
3739 silly ADD node_modules/fast-glob/node_modules/glob-parent
3740 silly ADD node_modules/dir-glob
3741 silly ADD node_modules/array-union
3742 silly ADD node_modules/type-fest
3743 silly ADD node_modules/signal-exit
3744 silly ADD node_modules/path-scurry
3745 silly ADD node_modules/minipass
3746 silly ADD node_modules/jackspeak
3747 silly ADD node_modules/foreground-child
3748 silly ADD node_modules/resolve-pkg-maps
3749 silly ADD node_modules/dunder-proto
3750 silly ADD node_modules/functions-have-names
3751 silly ADD node_modules/rimraf
3752 silly ADD node_modules/rimraf/node_modules/glob
3753 silly ADD node_modules/keyv
3754 silly ADD node_modules/flatted
3755 silly ADD node_modules/path-exists
3756 silly ADD node_modules/locate-path
3757 silly ADD node_modules/flat-cache
3758 silly ADD node_modules/reusify
3759 silly ADD node_modules/acorn-jsx
3760 silly ADD node_modules/acorn
3761 silly ADD node_modules/esrecurse
3762 silly ADD node_modules/iterator.prototype
3763 silly ADD node_modules/string.prototype.repeat
3764 silly ADD node_modules/string.prototype.matchall
3765 silly ADD node_modules/prop-types
3766 silly ADD node_modules/object.entries
3767 silly ADD node_modules/estraverse
3768 silly ADD node_modules/es-iterator-helpers
3769 silly ADD node_modules/array.prototype.tosorted
3770 silly ADD node_modules/array.prototype.findlast
3771 silly ADD node_modules/string.prototype.includes
3772 silly ADD node_modules/language-tags
3773 silly ADD node_modules/jsx-ast-utils
3774 silly ADD node_modules/emoji-regex
3775 silly ADD node_modules/damerau-levenshtein
3776 silly ADD node_modules/axobject-query
3777 silly ADD node_modules/axe-core
3778 silly ADD node_modules/ast-types-flow
3779 silly ADD node_modules/aria-query
3780 silly ADD node_modules/is-symbol
3781 silly ADD node_modules/is-date-object
3782 silly ADD node_modules/has-tostringtag
3783 silly ADD node_modules/possible-typed-array-names
3784 silly ADD node_modules/which-typed-array
3785 silly ADD node_modules/unbox-primitive
3786 silly ADD node_modules/typed-array-length
3787 silly ADD node_modules/typed-array-byte-offset
3788 silly ADD node_modules/typed-array-byte-length
3789 silly ADD node_modules/typed-array-buffer
3790 silly ADD node_modules/string.prototype.trimstart
3791 silly ADD node_modules/string.prototype.trim
3792 silly ADD node_modules/stop-iteration-iterator
3793 silly ADD node_modules/set-proto
3794 silly ADD node_modules/safe-regex-test
3795 silly ADD node_modules/safe-push-apply
3796 silly ADD node_modules/safe-array-concat
3797 silly ADD node_modules/regexp.prototype.flags
3798 silly ADD node_modules/own-keys
3799 silly ADD node_modules/object.assign
3800 silly ADD node_modules/object-inspect
3801 silly ADD node_modules/is-weakref
3802 silly ADD node_modules/is-typed-array
3803 silly ADD node_modules/is-shared-array-buffer
3804 silly ADD node_modules/is-set
3805 silly ADD node_modules/is-regex
3806 silly ADD node_modules/is-negative-zero
3807 silly ADD node_modules/is-data-view
3808 silly ADD node_modules/is-callable
3809 silly ADD node_modules/is-array-buffer
3810 silly ADD node_modules/internal-slot
3811 silly ADD node_modules/has-symbols
3812 silly ADD node_modules/has-proto
3813 silly ADD node_modules/globalthis
3814 silly ADD node_modules/get-symbol-description
3815 silly ADD node_modules/get-proto
3816 silly ADD node_modules/function.prototype.name
3817 silly ADD node_modules/es-to-primitive
3818 silly ADD node_modules/es-set-tostringtag
3819 silly ADD node_modules/data-view-byte-offset
3820 silly ADD node_modules/data-view-byte-length
3821 silly ADD node_modules/data-view-buffer
3822 silly ADD node_modules/available-typed-arrays
3823 silly ADD node_modules/arraybuffer.prototype.slice
3824 silly ADD node_modules/array-buffer-byte-length
3825 silly ADD node_modules/gopd
3826 silly ADD node_modules/object-keys
3827 silly ADD node_modules/has-property-descriptors
3828 silly ADD node_modules/define-data-property
3829 silly ADD node_modules/function-bind
3830 silly ADD node_modules/set-function-length
3831 silly ADD node_modules/es-define-property
3832 silly ADD node_modules/call-bind-apply-helpers
3833 silly ADD node_modules/es-shim-unscopables
3834 silly ADD node_modules/es-errors
3835 silly ADD node_modules/math-intrinsics
3836 silly ADD node_modules/is-string
3837 silly ADD node_modules/get-intrinsic
3838 silly ADD node_modules/es-object-atoms
3839 silly ADD node_modules/es-abstract
3840 silly ADD node_modules/define-properties
3841 silly ADD node_modules/call-bound
3842 silly ADD node_modules/call-bind
3843 silly ADD node_modules/tsconfig-paths
3844 silly ADD node_modules/string.prototype.trimend
3845 silly ADD node_modules/object.values
3846 silly ADD node_modules/object.groupby
3847 silly ADD node_modules/object.fromentries
3848 silly ADD node_modules/hasown
3849 silly ADD node_modules/eslint-module-utils
3850 silly ADD node_modules/eslint-module-utils/node_modules/debug
3851 silly ADD node_modules/array.prototype.flatmap
3852 silly ADD node_modules/array.prototype.flat
3853 silly ADD node_modules/array.prototype.findlastindex
3854 silly ADD node_modules/array-includes
3855 silly ADD node_modules/@rtsao/scc
3856 silly ADD node_modules/unrs-resolver
3857 silly ADD node_modules/tinyglobby
3858 silly ADD node_modules/tinyglobby/node_modules/picomatch
3859 silly ADD node_modules/tinyglobby/node_modules/fdir
3860 silly ADD node_modules/stable-hash
3861 silly ADD node_modules/is-bun-module
3862 silly ADD node_modules/get-tsconfig
3863 silly ADD node_modules/@nolyfill/is-core-module
3864 silly ADD node_modules/resolve
3865 silly ADD node_modules/is-core-module
3866 silly ADD node_modules/ts-api-utils
3867 silly ADD node_modules/semver
3868 silly ADD node_modules/globby
3869 silly ADD node_modules/@typescript-eslint/visitor-keys
3870 silly ADD node_modules/@typescript-eslint/typescript-estree
3871 silly ADD node_modules/@typescript-eslint/typescript-estree/node_modules/brace-expansion
3872 silly ADD node_modules/@typescript-eslint/typescript-estree/node_modules/minimatch
3873 silly ADD node_modules/@typescript-eslint/types
3874 silly ADD node_modules/@typescript-eslint/scope-manager
3875 silly ADD node_modules/glob
3876 silly ADD node_modules/glob/node_modules/brace-expansion
3877 silly ADD node_modules/glob/node_modules/minimatch
3878 silly ADD node_modules/eslint-plugin-react-hooks
3879 silly ADD node_modules/eslint-plugin-react
3880 silly ADD node_modules/eslint-plugin-react/node_modules/semver
3881 silly ADD node_modules/eslint-plugin-react/node_modules/resolve
3882 silly ADD node_modules/eslint-plugin-react/node_modules/doctrine
3883 silly ADD node_modules/eslint-plugin-jsx-a11y
3884 silly ADD node_modules/eslint-plugin-import
3885 silly ADD node_modules/eslint-plugin-import/node_modules/semver
3886 silly ADD node_modules/eslint-plugin-import/node_modules/doctrine
3887 silly ADD node_modules/eslint-plugin-import/node_modules/debug
3888 silly ADD node_modules/eslint-import-resolver-typescript
3889 silly ADD node_modules/eslint-import-resolver-node
3890 silly ADD node_modules/eslint-import-resolver-node/node_modules/debug
3891 silly ADD node_modules/@typescript-eslint/parser
3892 silly ADD node_modules/@rushstack/eslint-patch
3893 silly ADD node_modules/@next/eslint-plugin-next
3894 silly ADD node_modules/ms
3895 silly ADD node_modules/which
3896 silly ADD node_modules/shebang-command
3897 silly ADD node_modules/path-key
3898 silly ADD node_modules/color-name
3899 silly ADD node_modules/color-convert
3900 silly ADD node_modules/supports-color
3901 silly ADD node_modules/ansi-styles
3902 silly ADD node_modules/uri-js
3903 silly ADD node_modules/json-schema-traverse
3904 silly ADD node_modules/fast-json-stable-stringify
3905 silly ADD node_modules/run-parallel
3906 silly ADD node_modules/@nodelib/fs.stat
3907 silly ADD node_modules/fastq
3908 silly ADD node_modules/@nodelib/fs.scandir
3909 silly ADD node_modules/@humanwhocodes/object-schema
3910 silly ADD node_modules/strip-json-comments
3911 silly ADD node_modules/import-fresh
3912 silly ADD node_modules/text-table
3913 silly ADD node_modules/strip-ansi
3914 silly ADD node_modules/optionator
3915 silly ADD node_modules/natural-compare
3916 silly ADD node_modules/minimatch
3917 silly ADD node_modules/lodash.merge
3918 silly ADD node_modules/levn
3919 silly ADD node_modules/json-stable-stringify-without-jsonify
3920 silly ADD node_modules/js-yaml
3921 silly ADD node_modules/is-path-inside
3922 silly ADD node_modules/is-glob
3923 silly ADD node_modules/imurmurhash
3924 silly ADD node_modules/ignore
3925 silly ADD node_modules/graphemer
3926 silly ADD node_modules/globals
3927 silly ADD node_modules/glob-parent
3928 silly ADD node_modules/find-up
3929 silly ADD node_modules/file-entry-cache
3930 silly ADD node_modules/fast-deep-equal
3931 silly ADD node_modules/esutils
3932 silly ADD node_modules/esquery
3933 silly ADD node_modules/espree
3934 silly ADD node_modules/eslint-visitor-keys
3935 silly ADD node_modules/eslint-scope
3936 silly ADD node_modules/escape-string-regexp
3937 silly ADD node_modules/doctrine
3938 silly ADD node_modules/debug
3939 silly ADD node_modules/cross-spawn
3940 silly ADD node_modules/chalk
3941 silly ADD node_modules/ajv
3942 silly ADD node_modules/@ungap/structured-clone
3943 silly ADD node_modules/@nodelib/fs.walk
3944 silly ADD node_modules/@humanwhocodes/module-importer
3945 silly ADD node_modules/@humanwhocodes/config-array
3946 silly ADD node_modules/@eslint/js
3947 silly ADD node_modules/@eslint/eslintrc
3948 silly ADD node_modules/@eslint-community/regexpp
3949 silly ADD node_modules/@eslint-community/eslint-utils
3950 silly ADD node_modules/update-browserslist-db
3951 silly ADD node_modules/node-releases
3952 silly ADD node_modules/electron-to-chromium
3953 silly ADD node_modules/baseline-browser-mapping
3954 silly ADD node_modules/postcss-value-parser
3955 silly ADD node_modules/picocolors
3956 silly ADD node_modules/normalize-range
3957 silly ADD node_modules/fraction.js
3958 silly ADD node_modules/caniuse-lite
3959 silly ADD node_modules/browserslist
3960 silly ADD node_modules/csstype
3961 silly ADD node_modules/@types/prop-types
3962 silly ADD node_modules/undici-types
3963 silly ADD node_modules/ws
3964 silly ADD node_modules/@types/ws
3965 silly ADD node_modules/@types/phoenix
3966 silly ADD node_modules/tslib
3967 silly ADD node_modules/@supabase/storage-js
3968 silly ADD node_modules/@supabase/realtime-js
3969 silly ADD node_modules/@supabase/postgrest-js
3970 silly ADD node_modules/@supabase/functions-js
3971 silly ADD node_modules/@supabase/auth-js
3972 silly ADD node_modules/typescript
3973 silly ADD node_modules/tailwindcss
3974 silly ADD node_modules/react-dom
3975 silly ADD node_modules/react
3976 silly ADD node_modules/next
3977 silly ADD node_modules/next/node_modules/postcss
3978 silly ADD node_modules/eslint-config-next
3979 silly ADD node_modules/eslint
3980 silly ADD node_modules/postcss
3981 silly ADD node_modules/autoprefixer
3982 silly ADD node_modules/@types/react-dom
3983 silly ADD node_modules/@types/react
3984 silly ADD node_modules/@types/node
3985 silly ADD node_modules/@supabase/supabase-js
3986 verbose cwd /Users/sagar/Desktop/Everything else/Startup/ripple-MVP
3987 verbose os Darwin 25.1.0
3988 verbose node v24.11.1
3989 verbose npm  v11.6.2
3990 verbose exit 0
3991 info ok
